Tarih;Saat;Toplam;Doğal Gaz;Barajlı;Linyit;Akarsu;İthal Kömür;Rüzgar;Güneş;Fuel Oil;Jeotermal;Asfaltit Kömür;Taş Kömür;Biyokütle;Nafta;LNG;Uluslararası;Atık Isı
1.06.2025;00:00;33683,29;3973,2;5546,51;5344,77;3066,13;7449,12;5767,55;0,02;82,61;1282,08;79,48;461,44;939,94;0;0;-388,31;78,75
1.06.2025;01:00;31922,96;3919,76;4440,05;5334,59;2962,07;7223,17;5450,66;0,02;81,95;1295,04;81,69;471,33;933,66;0;0;-349,02;77,99
1.06.2025;02:00;30264,93;3392,73;4162,75;5323,11;2799,71;6676,81;5295,44;0,02;82,65;1302,76;81,69;470,14;941,09;0;0;-342,5;78,53
1.06.2025;03:00;29634,59;2120,49;4727,01;5287,57;2891,98;6571,34;5422,08;0,05;81,7;1305,33;79,48;465,67;934,3;0;0;-325,61;73,2
1.06.2025;04:00;29130,76;1711,66;4193,63;5256,06;2899,93;6965,39;5503,18;2,68;76,91;1309,43;81,69;462,3;943,73;0;0;-348,57;72,74
1.06.2025;05:00;27883,31;1682,94;3307,4;5055,22;2720,07;6997,15;5444,45;84,27;76,33;1312,05;79,48;456,29;940,27;0;0;-347,48;74,87
1.06.2025;06:00;25978,61;1658,85;2914,43;4462,52;2642;5549,17;5384,46;750,31;70;1314,83;81,69;475,38;943,16;0;0;-341,64;73,45
1.06.2025;07:00;23669,84;1509,73;2553,04;4246,77;1907,55;3943,46;5034,06;1931,16;67,69;1297,88;81,69;458,95;920,07;0;0;-355,26;73,05
1.06.2025;08:00;22160,28;1355,22;2624,46;4215,47;977,37;3577,84;4507,19;2100,93;74,16;1279,3;81,69;444,36;910,28;0;0;-65,11;77,12
1.06.2025;09:00;21323,41;1245,94;2545,45;4204,68;868,2;3575,83;4237,74;1824,08;68,41;1250,07;81,69;456,83;928,32;0;0;-45,45;81,62
1.06.2025;10:00;21303,11;1218,41;2352,27;4175,97;845,47;3572,15;4345,09;1805,91;67,65;1232,24;83,9;440,01;924,53;0;0;157,03;82,48
1.06.2025;11:00;21605,32;1239,23;2428,66;4162,77;795,41;3576,22;4342,41;2008,93;69,19;1216,78;86,11;422,88;916,35;0;0;260,51;79,87
1.06.2025;12:00;21634,64;1247,7;2499,68;4197,92;843,22;3576,26;4182,54;2028,11;69,45;1190,86;83,9;320,87;936,75;0;0;378,46;78,92
1.06.2025;13:00;22569,9;1296,03;2744,75;4152,4;999,34;3594,5;4527;2052,67;69,75;1176,48;81,69;313,29;941,28;0;0;539,47;81,25
1.06.2025;14:00;23653,13;1440,17;3057,89;4168,7;1257,09;3590,99;5109,77;1815,83;69,55;1167,6;83,9;325,44;939,45;0;0;546,76;79,99
1.06.2025;15:00;24936,6;1646,89;3414,64;4003,49;1393,31;4015,82;5543,82;1759,02;70,24;1155,45;83,9;326,92;935,58;0;0;510,39;77,13
1.06.2025;16:00;27202,17;1860,56;4346,77;4138,5;1812,09;4105,11;6127,66;1706,9;74,18;1146,44;83,9;319,34;932,2;0;0;469,99;78,53
1.06.2025;17:00;30044,06;2542,45;4996,57;4264,22;2722,52;5405,13;6192,71;945,85;74,2;1144,83;81,69;316,86;945,62;0;0;330,45;80,96
1.06.2025;18:00;32980,84;4028,24;5445,82;4483,32;3072,31;6793,56;5856,76;344,63;77,18;1146,67;83,9;301,11;958,66;0;0;307,96;80,72
1.06.2025;19:00;35152,5;5380,19;7088,02;4600,69;3207,53;7153,11;5367,6;66,86;78,8;1165,88;81,69;308,35;965,35;0;0;-390,79;79,22
1.06.2025;20:00;37064,63;6250,91;8350,63;4671,08;3489,86;7153,63;4863,22;0,84;79,89;1180,22;81,69;310,53;968,13;0;0;-417,21;81,21
1.06.2025;21:00;37171,82;6204,32;8760,54;4731,8;3407,89;7187,4;4475,77;0,02;80,95;1200,88;79,48;447,55;970,74;0;0;-456,62;81,1
1.06.2025;22:00;35660,2;6233,02;7568,1;4762,38;3301,27;7245,63;4067,93;0,02;81,7;1217,88;79,48;449,78;965,84;0;0;-391,46;78,63
1.06.2025;23:00;33953,47;6146,08;6733,92;4704,17;3095,16;7375,23;3420,78;0,01;81,94;1233,56;86,11;449,82;939,8;0;0;-393,05;79,94
2.06.2025;00:00;32285,21;4574,55;6875,01;4780,36;2962;7463,34;3113,84;0,02;82,02;1249,22;99,36;432,2;941,26;0;0;-365,97;78
2.06.2025;01:00;30466,11;4132,02;5711,09;4749,74;2822,73;7451,91;2929,74;0,02;81,41;1265,58;112,6;424,6;934,95;0;0;-227,79;77,51
2.06.2025;02:00;29352,08;4050,53;4615,77;4749,63;2710,27;7616,54;2895,73;0,02;80,15;1279,89;110,4;433,18;941,5;0;0;-205,6;74,07
2.06.2025;03:00;28583,88;3352,98;4246,61;4786,15;2631,53;7906,84;2915,86;0,13;78,37;1291,04;112,6;443,48;943,03;0;0;-199,33;74,59
2.06.2025;04:00;28471,11;2973,55;4360,13;4909,91;2613,19;7900,79;2946,28;2,6;81,06;1296,38;110,4;449,65;947,03;0;0;-193,76;73,9
2.06.2025;05:00;27561,53;2347,22;3875,01;4950,73;2632,56;7953,87;2982,96;70,32;79,29;1309,06;110,4;444,22;945,38;0;0;-212,98;73,49
2.06.2025;06:00;26353,7;2389,84;2952,37;4847,47;2552,89;7503;2823,96;586,48;72,27;1299,23;110,4;447,2;930,86;0;0;-235,18;72,91
2.06.2025;07:00;26692,63;2931,26;2806,89;4924,54;2482,14;7102,91;2501,28;1248,21;80,82;1262,08;110,4;441,24;927,86;0;0;-201,29;74,29
2.06.2025;08:00;29255,24;3424,68;3682,92;5190,99;2646,18;7542,33;2276,54;1743,19;83,93;1228,72;112,6;441,43;948,79;0;0;-142,58;75,52
2.06.2025;09:00;29200,56;3442,99;3203,35;5135,87;2593,59;7508,22;2343,85;2274,09;82,38;1195,28;112,6;439,79;952,13;0;0;-159,3;75,72
2.06.2025;10:00;28825;3609,47;3562,32;5024,17;2531,89;6226,24;2609,82;2642,25;76,62;1166,91;110,4;410,07;925,05;0;0;-140,37;70,16
2.06.2025;11:00;29381,72;2783,58;3286,53;5130,47;2502,34;7330,26;2667,84;2745,92;72,53;1136,03;110,4;418,93;934,16;0;0;189,33;73,4
2.06.2025;12:00;27855,65;2919,78;2698,69;4908,99;2221,08;6733,12;2782,01;2717,03;63,26;1118,46;110,4;424,3;917,2;0;0;171,27;70,06
2.06.2025;13:00;28922,03;3314,54;3078,98;4768,01;2356,36;6306,06;3230,42;2662,28;65,79;1102,57;110,4;419,03;920,91;0;0;515,85;70,83
2.06.2025;14:00;30664,26;3329,68;3506,16;4834,29;2340,53;7289,98;3510,29;2739,72;66,25;1086,88;110,4;434,34;908,08;0;0;438,57;69,09
2.06.2025;15:00;31677,92;4111,2;4458,58;4640,91;2449,64;6592,98;3667,75;2601,67;78,1;1085,52;110,4;443,75;899,09;0;0;470,04;68,29
2.06.2025;16:00;33954,06;4348,14;5620,06;4960,18;2640,75;6951,74;3932,43;2391,04;79,33;1083,94;108,19;455,19;893,81;0;0;418,75;70,51
2.06.2025;17:00;36604,35;6065,38;6346;5037,1;2869,77;7346,62;4141,78;1913,71;81,88;1081,79;110,4;449,02;918,21;0;0;173,67;69,02
2.06.2025;18:00;38225,38;7337,99;7303,77;5053,98;3084,23;7937,73;4196,16;865,9;79,18;1087,98;112,6;446,71;920,3;0;0;-272,79;71,64
2.06.2025;19:00;39554,27;8085,53;8520,43;5030,98;3265,79;8104,85;3993,15;122,06;81,29;1102,25;110,4;456,97;915,05;0;0;-304,82;70,34
2.06.2025;20:00;41105,59;8342,52;9848,07;4993,83;3522,9;7998,86;3924,66;0,86;81,83;1129,64;112,6;451,56;899,84;0;0;-274,94;73,36
2.06.2025;21:00;40732,02;7973,61;10041,71;5009,26;3486,52;7980,22;3732,45;0,02;81,11;1153,98;112,6;456,41;913,65;0;0;-282,16;72,64
2.06.2025;22:00;38983,32;7931,09;8495,31;5020,85;3429;8015,8;3579,74;0,02;81,74;1177,56;112,6;418,32;919,49;0;0;-272,49;74,29
2.06.2025;23:00;36949,62;7433,35;7119,36;5083,01;3291,81;8162,1;3344,76;0,01;81,92;1201,88;112,6;419;913,69;0;0;-282,6;68,73
3.06.2025;00:00;34716,17;6401,55;6095,95;5110,5;3056,94;8159,56;3306,69;0,02;81,03;1215,99;112,6;416,83;899,55;0;0;-221,45;80,41
3.06.2025;01:00;32886,52;6125,75;4768,6;5161,25;2844,37;8160,59;3227,93;0,02;81,57;1242,53;110,4;411,11;890,39;0;0;-214,5;76,51
3.06.2025;02:00;31476,21;5601,6;4295,75;4947,78;2776,4;8157,29;3052,07;0,02;81,44;1259,4;112,6;415,97;899,4;0;0;-206,69;83,18
3.06.2025;03:00;30642,87;5078,13;3974,64;4927,96;2819,24;8132,18;3033,9;0,15;81,23;1274,7;112,6;409,15;899,72;0;0;-196,41;95,68
3.06.2025;04:00;30393,77;4820,82;3606,39;5140;2804,48;8119,41;3193,74;1,98;81,13;1291,47;112,6;418,73;909,41;0;0;-193,39;87
3.06.2025;05:00;29408,62;4424,38;2889,05;5270,13;2755,86;8152,71;3133,43;73,41;77,65;1305,8;110,4;409,37;923,79;0;0;-207,51;90,15
3.06.2025;06:00;28291,72;3732,09;2246,38;5086,77;2620,58;7918,59;3213,62;807,45;72,37;1298,91;110,4;416,64;921,89;0;0;-244,67;90,7
3.06.2025;07:00;27618,86;3098,09;2490,94;4818,75;2674,57;7091,15;3070,35;1669,84;71,31;1285,26;112,6;414,19;915,46;0;0;-182,24;88,59
3.06.2025;08:00;29774,12;3141,55;3160,79;4851,4;3092,49;7904,13;2716,36;2288,84;75,07;1251,7;112,6;381,43;929,83;0;0;-214,76;82,69
3.06.2025;09:00;29261,32;2990,25;3080,01;4826,57;2947,57;7569,22;2541,97;2727,73;69,38;1214,53;110,4;384,76;919,1;0;0;-197,01;76,84
3.06.2025;10:00;29167,89;2722,25;3755,72;4705,22;2936,07;6835,6;2649,83;2766,15;70,02;1180,61;112,6;377,95;937,47;0;0;39,45;78,95
3.06.2025;11:00;29237,91;2558,49;3747,77;4508,83;2914,12;6854,41;2736,86;2714,78;77,4;1146,74;112,6;380,11;931,1;0;0;478,99;75,71
3.06.2025;12:00;28067,54;2468,7;2362,91;4437,73;2769,89;7287,04;2859,13;2717,44;78,37;1109,29;112,6;384,66;925,46;0;0;482,39;71,93
3.06.2025;13:00;28922,67;2689,59;2785,06;4477,48;2922,99;7032,01;2973,94;2808,05;63,96;1087,57;110,4;375,21;933,85;0;0;591,98;70,58
3.06.2025;14:00;30610,68;2653,42;3607,45;4441,57;2958,64;7931,63;3224,64;2621,84;62,55;1068,82;112,6;382,72;928,02;0;0;548,87;67,91
3.06.2025;15:00;31632,34;2772,41;4579,43;4372,64;2776,05;8229,33;3491,91;2319,69;62,81;1054,62;110,4;389,14;936,59;0;0;466,81;70,51
3.06.2025;16:00;33788,03;3390,34;5424,02;4522,42;3253,45;8330,74;3779,61;2073,65;68,47;1056,13;110,4;393,73;935,29;0;0;374,85;74,93
3.06.2025;17:00;36183,71;5286,88;6044,74;4731,51;3330,87;8486,62;3927,06;1465;70,2;1060,98;112,6;404,78;943,91;0;0;241,8;76,76
3.06.2025;18:00;38028,49;7105,6;6891,51;4797,21;3669,77;8532,94;4036,21;544,92;76,9;1071,51;110,4;405,28;944,89;0;0;-256,83;98,18
3.06.2025;19:00;39510,49;7942,84;7983,9;4754,14;3811,7;8754,94;3751,24;107,73;74,93;1089,29;112,6;415,93;936,92;0;0;-325,79;100,12
3.06.2025;20:00;41287,34;8355,71;9437,55;4714,65;4015,34;8750,48;3543,57;3,24;75,21;1121,28;112,6;419,57;943,26;0;0;-303,23;98,11
3.06.2025;21:00;40919,02;8041,89;9640,33;4685,84;3953,52;8761,55;3355,32;0,02;76,71;1145,11;112,6;419,33;940,07;0;0;-311,03;97,76
3.06.2025;22:00;39184,05;7608,68;8459,12;4873,78;3666,03;8751,35;3290,36;0,01;78,56;1168,89;112,6;409,4;934,26;0;0;-266,99;98
3.06.2025;23:00;36297,18;6062,71;7501,83;4858,55;3521,72;8750,81;3020,99;0,01;77,61;1197,09;112,6;408,65;929,61;0;0;-241,37;96,37
4.06.2025;00:00;34760,87;5405,39;6633,19;5018,14;3504,88;8742,09;2798,53;0,02;76,67;1213,55;110,4;417,14;941,48;0;0;-199,71;99,1
4.06.2025;01:00;32912,8;4857,97;5200,93;5056,3;3400,39;8742,5;2572,13;0,02;75,47;1230,36;110,4;417,36;951,61;0;0;195,57;101,79
4.06.2025;02:00;31468,51;4457,93;4205,87;5101,82;3296,89;8737,65;2518,83;0,02;76,23;1245,69;112,6;418,17;950,87;0;0;246,53;99,41
4.06.2025;03:00;30588,93;3908,4;3991,22;5093,87;3277,86;8672,86;2480,2;0,15;76,4;1264,13;112,6;412,92;949,61;0;0;249,24;99,47
4.06.2025;04:00;30256,69;3693,74;3843,4;5064,93;3221,24;8714,87;2527,01;2,27;76,75;1273,51;110,4;419,1;941,33;0;0;266,3;101,84
4.06.2025;05:00;29007,55;3224,28;2936,9;5060,98;3158,39;8764,27;2616,26;84,69;74,71;1274,54;110,4;413,62;951,35;0;0;235,05;102,11
4.06.2025;06:00;27114,25;3141,62;2213,11;4818,35;2972,93;7604,17;2620,01;760,09;73,74;1277,14;110,4;418,08;957,48;0;0;45,19;101,94
4.06.2025;07:00;26983,8;3184,12;2429,93;4534,47;2811,37;6770,56;2353,04;1928,04;67,27;1253,98;110,4;425,48;961,02;0;0;60,77;93,35
4.06.2025;08:00;28125,7;2950,27;3114,47;4476,64;3129,56;6607,57;2191,08;2645,49;71,53;1195,52;112,6;420,58;955,36;0;0;171,58;83,45
4.06.2025;09:00;28167,43;3044,86;3271,54;4471,15;3081,66;6262,99;2098,42;2939,98;72,45;1151,48;110,4;427,17;955,26;0;0;202,76;77,31
4.06.2025;10:00;27488,29;2845,72;3241,61;4377,12;2914,32;5730,83;2310,13;3084,18;71,73;1118,44;112,6;413,74;963,84;0;0;236,64;67,39
4.06.2025;11:00;27305,7;2851,41;2799,02;4169,54;2897,11;5524,78;2474,43;3115,88;72,3;1096,94;110,4;414,65;957,87;0;0;743,85;77,52
4.06.2025;12:00;26083,99;2916,06;2166,85;4199,8;2612,12;5246,87;2697,27;3096,53;72,21;1055,07;112,6;411,94;941,84;0;0;476,12;78,71
4.06.2025;13:00;27378,66;2871,98;2424,28;4161,1;2773,71;5666,29;3060,9;3046,94;72,71;1020,86;110,4;415,22;953,89;0;0;722,16;78,22
4.06.2025;14:00;28767,69;2646,52;3012,24;4168,72;2970,18;6238,77;3404,19;2894,25;73,47;1017,76;112,6;421,19;950,76;0;0;778,48;78,56
4.06.2025;15:00;29572,92;2710,17;3787,6;4134,94;2892,06;6226,6;3726,19;2810,74;73,33;1009,43;110,4;425,66;949,89;0;0;640,36;75,55
4.06.2025;16:00;31625,76;2778,91;5092,66;4236,03;3045,23;6786,48;4015,83;2594,1;73,26;998,82;110,4;424,22;957,96;0;0;422,44;89,42
4.06.2025;17:00;34199,74;3499,33;6315,26;4511,89;3223,66;7411,75;4384,43;2042,92;76,8;1010,35;110,4;415,11;970,57;0;0;123,6;103,67
4.06.2025;18:00;36352,74;4801,46;6688,26;4450,56;3212,14;8917,03;4542,89;931,37;78,91;1023,1;110,4;417,25;970,62;0;0;106,94;101,81
4.06.2025;19:00;38278,98;5686;7419,32;4594,85;3514,42;9355,53;4650,64;137,47;79,49;1049,89;110,4;417,59;977,39;0;0;185;100,99
4.06.2025;20:00;39928,25;6142,53;8391,65;4571,21;3646,84;9386,45;4821,09;1,19;80,71;1089,02;112,6;428,22;992,05;0;0;168,17;96,52
4.06.2025;21:00;39959,95;5745,35;8563,38;4584,25;3591,21;9410,97;5081,27;0,02;82,34;1116,12;110,4;415,06;1004,93;0;0;159,24;95,41
4.06.2025;22:00;38164,77;4632,37;8719,17;4642,22;3355,18;8941,14;4802,65;0,02;81,96;1142,59;112,6;413,58;1007,55;0;0;213,84;99,9
4.06.2025;23:00;35373;3879,97;7822,14;4598,99;3176,77;8406,5;4428,02;0,01;74,23;1165,66;112,6;418,53;971,95;0;0;220,7;96,93
5.06.2025;00:00;33089,76;3030,44;6592,28;4472,92;3318,7;8667,3;4121,65;0,01;81,53;1183,53;99,36;416,27;969,75;0;0;38,24;97,78
5.06.2025;01:00;30835,99;2176,61;5318,52;4194,73;3313,7;9065,16;3856,93;0,01;73,4;1198,73;86,11;420,48;971,39;0;0;61,65;98,57
5.06.2025;02:00;29151,13;2165,88;4583,4;3833,89;3135,25;9022,62;3477,16;0,02;68,57;1223,3;81,69;418,27;954,16;0;0;90,82;96,1
5.06.2025;03:00;28164,69;1900,58;4112,11;3718,67;3184,84;8942,66;3336,81;0,11;68,45;1235,33;83,9;420,7;975,65;0;0;88,33;96,55
5.06.2025;04:00;27500,34;1894,65;3588,76;3695,75;3231,06;8667,92;3427,6;2,51;68,03;1243,45;81,69;410,07;984,88;0;0;112,15;91,82
5.06.2025;05:00;25870,32;1718,38;2726,78;3438,9;3146,38;8300,86;3436,67;86,57;70,22;1249,05;81,69;424,89;990,18;0;0;103,55;96,2
5.06.2025;06:00;23352,4;1967,35;2622,9;3001,09;2867,05;5881,2;3358,11;788,07;67,7;1251,04;81,69;418,97;981,28;0;0;-31,62;97,57
5.06.2025;07:00;20921,33;1496,22;2718,68;2699,86;1885,51;4620,52;3026,42;1696,77;68,49;1221,36;81,69;371,32;978,77;0;0;-44,08;99,8
5.06.2025;08:00;19217,66;1471,07;2440,35;2749,6;1607,04;4113;2339,57;1853,04;72,97;1178,23;81,69;255,75;971,48;0;0;-16,04;99,91
5.06.2025;09:00;18189,55;1407,89;2281,72;2780,44;1286,36;4065,73;1833,69;2037,21;72,39;1137,74;79,48;268,97;973,27;0;0;-138,53;103,19
5.06.2025;10:00;17662,61;1476,2;2352,69;2815,34;1271,61;4094,52;1380,98;1824,45;74,25;1091,65;83,9;260,93;968,03;0;0;-119,1;87,16
5.06.2025;11:00;16939,35;1243,62;2295,89;2813,12;1269,07;4075,28;1377,24;1505,21;74;1054,82;79,48;251,41;964,52;0;0;-158,91;94,6
5.06.2025;12:00;16244,94;1118,72;2196,82;2889,92;1217,2;4043,45;1203,01;1231,87;74,2;1021,12;81,69;264,76;968,41;0;0;-154,49;88,26
5.06.2025;13:00;16226,7;1158,62;2351,63;2938,79;1200,91;4046,63;1001,35;1174,5;74,36;999,94;79,48;268,38;954,17;0;0;-116,19;94,13
5.06.2025;14:00;17232,01;1424,98;2718,01;2775,94;1167,04;4076,17;1448,39;1298,99;74,95;964,47;81,69;269,35;960,22;0;0;-120,63;92,44
5.06.2025;15:00;18757,06;1508,64;2685,7;2750,94;1216,01;4050,41;2582,47;1682,75;89,38;958,41;79,48;272,61;954,22;0;0;-169,19;95,23
5.06.2025;16:00;21639,59;1569,67;3212,54;2781,96;1504,42;4088,73;4152,28;2081,41;84,53;974,64;79,48;270,47;939,33;0;0;-197,75;97,88
5.06.2025;17:00;25610,3;1673,33;5106,74;2786,73;2370,71;4608,19;4723,89;2060,66;92,93;981,44;81,69;273,15;909,86;0;0;-155,83;96,81
5.06.2025;18:00;29918,58;1880,02;6995,79;2963,03;3125,02;6665,98;4893,05;927,32;88,95;999,76;81,69;270,98;955,38;0;0;-27,66;99,27
5.06.2025;19:00;32622,25;2028;7879,22;3088,19;3525,41;8461,17;4875,84;138,21;95,31;1031,85;81,69;297,86;966,66;0;0;53,22;99,62
5.06.2025;20:00;34308,18;1954,93;9387,06;3065,16;3672,18;8511,4;5090,79;2,22;91,57;1062,68;81,69;308,4;965,73;0;0;13,41;100,96
5.06.2025;21:00;34131,64;1893,88;9414,19;3079,36;3638,17;8487,93;4996,51;0,01;93,18;1090,03;81,69;301,29;936,12;0;0;20,24;99,04
5.06.2025;22:00;32738,63;1795;8692,06;3119,55;3525,94;8384,57;4639,84;0,01;80,93;1112,63;79,48;264,69;912,97;0;0;31,92;99,04
5.06.2025;23:00;30701,34;1669,68;7686,68;3151,51;3036,92;8317,32;4234,58;0;80,67;1134,67;81,69;264,45;920,54;0;0;25,28;97,35
6.06.2025;00:00;28165,76;1055,11;6427,44;3112,04;3137,46;7752,67;4017,42;0,01;81,38;1153,54;81,69;268,94;928,38;0;0;48,55;101,13
6.06.2025;01:00;25874,06;929,74;5350,65;3092,71;2949,97;7033,32;3808,14;0,01;80,39;1170,75;79,48;276,24;933,23;0;0;71,54;97,89
6.06.2025;02:00;24160,12;859,28;4134,32;3042,56;2879,78;7012,01;3502,41;0,01;80,16;1177,17;81,69;267,39;935,36;0;0;90,54;97,44
6.06.2025;03:00;23306,71;640,74;4292,35;2933,55;2845,88;6550,56;3281,17;0,14;80,2;1195,83;81,69;277,06;939,98;0;0;86,11;101,45
6.06.2025;04:00;22956,86;600,83;4075,57;2924,06;2980,21;6760,74;3122,89;2,51;80,56;1204,15;81,69;282,37;928,48;0;0;-184,06;96,86
6.06.2025;05:00;22177,27;598,32;3857,72;2704,99;2925,99;6467,82;3075,17;86,73;76,86;1213,72;79,48;277,34;938,43;0;0;-222,06;96,76
6.06.2025;06:00;20245,2;595,87;3508,52;2447,6;2787,22;4994,6;3047,03;790,77;79,49;1211,19;81,69;273,5;926,58;0;0;-592,91;94,05
6.06.2025;07:00;17747,59;614,73;2476,25;2434,55;1426,96;4287,51;2800,23;1677,72;80,07;1192,96;81,69;272,78;908,43;0;0;-599,81;93,52
6.06.2025;08:00;14653,37;599,28;2123,99;2369,96;996,83;3792,1;1508,52;1222,39;84,03;1147,55;81,69;270,59;919,82;0;0;-559,42;96,04
6.06.2025;09:00;12160,31;596,8;1785,88;2309,06;749,75;3759,57;723,99;569,12;80,55;1102,66;81,69;275,1;917,26;0;0;-889,29;98,17
6.06.2025;10:00;11175,31;600,59;1076,33;2299,97;643,36;3737,75;498,7;438,13;80,52;1033,29;81,69;267,07;825,08;0;0;-503,57;96,4
6.06.2025;11:00;11221,82;604,06;1591,41;2306,35;555,39;3772,29;323,46;377,18;80,07;947,29;81,69;271,65;645,39;0;0;-432,74;98,33
6.06.2025;12:00;11808,53;601,03;2313,61;2305,55;555,67;3758,85;340,05;376,17;79,45;929,67;81,69;272,35;528,8;0;0;-433,92;99,56
6.06.2025;13:00;12256,89;600,9;2716,11;2350,8;544,92;3798,71;402,09;388,07;81,28;907,71;81,69;269,36;495,19;0;0;-478,61;98,67
6.06.2025;14:00;12747,77;597,64;2907,39;2327,03;565,67;3924,11;508,68;378,36;80,47;891,38;81,69;267,45;538,94;0;0;-422,11;101,07
6.06.2025;15:00;14413,56;632,89;3545,84;2301,16;790,68;4048,28;1022,22;459,1;80,26;890,35;81,69;279,09;668;0;0;-484,62;98,62
6.06.2025;16:00;17218,63;633,3;3392,02;2277,62;1031,61;4043,07;2925,15;977,87;81,56;924,67;79,48;275,67;757,79;0;0;-281,77;100,59
6.06.2025;17:00;21518,02;671,33;4388,85;2309,28;1644,82;4108,63;4519;1762,22;82,39;946,11;81,69;268,87;815,39;0;0;-180,98;100,42
6.06.2025;18:00;25659,26;1021,61;5487,19;2500,79;2849,93;5479,05;5246,16;893,02;81,31;986,9;81,69;270,72;861,32;0;0;-201,59;101,16
6.06.2025;19:00;28257,83;1029,4;5728,02;2635,1;3188,73;7748,97;5552,11;128,86;79,34;1021,81;81,69;273,02;886,03;0;0;-193,77;98,52
6.06.2025;20:00;30413,73;1204,11;6860,82;2645,43;3351,24;8392,59;5652,23;2,19;79,82;1055,41;81,69;273,44;931,49;0;0;-213,27;96,54
6.06.2025;21:00;30671,13;958,34;7364,52;2639,31;3290,09;8188,95;5594,58;0,02;85,36;1090,64;81,69;275,88;943,65;0;0;65,51;92,59
6.06.2025;22:00;29624,68;897,73;7219,61;2617,02;3123,99;7484,34;5603,98;0,01;79,55;1114,45;81,69;272,81;947,76;0;0;88,45;93,29
6.06.2025;23:00;28542,54;950,74;7340,24;2579,94;2782,08;6827,63;5410,69;0;79,5;1138,05;79,48;263,65;934,72;0;0;60,84;94,98
7.06.2025;00:00;27361,2;857,89;6057,88;2556,86;2916,81;7205,53;5035,82;0,01;79,83;1155,69;79,48;275,98;939,57;0;0;99,22;100,63
7.06.2025;01:00;25516,31;950,25;5405,64;2557,81;2718,13;6487,58;4633,26;0,01;80,04;1171,49;81,69;274,12;942,24;0;0;111,92;102,13
7.06.2025;02:00;24262,58;891,33;4575,03;2461,7;2664,01;6594,11;4320,39;0,01;79,44;1192,28;81,69;277,31;939,45;0;0;85,58;100,25
7.06.2025;03:00;23637,29;684,18;4491,12;2373,45;2565,43;6524,69;4192,5;0,14;80,16;1204,98;81,69;279,4;938,16;0;0;121,08;100,31
7.06.2025;04:00;23104,26;603,1;4285,72;2396,09;2525,44;6325,18;4153,31;2,54;79,75;1213,02;81,69;272,05;933,33;0;0;136,22;96,82
7.06.2025;05:00;21546,81;607,96;3451,6;2282,36;2454,5;5727,34;4152,87;67,18;76,46;1228,47;79,48;275,64;941,02;0;0;102,55;99,38
7.06.2025;06:00;19822,11;605,42;3076,15;2205,02;2099,51;4410,14;4226,84;765,09;77,25;1226,71;81,69;268,7;912,44;0;0;-232,66;99,81
7.06.2025;07:00;17484,76;587,19;2607,3;2181,19;1062,11;3997,29;3290,92;1330,74;78,06;1199,31;81,69;270,65;922,88;0;0;-221,3;96,73
7.06.2025;08:00;15351,89;586,47;2805,31;2038,7;728,77;3816,45;1530,77;1427,4;80,35;1157,31;81,69;268;917,18;0;0;-184,21;97,7
7.06.2025;09:00;13882,46;595;2735,88;1933,73;642,99;3718,86;761,11;1242,02;80,96;1114,36;79,48;270,38;783,42;0;0;-171,77;96,04
7.06.2025;10:00;13407,69;585,47;2905,14;1923,37;658,76;3718,54;520,84;1021,6;80,42;1083,73;81,69;260,79;624,44;0;0;-150,99;93,89
7.06.2025;11:00;13242,18;583,34;3028,14;1933,9;489,56;3705,27;409,42;1027,84;81,12;1048,45;79,48;265,8;583,75;0;0;-91,66;97,77
7.06.2025;12:00;13219,77;587,43;2936,65;1928,09;566,39;3729,54;460,48;857,85;81,42;1013,69;81,69;255,46;715,79;0;0;-93,08;98,37
7.06.2025;13:00;13712,48;588,56;2972,34;1945,08;506,48;3739,31;527,29;1291,46;81,25;993,68;79,48;261,62;696,62;0;0;-63,72;93,03
7.06.2025;14:00;14616,39;590,07;2844,62;1949,68;707,38;3723,76;1318,97;1195,4;81,93;980,19;81,69;266,46;829,16;0;0;-46,89;93,97
7.06.2025;15:00;16423,23;609,61;3176,27;1956,17;822,88;3713,16;2336,23;1461,49;81,35;969,03;81,69;277,92;900,56;0;0;-60,77;97,64
7.06.2025;16:00;19500,91;619,1;3659,31;1998,98;1121;3936,01;3845,95;1832,14;80,02;964,41;81,69;280,11;916,79;0;0;65,69;99,71
7.06.2025;17:00;23590,43;765,77;4552,58;2076,33;1788,19;4655,83;5186,17;2003,28;78,45;969,72;79,48;272,87;938,69;0;0;127,73;95,34
7.06.2025;18:00;27398,41;884,9;5079,89;2250,25;2723,21;7300,19;5667,17;1001,99;83,15;999,09;79,48;275,76;966,36;0;0;-13,11;100,08
7.06.2025;19:00;29770,04;952,2;6294,05;2318,87;3098,48;8654,66;5704,9;133,99;90,76;1028,43;83,9;277,89;966,06;0;0;66,58;99,27
7.06.2025;20:00;31819,36;1008,29;8012,58;2337,12;3253,53;8876,48;5654,8;2,83;92,29;1094,23;79,48;262,97;945,99;0;0;98,56;100,21
7.06.2025;21:00;31868,75;950,68;8154,28;2366,56;3241,18;8838,7;5642,51;0,01;92,15;1131,95;79,48;256,99;961,55;0;0;54,86;97,85
7.06.2025;22:00;30682,64;914,89;7585,9;2251,23;3088,5;8781,18;5346,17;2,01;92,93;1156,76;81,69;276,41;939,5;0;0;73,82;91,65
7.06.2025;23:00;29532,59;974,86;7579,9;2191,28;2892,18;8596,68;4577,35;0;79,97;1159,17;83,9;256,63;932,7;0;0;113,54;94,43
8.06.2025;00:00;28306,93;941,94;7100,66;2233,51;2784,12;8681,76;3834,71;0,01;92,72;1153,22;81,69;266,54;954,54;0;0;89,82;91,69
8.06.2025;01:00;26402,44;911,35;5989,91;2241,14;2631,76;8631,33;3228,71;0,01;79,31;1185,21;81,69;267,08;966,31;0;0;94,86;93,77
8.06.2025;02:00;25223,89;929,49;5454,21;2318,24;2523,34;8454,11;2785,93;0,01;79,27;1202,62;81,69;262,35;959,45;0;0;78,38;94,8
8.06.2025;03:00;24408,6;677,44;5394,93;2237,19;2519,58;8155,34;2604,57;0,14;79,66;1209,9;81,69;269,26;971,44;0;0;111,96;95,5
8.06.2025;04:00;23857,49;635,75;4953,7;2054,99;2478,29;8293,41;2584,78;2,57;79,41;1221;81,69;274,13;986,33;0;0;112,66;98,78
8.06.2025;05:00;22352,38;633,62;3511,96;2026,88;2484,03;7942,77;2855,87;77,41;76,86;1230,97;81,69;267,54;993,25;0;0;71,92;97,61
8.06.2025;06:00;20516,45;637,01;3433,04;1933,77;2309,11;5773,13;3148,49;786,72;75,02;1234,37;81,69;264,23;996,38;0;0;-252,2;95,69
8.06.2025;07:00;18244,84;661,86;3043,99;1842,07;1226,06;4605,95;2794,5;1568,32;81,52;1216,52;81,69;254,6;965,07;0;0;-192,73;95,42
8.06.2025;08:00;16207,14;661,02;2449,06;1784,19;902,36;3974,87;2203,98;1756,41;77,65;1179,72;81,69;255,94;974,1;0;0;-185,8;91,95
8.06.2025;09:00;15158,53;660,2;2386,77;1780,1;739,22;3929,77;1598,48;1565,77;78,47;1147,73;81,69;267,53;949,27;0;0;-123,26;96,79
8.06.2025;10:00;14815,54;663,98;2485,05;1780,02;668,24;3938,78;1490,22;1308,53;77,87;1113,22;81,69;261,09;948,68;0;0;-97,04;95,21
8.06.2025;11:00;14597,72;670,58;2770,13;1788,35;559,76;3802,92;1322,11;1045,67;78,8;1072,96;81,69;265,14;961,52;0;0;81,88;96,21
8.06.2025;12:00;14629,02;668,32;2522,46;1780,22;583,41;3715,29;1385,28;1247,57;79,04;1036;81,69;268,39;960,61;0;0;202,21;98,53
8.06.2025;13:00;15071,1;673,45;2742,35;1795,08;565,1;3719,93;1533,49;1300,65;80,64;1009,23;83,9;263,05;945,16;0;0;261,9;97,17
8.06.2025;14:00;16061,2;673,68;2853,06;1803,67;557,86;3725,43;1987,47;1770,63;80,34;992,19;81,69;268,17;942,85;0;0;236,68;87,48
8.06.2025;15:00;17837,3;675,46;3400,91;1775,49;838,8;3901,64;2567,3;1975,4;78,71;979,2;79,48;280,73;944,47;0;0;246,4;93,31
8.06.2025;16:00;20812,1;712,38;4052,48;1780,43;1331,35;4493,47;3651,71;2097,72;79,04;982,19;79,48;265,14;960,53;0;0;234,29;91,89
8.06.2025;17:00;24811,87;1109,53;4018,77;1945,59;2162,88;6677,48;4074,31;2000,55;78,02;992,56;79,48;271,21;986,56;0;0;351,84;63,09
8.06.2025;18:00;28489,42;1920,07;6015,83;2097,25;2650,38;8435,24;3824,71;938,54;90,33;1009,25;81,69;263,13;991,36;0;0;108,76;62,88
8.06.2025;19:00;31142,38;2764,67;7804,53;2132,21;2856,74;9169,13;3618,64;159,05;90,17;1035,77;79,48;264,76;993,19;0;0;108,63;65,41
8.06.2025;20:00;33204,61;3154,29;9542,92;2146,3;3019,54;9205,66;3525,88;3,95;91,07;1067,75;81,69;264,6;971,91;0;0;68,16;60,89
8.06.2025;21:00;33162,27;2965,99;9599,4;2223,63;2928,86;9263,44;3535,61;0,01;91,19;1096,98;81,69;265,06;964,22;0;0;72,47;73,72
8.06.2025;22:00;31963,8;3019,74;8822,54;2347,26;2739,34;9149,62;3229,11;0,01;92,11;1121,67;79,48;261,14;956,11;0;0;58,32;87,35
8.06.2025;23:00;30693,17;3129,69;8180,23;2426,21;2701,52;8709,97;2897,29;0;91,07;1138,39;81,69;258,07;950,04;0;0;54,36;74,64
9.06.2025;00:00;28863,88;3528,88;6185,63;2427,56;2615,94;8727,03;2606,48;0,01;91,98;1156,48;83,9;263,82;968,11;0;0;116,53;91,53
9.06.2025;01:00;27046,29;3350,98;4731,85;2481,45;2576,28;8827,27;2264,82;0,01;91,65;1174,95;81,69;275,43;967,88;0;0;126,45;95,58
9.06.2025;02:00;25711,74;2861,46;4179,64;2582,27;2435,27;8762,23;2038,7;0,03;91,59;1189,99;81,69;272,9;967,03;0;0;153,16;95,78
9.06.2025;03:00;24887;2308,48;3952,31;2646,47;2375,87;8831,11;1896,34;0,17;91,2;1208,98;81,69;270,6;966,63;0;0;162,29;94,86
9.06.2025;04:00;24322,97;1933,77;3659,17;2726,95;2363,06;8803,23;1924,84;2,91;91,22;1214,42;81,69;270,05;969,52;0;0;186,2;95,94
9.06.2025;05:00;22985,31;919,29;3564,43;2778,11;2279,57;8449,5;2086,81;71,16;91,38;1223,49;81,69;253,83;965,18;0;0;123,57;97,3
9.06.2025;06:00;21271,44;715,43;3323,36;2599,81;2248,15;6967,51;2232,57;721,35;81,78;1225,21;79,48;254,43;962,86;0;0;-235,82;95,32
9.06.2025;07:00;19006,77;696,48;2657,26;2398,88;1797,68;4944,45;2148,46;1914,94;78,73;1203,56;81,69;255,08;955,13;0;0;-221,59;96,02
9.06.2025;08:00;17504,77;693,05;2362,83;2236,03;1468,33;4241,88;1885,77;2216,19;79,01;1166,68;83,9;255,72;936,44;0;0;-219,84;98,78
9.06.2025;09:00;16795,47;698,8;2683,66;2275,45;954,87;4266,22;1301,85;2219,29;81,42;1127,22;81,69;241,38;933,63;0;0;-171,47;101,46
9.06.2025;10:00;16853,77;693,47;2901,41;2266,38;861,17;4270,92;1024,74;2445,14;81,24;1086,42;81,69;249,41;960,13;0;0;-167,67;99,32
9.06.2025;11:00;17209,48;690,08;2742,14;2280,34;947,88;4262,86;1229,48;2631,6;91,64;1035,12;79,48;253,31;965,38;0;0;-99,64;99,81
9.06.2025;12:00;17458,54;686,99;2470,87;2340,32;1024,65;4266,6;1617,52;2750,77;81,41;1009,41;81,69;246,87;952,53;0;0;-170,86;99,77
9.06.2025;13:00;18201,54;700,32;2729,04;2345,93;1055,5;4272,57;2064,98;2792,5;83,24;978,78;81,69;245,48;941,36;0;0;-189,82;99,97
9.06.2025;14:00;19074,73;687,63;2895,83;2355,23;1197,88;4198,99;2709,24;2748,69;83,25;963,05;79,48;245,71;945,8;0;0;-135,2;99,15
9.06.2025;15:00;20782,36;695,88;3567;2351,67;1396,95;4544,83;3377,14;2585,9;82,7;957,09;81,69;238,74;917,73;0;0;-113,5;98,54
9.06.2025;16:00;23692,51;736,47;3352,53;2553,55;1892,79;5891,7;4126,54;2643,31;85,45;958,17;81,69;257,54;912,27;0;0;98,63;101,87
9.06.2025;17:00;27850,15;1483,12;3938,96;2733,99;2280,83;8036,54;4538,04;2004,01;85,69;964,77;79,48;266,07;940,2;0;0;397,67;100,78
9.06.2025;18:00;31445,91;2775,14;4912,56;2794,07;2794,56;9600,19;5013,78;930,97;91,08;980,21;81,69;276,82;940,56;0;0;155,23;99,05
9.06.2025;19:00;33828,08;3746,17;6263,38;2791,07;2879,87;9778,18;5567,63;158,81;92,4;1015,65;83,9;271,79;933,9;0;0;144,3;101,03
9.06.2025;20:00;35765,99;4009,75;6883,44;2817,3;3014,22;9799,62;6491,17;2,34;92,35;1051,87;81,69;268,49;941,28;0;0;214,86;97,61
9.06.2025;21:00;35821,94;3966,64;6206,14;2841,71;3079,29;9792,92;7147,71;0,02;92,77;1086,9;81,69;270,59;939,81;0;0;213,33;102,42
9.06.2025;22:00;34604,46;3358,22;6483,19;2888,87;2642,56;9198,31;7211,59;0,02;92,41;1111,02;81,69;272,33;927,47;0;0;243,92;92,86
9.06.2025;23:00;33036,54;3205,2;6385,37;2952,32;2625,07;8353,6;6650,92;0,01;88,51;1129,9;83,9;265,26;943;0;0;262,8;90,68
10.06.2025;00:00;31555,31;1419,19;6300,93;2965,84;2564,44;8990,8;6405,75;0,02;85,34;1154,9;97,15;265,54;916,67;0;0;295,85;92,89
10.06.2025;01:00;29846,46;1275,22;5480,47;2853,16;2508,72;8520,23;6165,88;0,02;80,6;1180,02;110,4;263,15;919,15;0;0;395,68;93,76
10.06.2025;02:00;28526,19;1277,82;4451,47;2825,79;2277,34;7922,71;6664,78;0,04;81,09;1195,94;110,4;270,88;941,16;0;0;412,7;94,07
10.06.2025;03:00;27757,11;1092,65;4285,78;2819,53;2231,33;6980,96;7192,66;0,16;81,59;1212,16;110,4;263,1;946,85;0;0;450,5;89,44
10.06.2025;04:00;27303,34;995,63;3931,59;2926,17;2212,75;6788,45;7305,33;2,34;80,32;1214,95;110,4;259,85;946,74;0;0;438,04;90,78
10.06.2025;05:00;26398,55;966,87;3316,08;2989,03;2131,88;6191,32;7559,82;82,5;81,59;1219,55;112,6;265,62;942,3;0;0;448,77;90,62
10.06.2025;06:00;25548,44;1115,51;3252,57;2950,87;1844,64;4939,43;7732,89;766,03;75,02;1219,26;110,4;271,88;928,93;0;0;248,22;92,79
10.06.2025;07:00;25632,3;1167,45;3010,11;2899,9;1587,12;4522;7581,18;1969,45;75,39;1189,05;110,4;267,94;933,11;0;0;227,95;91,25
10.06.2025;08:00;28635,57;1376,66;4060,27;2892,78;1976,16;4983,48;7605,11;2672,5;82,79;1153,11;112,6;267;942,36;0;0;415,37;95,38
10.06.2025;09:00;29625,29;1274,63;3992,38;2781,94;1963,05;5893,53;7557,32;3009,1;81,88;1115,68;110,4;385,22;946,25;0;0;424,79;89,12
10.06.2025;10:00;29535,04;1384,29;4144,13;2883,52;1794,92;5739,93;7483,83;3176,24;84,11;1084,19;112,6;405,42;924,1;0;0;236,64;81,12
10.06.2025;11:00;29560,94;1290,95;3695,45;2936,33;1696,11;6288,87;7727,32;3200,52;84,48;1043,54;112,6;397,88;926,17;0;0;88,02;72,7
10.06.2025;12:00;28773,58;1572,5;3620,72;3001,7;1555,14;5017,33;7996,5;3216,54;84,04;1003,08;119,23;391,88;933,72;0;0;190,22;70,98
10.06.2025;13:00;30360,94;1617,43;3575,47;3094,07;1774,04;6193,18;8212,22;3171,91;84,54;969,35;132,48;389,29;932,69;0;0;139,96;74,31
10.06.2025;14:00;32359,67;1931,61;3952,26;3094,08;1979,15;6839,96;8484,4;3052,53;84,36;950,75;147,93;399,32;957,09;0;0;401,28;84,95
10.06.2025;15:00;33988,4;2154,42;4722,6;3229,55;2043,46;7566,25;8620,16;2792,38;84,76;939,27;167,8;400,13;937,55;0;0;236,99;93,08
10.06.2025;16:00;36784,55;1958,62;5772,08;3450,01;2211,97;9270,72;8710,16;2469,19;86,19;932,84;176,64;399,4;911,17;0;0;337,56;98
10.06.2025;17:00;39359,71;2482,99;7181,19;3574,11;2309,33;9741,39;9051,94;2057,39;82,46;932,2;174,43;406,44;920,07;0;0;346,99;98,78
10.06.2025;18:00;41220,05;3342,98;8441,26;3577,76;2545,67;9960,69;9334,2;1003,73;84,18;945,53;176,64;414,18;925,5;0;0;369,49;98,24
10.06.2025;19:00;42756,69;3531,92;10207,85;3542,78;2872,84;10034,78;9435,85;152,85;91,2;964,67;181,04;414,77;925,11;0;0;305,02;96,01
10.06.2025;20:00;44269,8;3886,73;11274,39;3543,69;3028,42;10040,75;9408,17;1,26;92,95;995,46;183,25;409,27;937,08;0;0;371,28;97,1
10.06.2025;21:00;44206,65;3555,94;11609,18;3576,2;3052,88;10019,74;9305,11;0,02;93,41;1033,77;194,3;405;931,3;0;0;332,18;97,62
10.06.2025;22:00;42326,47;3495,61;10351,96;3497,83;2823,05;10026,82;9000,24;0,01;94,11;1057,04;194,29;411,36;917,71;0;0;356,46;99,98
10.06.2025;23:00;40159,33;3672,55;8708,71;3530,91;2625,54;10021,81;8463,09;0,01;93,55;1079,29;196,5;408,68;897,62;0;0;358,76;102,31
11.06.2025;00:00;36931,34;3858;6326,66;3527,17;2528,6;9283,5;8212,08;0,02;93,05;1103,23;167,78;418,72;925,49;0;0;384,07;102,97
11.06.2025;01:00;34938,47;3375,88;5166,44;3516,93;2420,87;9268,68;7939,16;0,02;92,37;1118,25;139,1;422,92;943,92;0;0;427,99;105,94
11.06.2025;02:00;33591,34;3485,55;4122,01;3535,52;2356,93;9252,62;7685;0,02;93,37;1139,17;88,31;417,08;957,44;0;0;356,66;101,66
11.06.2025;03:00;32700,13;3066,15;3890,07;3570,65;2378,54;9269,94;7313,64;0,15;92,83;1158,41;72,86;424,64;962,57;0;0;394,93;104,75
11.06.2025;04:00;32022;2778,44;3798,09;3603,86;2363,66;9303,64;6914,26;3,17;93,4;1166,06;70,65;439,33;956,15;0;0;427,59;103,7
11.06.2025;05:00;30951,1;2566,1;3057,59;3658,9;2322,45;9198,04;6747,62;78,08;86,78;1181,59;72,86;541;954,39;0;0;385,56;100,14
11.06.2025;06:00;30527,29;2147,31;2862,08;3750,02;2098,89;9489,43;6474,87;729,22;77,5;1176,56;72,86;540,9;939,24;0;0;66,88;101,53
11.06.2025;07:00;29915,97;2206,77;2707,87;3780,83;1868,07;8701,98;5867,65;1859,29;74,9;1135,88;70,65;546,58;951,98;0;0;40,79;102,73
11.06.2025;08:00;32319,83;2432,7;3631,66;3817,01;2150,37;9123,41;5367,66;2585,12;79,7;1115,7;70,65;538,34;956,68;0;0;347,57;103,26
11.06.2025;09:00;32564,07;2592,6;3566,43;3920,89;2114,54;9603,32;4628,7;2947;80,55;1080,99;70,65;543,93;941,8;0;0;368,39;104,28
11.06.2025;10:00;31656,8;2726,96;3488,87;3957,25;1968,78;9492,85;4012,49;3148,07;82;1053,69;70,65;541,57;941,22;0;0;67,87;104,53
11.06.2025;11:00;31999,98;2697,34;3478,48;3923,49;1929,32;9639,85;3925,49;3270,08;81,47;1019,59;70,65;571,04;957,15;0;0;333,98;102,05
11.06.2025;12:00;30865,65;2766,3;2615,73;3945,69;1753,72;9459,25;3874,95;3300,42;82,2;981,49;70,65;563,47;950,14;0;0;397,25;104,39
11.06.2025;13:00;32943,93;3032,22;3647,82;3968,42;1849,31;9838,88;4120,14;3213,55;81,28;957,26;81,69;562,4;960,45;0;0;529,35;101,16
11.06.2025;14:00;35462,42;3472,37;5281,71;4011,55;1945,54;9832,91;4390,12;3080,78;81,82;944,18;81,69;568,18;957,78;0;0;708,93;104,86
11.06.2025;15:00;37030,02;4000,06;6199,06;4078,39;2007,51;9812,58;4727,16;2759,78;80,84;941,13;81,69;556,91;960,33;0;0;719,36;105,22
11.06.2025;16:00;38997,44;5454,79;7042,86;3978,04;2119,82;9824,68;5053,79;2293,63;89,12;939,25;79,48;573,26;938,43;0;0;502,16;108,13
11.06.2025;17:00;40993,5;7201,28;7492,86;4049,54;2308,36;9776,15;5284,61;1798,13;90,29;943,97;79,48;561,53;967,95;0;0;334,79;104,56
11.06.2025;18:00;42023,16;8474,58;7750,63;4079,02;2431,85;9847,26;5422,68;927,32;90,51;970,08;79,48;563,09;961,31;0;0;322,04;103,31
11.06.2025;19:00;43703,35;8937,99;9307,96;4083,29;2700,12;10006,02;5352,22;158,33;89,42;1006,04;83,9;574,64;980,91;0;0;314,35;108,16
11.06.2025;20:00;45327,66;9008,25;10663,11;4089,82;2958,05;10043,65;5357,37;5,99;90,15;1040,42;81,69;566,24;977,23;0;0;342,07;103,62
11.06.2025;21:00;45080,81;8471,32;10994,41;4085,49;2947,66;10040,63;5372,23;0,02;92,05;1061,63;81,69;551,55;959,4;0;0;319,21;103,52
11.06.2025;22:00;43265,51;8513,21;9501,82;4142,55;2813,39;10031,01;5036,73;0,02;92,22;1054,56;83,9;562,1;961,98;0;0;372,8;99,22
11.06.2025;23:00;41251,97;8573,88;7941,72;4187,76;2555;9996,45;4727,56;0,01;93,21;1103,23;88,32;574,37;936,74;0;0;381,05;92,67
12.06.2025;00:00;38749,73;8337,04;6234,71;4163,75;2451,08;9867,74;4351,43;0,02;92,79;1127,84;99,36;566,82;963,55;0;0;395,28;98,32
12.06.2025;01:00;36704,85;8011,24;4808,66;4161,89;2321,07;9854,81;4177,7;0,02;91,99;1141,5;97,15;568,66;972,96;0;0;395,74;101,46
12.06.2025;02:00;35078,85;7623,84;3640,09;4294,73;2202,81;9820,98;4134,63;0,03;93,07;1161,33;101,56;561,41;972,43;0;0;375,39;96,55
12.06.2025;03:00;34144,49;7409,45;2874,52;4303,29;2108,77;9935,75;4114,67;0,16;93,16;1176,8;101,56;559,25;971,03;0;0;398,38;97,7
12.06.2025;04:00;33570,56;6923,23;2663,99;4320,95;2045,63;10018;4200,09;5,52;92,42;1183,33;81,69;569,76;972,75;0;0;398,01;95,19
12.06.2025;05:00;32298,92;5688,4;2311,43;4438,99;1958,84;10025,96;4394,61;56,83;88,28;1189,56;99,36;568,64;975,78;0;0;408,58;93,66
12.06.2025;06:00;31244,24;4222,2;2398,17;4537,08;1847,6;9775,19;4618,28;632,62;86,74;1189,44;99,36;570,6;978,79;0;0;194,74;93,43
12.06.2025;07:00;31140,19;3924,04;2134;4521,8;1739,63;9567,51;4292,16;1805,73;90,29;1161,61;99,36;521,59;985,94;0;0;201,68;94,85
12.06.2025;08:00;33625,52;4619,22;3004,21;4534,14;2205,61;9590,61;3892,84;2502,82;92,28;1123,54;99,36;503,19;986,35;0;0;384,06;87,29
12.06.2025;09:00;33783,49;4394,91;3528,81;4584,98;2202,97;9211,7;3707,09;2949,68;91,31;1087,29;101,56;459,09;965,56;0;0;413,74;84,8
12.06.2025;10:00;33407,01;4050,48;3210,64;4493,78;2201,27;8906,28;3891,34;3155,73;86,58;1053,28;101,56;410,11;940,82;0;0;810,28;94,86
12.06.2025;11:00;33543,34;3847,98;3113,46;4391,89;2081,03;9041,97;4269,16;3195,45;89,71;1019,77;101,56;462,35;966,05;0;0;866,44;96,52
12.06.2025;12:00;32318,79;3671,97;2326,64;4257,71;1738,55;9161,96;4388,16;3200,91;90,02;986,36;103,77;541,63;960,93;0;0;801,16;89,02
12.06.2025;13:00;33858,03;4537,71;2957,35;4173,97;1893,62;9033,82;4554,77;3152,31;89,48;956,36;101,56;543,36;967,93;0;0;804,79;91
12.06.2025;14:00;36104,1;5548,06;3759,33;4099,54;2060,93;9126,14;4872,84;2996,8;89,19;941,83;99,36;539,28;970,71;0;0;904,17;95,92
12.06.2025;15:00;37572,43;6676,93;3882,64;4043,53;2211,64;9131,98;5231,73;2784,73;88,32;934,25;101,56;549,91;976,12;0;0;864,42;94,67
12.06.2025;16:00;39831,84;8581,64;4145,26;4053,44;2175,86;9115,29;5656,77;2440,22;88,51;928,4;101,56;541,33;967,57;0;0;939,64;96,35
12.06.2025;17:00;42380,85;9568,65;5887,39;4065,56;2426,25;9054,46;5966,8;1986,86;88,73;935,68;99,36;541,26;987,95;0;0;674,87;97,03
12.06.2025;18:00;43682,06;10041,32;7308,66;4079,83;2520,21;9328,11;6291,78;976,58;89,79;953,12;101,56;534,24;989,9;0;0;371,96;95
12.06.2025;19:00;44872,86;10111,59;8566,11;4155,53;2836,86;9413,21;6594,04;161,11;90,17;977,97;101,56;528,69;973,93;0;0;264,76;97,33
12.06.2025;20:00;46343,7;10324,46;9549,64;4301,73;2966,79;9406,14;6620,43;2,52;89,77;1015,53;101,56;526,86;988,21;0;0;354,17;95,89
12.06.2025;21:00;46142,34;10013,7;9694;4302,82;2904,58;9418,52;6604,16;0,02;90,1;1030,75;101,56;535,71;1009,33;0;0;341,81;95,28
12.06.2025;22:00;44394,2;9582,85;8347,13;4333,2;2753,39;9428,82;6683,65;0,01;91,68;1067,76;101,56;541,21;1012,3;0;0;353,56;97,08
12.06.2025;23:00;42218,5;8835,83;7351,87;4217,79;2440,2;9434,36;6683,92;0,01;92,08;1088,11;101,56;526,61;1008,94;0;0;347,23;89,99
13.06.2025;00:00;39450,56;7764,5;5960,33;4104,02;2307,18;9415,88;6676,44;0,02;93,82;1105,53;110,4;446,43;996,68;0;0;376,42;92,91
13.06.2025;01:00;37554,36;7339,25;4768,81;4055,19;2168;9423,55;6480,03;0,02;94,05;1115,36;108,19;542,41;1006,49;0;0;359,03;93,98
13.06.2025;02:00;36054,15;7246,07;3854,54;3856,3;2096,18;9413,14;6221,31;0,03;93,04;1135,51;108,19;540,7;1003,12;0;0;393,75;92,27
13.06.2025;03:00;34828,03;6713,79;3286,49;4041,07;2028,98;9387,96;5980,58;0,16;94,62;1155,41;110,4;521,56;1000,08;0;0;408,47;98,46
13.06.2025;04:00;34365,06;6674,69;2853,87;4151,85;1959,7;9387,13;5952,18;3,55;93,58;1170,35;110,4;523,78;995,11;0;0;393,97;94,9
13.06.2025;05:00;33249,52;6085,25;2145,38;4215,47;1902,42;9398,79;6058,62;55,34;91,77;1176,1;110,4;540,9;994,06;0;0;377,24;97,78
13.06.2025;06:00;32017,8;4913,81;2217,37;4234,97;1824,66;9106,4;5812,92;701,9;85,6;1177,07;110,4;550,31;991,45;0;0;192,1;98,84
13.06.2025;07:00;31750,75;4332,78;2239,88;4201,15;1698,57;8876,91;5385,76;1817,45;75,66;1152,83;110,4;542,57;1002,93;0;0;214,11;99,75
13.06.2025;08:00;34283,29;4721,03;3092,87;4117,35;2177,77;9173,16;5083,28;2527,77;90,79;1118,47;110,4;546,23;996,48;0;0;428,8;98,89
13.06.2025;09:00;34414,98;4592,29;3278,98;4279,95;2135,4;8987,06;4946,27;2851,67;91,04;1082,37;110,4;544,14;998,87;0;0;416,84;99,7
13.06.2025;10:00;33909,62;3970,08;2800,26;4303,29;1922,52;9085,46;4933,11;3101,69;82,07;1049,48;112,6;550,05;1007,43;0;0;895,05;96,53
13.06.2025;11:00;33849,44;3532,75;2808,53;4235,82;2037,53;8903,6;5250,84;3211,98;88,53;1014,07;110,4;544,19;1008,68;0;0;1007,17;95,35
13.06.2025;12:00;31810,74;3193,45;1929,31;4042,9;1692,8;8592,41;5592,11;3194,71;84,01;984,22;108,19;547,35;1004,79;0;0;752,87;91,62
13.06.2025;13:00;32567,94;3742,02;2361,59;3983,51;1683,31;7983,81;5948,69;3144,49;84,32;968,15;99,36;551,98;982;0;0;937,08;97,63
13.06.2025;14:00;36029,01;4487,21;3260,84;4142,07;2066,81;8896,61;6419,5;3030,7;90,1;950,15;110,4;549,95;979,28;0;0;947,65;97,74
13.06.2025;15:00;37750,16;5878,43;3411,05;4247,11;1922,44;9037,6;6761,86;2748,62;85,91;919,98;110,4;566,52;993,55;0;0;969,05;97,64
13.06.2025;16:00;39623,93;6892,66;4286,75;4079,28;2059,55;9215,6;7013,79;2365,54;84,84;890,8;110,4;557,86;989,17;0;0;978,44;99,25
13.06.2025;17:00;41835,96;8262,65;5026,77;4196,64;2291,2;9546,73;7361,03;1974,75;92,54;905,55;108,19;561,05;994,77;0;0;416,81;97,28
13.06.2025;18:00;42872,84;9315,36;6066,49;4165,06;2344,09;9159,73;7720,47;956,92;93,05;942,52;110,4;561,4;996,7;0;0;340,44;100,21
13.06.2025;19:00;44143,34;9630,57;7261,95;4193,18;2597,52;9299,67;7868,12;135,3;94,01;973,9;110,4;563,43;1000,04;0;0;315,19;100,06
13.06.2025;20:00;45609,16;9677,6;8250,88;4132,93;2860,01;9425,35;8073;1,33;94,67;1017,23;110,4;567,13;993,25;0;0;304,08;101,3
13.06.2025;21:00;45565,36;9482,55;8280,46;4190,82;2872;9394,49;8118,71;0,01;94,06;1056,63;110,4;556,75;989,58;0;0;317,86;101,04
13.06.2025;22:00;43854,54;8969,73;7386,76;4190,11;2587,95;9387,15;8063,34;0,01;94,35;1088,66;110,4;561,44;971,6;0;0;339,28;103,76
13.06.2025;23:00;41672,54;7894,59;6300,59;4206,69;2448,23;9491,71;8017,63;0,01;94,46;1118,27;108,19;542,33;980,4;0;0;367,11;102,33
14.06.2025;00:00;39444,54;6786,08;5116,36;4237,01;2448,35;9701,52;7869,57;0,01;94,69;1134,72;97,15;553,96;974,4;0;0;327,9;102,82
14.06.2025;01:00;37471,7;5903,53;4355,29;4218,54;2382,71;9558,2;7797,8;0,01;94,49;1152,83;83,9;546,55;973,24;0;0;301,96;102,65
14.06.2025;02:00;35929,12;5570,31;3703,77;4221,47;2207,39;9339,85;7540,05;0,02;94,74;1164,89;81,69;548,24;978,21;0;0;377,77;100,72
14.06.2025;03:00;34860,07;4901,9;3605,32;4216,51;2197,3;9309,05;7308,92;0,14;93,98;1179,25;81,69;559,13;991,38;0;0;315,61;99,89
14.06.2025;04:00;34114,37;4480,69;3288,73;4240,04;2160,39;9442,19;7239,41;3,59;94,6;1186,01;81,69;547,52;981,3;0;0;269,31;98,9
14.06.2025;05:00;32717,5;3826,45;2614,66;4207,54;2110,31;9595,49;7177,5;75,71;93,14;1188,1;81,69;561,58;977,38;0;0;108,38;99,57
14.06.2025;06:00;31246,66;3002,58;2113,84;4151,07;1900,48;9156,28;7191,05;676,63;87,56;1185,61;81,69;560,69;936,21;0;0;104,38;98,59
14.06.2025;07:00;29770,57;2578,4;2769,14;4046,33;1648,74;7307,09;6647,13;1745,71;89,61;1169,65;81,69;532,65;967,59;0;0;88,85;97,99
14.06.2025;08:00;30700,36;2614,65;2919,15;3976,66;1877,62;6860,23;6530,85;2492,12;93,9;1133,47;79,48;530,68;975,62;0;0;519,25;96,68
14.06.2025;09:00;30553,5;2612,8;2982,04;3928,83;1968,41;5783,53;6798,68;2848,87;83,98;1106,51;77,28;512,96;955,68;0;0;798,05;95,88
14.06.2025;10:00;30229,07;2600,74;2992,52;3818,67;1879,45;5291,76;7085,39;3032,75;81,22;1084,54;79,48;518,24;959,92;0;0;708,32;96,07
14.06.2025;11:00;30177,21;2433,1;2882,57;3836,19;1736,36;5563,94;7156,24;3104,79;80,73;1055,52;79,48;536,59;965,11;0;0;650,57;96,02
14.06.2025;12:00;29001,59;2550,78;2673,93;3731,18;1490,68;5099,91;7160,47;2933,85;80,21;1026,52;81,69;531,02;947,68;0;0;598,99;94,68
14.06.2025;13:00;30116,55;2584,62;2713,83;3754,13;1719,55;5511,32;7360,46;3062,4;80,21;1008,37;81,69;536,74;941,34;0;0;663,7;98,19
14.06.2025;14:00;31188,07;2446,89;2875,53;3878,98;1756,64;6237,77;7663,07;2950,79;80,45;993,76;83,09;520,11;982,61;0;0;621,84;96,54
14.06.2025;15:00;32329,87;2660,45;4085,32;3961,98;1851,84;6237,66;7791,65;2347,25;80,47;987,39;79,48;528,01;978,12;0;0;642,92;97,33
14.06.2025;16:00;34604,55;2606,23;4377,34;4119,76;2055,98;8403,8;8003,44;1593,21;76,86;982,46;81,69;519,38;978,55;0;0;705,3;100,55
14.06.2025;17:00;37580,82;3329,66;5068,07;4143,42;2216,73;9722,5;8100,18;1373,38;83,73;986,4;81,69;508,9;993,28;0;0;874,8;98,08
14.06.2025;18:00;40216,8;5377,3;5948,06;4313,06;2303,76;10062,91;7949,92;704,54;92,04;1002,46;81,69;530,3;994,62;0;0;757;99,14
14.06.2025;19:00;41855,8;7116,49;6643,58;4436,38;2501,12;10047,17;7883,72;113,57;91,32;1031,14;83,9;554,84;1012,53;0;0;241,58;98,46
14.06.2025;20:00;43369,71;7510,16;7634,82;4446,94;2674,57;10088,14;7864,11;1,77;92,24;1060,24;81,69;569,71;1008,89;0;0;240,89;95,54
14.06.2025;21:00;43460,83;7472,07;7827,31;4453,59;2659,96;10039,16;7804,17;0,01;92,68;1094,4;81,69;578,33;1013,77;0;0;249,59;94,1
14.06.2025;22:00;41766,47;7141,94;6717,14;4507,73;2510,43;10056,09;7586,38;0,01;92,72;1116,38;81,69;585,62;1016,22;0;0;258,97;95,15
14.06.2025;23:00;39636,58;5930,18;6223,25;4498,79;2403,59;10045,83;7273,24;0,01;92,82;1136,16;83,9;574,23;1017,52;0;0;263,65;93,41
15.06.2025;00:00;37296,53;4515,4;5344,55;4499,36;2435,72;10082,57;7076,57;0,01;92,54;1153,82;81,69;587,24;1000,81;0;0;329,8;96,45
15.06.2025;01:00;35470,29;3957,44;4569,35;4395,66;2279,3;10067,12;6962,81;0,01;93,16;1135,57;79,48;588,44;954,55;0;0;290,2;97,2
15.06.2025;02:00;33940,13;3667,94;3844,61;4363,53;2160,22;10034,65;6669,84;0,02;80,71;1140,79;83,9;587,56;953,92;0;0;258,04;94,4
15.06.2025;03:00;32929,1;2793,97;3990,56;4420,93;2151,57;9803,79;6534,23;0,14;86,47;1145,56;81,69;591,96;949,39;0;0;283,17;95,67
15.06.2025;04:00;32197,93;2119,69;3774,77;4384,22;2401,16;9861,28;6585,93;2,8;92,67;1159,94;81,69;561,63;945,97;0;0;132,02;94,16
15.06.2025;05:00;30606,64;2071,56;2961,84;4029,79;2256,51;9617,71;6550,43;80,45;90,59;1180,61;81,69;578,65;945,85;0;0;67,68;93,28
15.06.2025;06:00;28456,89;1957,85;2971,12;3668,92;2062,48;7972,59;6205,58;677,25;92,23;1183,41;81,69;577,68;935,28;0;0;-25,29;96,1
15.06.2025;07:00;25538,51;1564,89;2961,68;3454;1714,97;5720,31;5646,96;1837,61;83,01;1179,7;81,69;560,59;932,29;0;0;-296,22;97,03
15.06.2025;08:00;23463,94;1520,57;2849,86;3258,63;901,99;4749,97;5302,36;2160,12;89,47;1154,85;81,69;558,36;946,87;0;0;-206,9;96,1
15.06.2025;09:00;21966,78;1471,98;2448,3;3212,41;859,37;4632,38;4379,58;2159,67;92,52;1131,29;81,69;562,87;943,62;0;0;-104,73;95,83
15.06.2025;10:00;21549,44;1509,92;2615,02;3160,92;840,74;4622,64;3688,7;2187,77;79,71;1108,03;81,69;547,16;946,04;0;0;63,62;97,48
15.06.2025;11:00;21356,08;1469,62;2354,45;3149,04;857,18;4585,01;3721,28;2238,89;79,34;1088,06;81,69;555,11;953,81;0;0;122,99;99,61
15.06.2025;12:00;21457,69;1501,45;2554,51;3135,98;642,13;4580,69;3677,62;2225,54;78,43;1066,99;83,9;564,42;964,28;0;0;282,12;99,63
15.06.2025;13:00;22500,37;1537,45;2945,45;3142,73;828,81;4531,95;4209,88;2224,37;78,45;1050,03;81,69;550,91;963,15;0;0;257,68;97,82
15.06.2025;14:00;23708,85;1495,1;2744,66;3146,53;909,37;4521,71;5651,98;2316,85;78,97;1036,77;83,9;554,8;962,42;0;0;106,57;99,22
15.06.2025;15:00;25550,41;1544,17;3751,29;3161,66;1052,79;4922,11;5905,79;2271,36;77,97;1020,53;83,9;557,25;957,43;0;0;146,55;97,61
15.06.2025;16:00;28090,12;1543,61;4696,19;3228,44;1439,95;4878,21;6803,29;2582,53;81,12;1015,1;83,9;550,1;963,41;0;0;130,32;93,95
15.06.2025;17:00;31594,18;2159,89;4549,76;3386,27;1859,23;7178,13;7274,7;2084,48;83;969,02;83,9;551,09;970,78;0;0;347,02;96,91
15.06.2025;18:00;35404,59;3870,72;4908,87;3649,18;2249,48;9242,7;7589,86;1077,3;91,9;993,43;86,11;581,18;970,49;0;0;-0,82;94,19
15.06.2025;19:00;37915,59;5474,79;5426,56;3745,29;2571,4;10051,86;7713,24;175,52;91,84;1029,59;90,52;594,21;965,24;0;0;-111,56;97,09
15.06.2025;20:00;39947,26;5997,26;6907,52;3730,12;2634,88;10042,72;7806,64;6,37;92,36;1059,66;90,52;590,71;968,95;0;0;-82,53;102,08
15.06.2025;21:00;40089,64;5841,67;7576,05;3639,03;2663,44;10047,74;7483,75;0,01;92,48;1090,05;90,52;597,04;980,05;0;0;-112,22;100,03
15.06.2025;22:00;38764,42;5754,89;7236,38;3553,94;2540,27;10064,24;6785,77;0,01;92,39;1109,95;92,73;588,3;957,98;0;0;-110,42;97,99
15.06.2025;23:00;37114,09;5414,61;6540,78;3481,9;2409,99;10022,91;6415,23;0,01;92,42;1127,42;90,52;583,74;932,93;0;0;-93,86;95,49
16.06.2025;00:00;35576,58;4720,69;6000,06;3668,32;2367,71;9907,2;5995,16;0,02;92,29;1153,95;97,15;588,09;955,12;0;0;-66,23;97,05
16.06.2025;01:00;33860,78;3956,56;5043,46;3823,3;2271,14;9921,53;5744,06;0,02;92,65;1163,77;97,15;581,64;969,76;0;0;103,58;92,16
16.06.2025;02:00;32512,06;3844,14;4009,64;3973,24;2201,13;9880,89;5471,95;0,02;92,86;1176,03;101,56;579,7;975,27;0;0;120,53;85,1
16.06.2025;03:00;31580,5;3461,11;3591,92;4025,74;2148,83;9842,1;5393,13;0,14;92,09;1180,01;101,56;576,52;978,3;0;0;102,58;86,47
16.06.2025;04:00;31051,31;3190,51;3286,98;4076,05;2109,21;9810,07;5435,63;2,96;91,37;1201,99;101,56;575,24;969,8;0;0;117,8;82,14
16.06.2025;05:00;29908,66;3315,58;2363,87;4049,18;1876,61;9773,59;5336,51;85,35;87,4;1213,52;101,56;577,78;981,91;0;0;61,36;84,44
16.06.2025;06:00;28978,11;2749,65;2195,12;3898,48;1652,66;9511,21;5302,7;827,7;75,25;1214,78;112,6;587,42;985,54;0;0;-219,94;84,94
16.06.2025;07:00;28781,63;2438,66;2227,35;3977,01;1526,63;8817,46;4850,83;2105,51;75,84;1198,5;130,26;578,16;991,34;0;0;-219,54;83,62
16.06.2025;08:00;31529,83;2710,01;3068,49;4008,61;1870,09;9633,01;4487,06;2729,82;79,52;1112,59;139,09;573,28;994,07;0;0;40,26;83,93
16.06.2025;09:00;31700,43;2602,49;2838,48;4102,97;1934,05;9554,76;4640,54;3028,73;80,21;1053,42;143,51;569,05;993,39;0;0;71,87;86,96
16.06.2025;10:00;31243,01;2829,84;2803,4;4175,24;1723,95;8333,61;5157,8;3130,44;88,36;1038,88;158,96;579,51;993,53;0;0;144,39;85,1
16.06.2025;11:00;31687,41;2669,78;2871,92;4071,64;1637,51;8602,19;5325,41;3197,37;70,63;1011,67;165,59;566,41;992,68;0;0;417,28;87,33
16.06.2025;12:00;30391,14;2959,25;2687,67;3910,26;1543,44;7564,59;5293,65;3218,25;70,7;991,65;170;580,02;1003,36;0;0;310,45;87,85
16.06.2025;13:00;32077,34;3006,7;3037,55;3932,39;1617,47;8564,33;5332,06;3221,74;80,21;979;167,8;578,13;998,58;0;0;471,96;89,42
16.06.2025;14:00;33900;3345,15;3152,58;4001,03;1729,06;9475,06;5617,37;3108,85;64,28;983,74;170;573,77;1002,56;0;0;584,66;91,89
16.06.2025;15:00;35075,17;4334,37;2828,98;4149,18;1594,25;9649,75;6021,98;2946,18;73,99;972,95;170;567,9;1001,74;0;0;674,37;89,53
16.06.2025;16:00;37534,27;5476,81;3899,87;4317,78;1893,12;9865,04;6272,05;2719,33;83,41;965,86;161,17;557,54;995,85;0;0;236,08;90,36
16.06.2025;17:00;40187,53;6400,89;5478,93;4361,96;2222,28;9884,88;6605,47;2198,1;85,11;968,76;125,85;566,84;1003,93;0;0;195,28;89,25
16.06.2025;18:00;42244,6;8080,38;6425,34;4434,98;2322,04;10050,68;6861,88;1135,49;84,87;980,12;141,3;573,45;1003,47;0;0;59,53;91,07
16.06.2025;19:00;43679,71;9365,65;7178,49;4559,67;2543,98;10077,31;6811,47;176,96;85,09;994,31;145,72;572,31;988,56;0;0;89,76;90,43
16.06.2025;20:00;45316,54;9755,19;8383,03;4670,32;2842,73;10096,46;6561,48;2,89;84,72;1017,29;161,17;576,41;993,54;0;0;85,23;86,08
16.06.2025;21:00;45326,59;9334,33;8935,56;4725,64;2866,24;10091,66;6386,23;0,02;86,04;1044,81;181,04;573,56;988,43;0;0;25,15;87,88
16.06.2025;22:00;43486,92;9197,22;7800,48;4689,86;2680,9;10069,28;5984,09;0,02;85,59;1067,25;183,25;560,59;1002,01;0;0;77,06;89,32
16.06.2025;23:00;41420,64;8968,3;6593,63;4726,65;2497,81;10085,98;5510,32;0,01;85,29;1087,79;194,3;539,54;971,99;0;0;69,62;89,41
17.06.2025;00:00;38915,31;8290,52;5195,52;4694,77;2222,12;10066,28;5330,47;0,02;85,15;1112,15;211,96;550,52;958,19;0;0;103,36;94,28
17.06.2025;01:00;37047,2;7688,42;4373,18;4680,43;2063,37;10084,91;5022,29;0,02;84,46;1110,42;218,59;549,77;958,78;0;0;116,65;95,91
17.06.2025;02:00;35601,9;7091,28;3740,21;4688,11;1939,33;10088,07;4907,37;0,02;84,45;1141,17;220,8;555,35;954,36;0;0;97,03;94,35
17.06.2025;03:00;34486,3;7121,68;2985,73;4699,13;1967,35;10080,61;4475,05;0,02;84,29;1143,33;225,2;547,73;966,19;0;0;96,19;93,8
17.06.2025;04:00;34229,73;7193,5;2808,9;4686,36;1911,73;10083,77;4349,82;2,78;83,89;1145,3;223;551,66;965,01;0;0;128,03;95,98
17.06.2025;05:00;33054,88;6620,27;2374,75;4696,97;1821,29;10087,25;4223,19;91,01;80,82;1157,56;220,8;548,56;965,16;0;0;72,06;95,19
17.06.2025;06:00;31631,72;4905,71;2308,76;4722,89;1727,42;10092,82;4177,73;858,51;75;1155,83;225,2;548,37;965,52;0;0;-227,02;94,98
17.06.2025;07:00;30923,57;4115,85;2005,56;4718,73;1541,38;9598,33;3998,51;2133,44;71,39;1118,42;198,72;550,76;978,78;0;0;-199,1;92,8
17.06.2025;08:00;33183,31;4302,96;2726,33;4739,17;2012,98;9857,22;3805,81;2737,4;79,98;1078,38;163,9;559,98;972,47;0;0;47,19;99,54
17.06.2025;09:00;32804,63;3976,24;2303,3;4676,36;1992,6;9936,05;3900,78;2992,77;80,89;1062,9;158,96;560,54;979,61;0;0;89,27;94,36
17.06.2025;10:00;32213,16;3861,35;2166,25;4617,76;1645,75;9739,44;4046,93;3162,13;73,48;1045,11;165,59;553,48;946,95;0;0;96,48;92,46
17.06.2025;11:00;31971,37;3464,31;2187,7;4528,81;1535,15;9176,87;4303,51;3203,06;73,01;1016,75;163,38;542,1;962,91;0;0;721,34;92,47
17.06.2025;12:00;30567,66;3339,05;2040,41;4565,16;1415,15;8101,58;4629,71;3233,3;73,84;994;161,17;542,38;972,1;0;0;401,49;98,32
17.06.2025;13:00;32201,49;3417,87;2189,6;4616,36;1466,53;9079,41;4864,74;3215,98;72,08;967,9;161,17;545,54;984,65;0;0;522,91;96,75
17.06.2025;14:00;34360,81;3961,83;2703,38;4653,34;1588,8;9619,91;5312,15;3092,09;67,95;949,9;163,38;554,37;968,66;0;0;628,41;96,64
17.06.2025;15:00;35400,94;3991,18;3335,48;4719,64;1590,4;9732,41;5668,4;2950,61;70,47;935,36;161,17;535,26;966,96;0;0;648,05;95,55
17.06.2025;16:00;38073,24;5374,49;4004,23;4843,91;1809,58;9884,44;5977,89;2690,8;77,19;924,68;163,38;530,25;983,02;0;0;710,2;99,18
17.06.2025;17:00;40758,09;7585,38;4970,63;4844,03;2115,07;9909,32;6158,34;2245,43;79,23;931,4;194,3;531,61;990,33;0;0;103,41;99,61
17.06.2025;18:00;42739,59;9489,52;5839,72;4874,42;2241,63;9979,04;6275,22;1148,09;83,7;939,69;220,8;529,13;988,01;0;0;31,59;99,03
17.06.2025;19:00;44192,05;9829,14;7372,71;4857,2;2738,36;10021,86;6272,83;194,95;84,28;955,92;220,8;537,78;977,73;0;0;28,59;99,9
17.06.2025;20:00;45725,99;10037,24;8597,45;4875,52;2917,48;10012,89;6317,86;6,11;83,66;977,16;225,2;562,69;981,67;0;0;30,71;100,35
17.06.2025;21:00;45653,69;9744,34;8889,96;4868,5;2895,74;10007,63;6232,41;0,02;83,92;1009,14;223;562,3;1001,32;0;0;33,38;102,03
17.06.2025;22:00;43808,04;9482,38;7746,71;4816,05;2701,79;9990,76;6050,06;0,02;85,64;1031,92;223;542,79;990,23;0;0;51,25;95,44
17.06.2025;23:00;41618,22;9292,31;6505,8;4680,02;2460,18;10004,22;5668,1;0,01;86,11;1050,47;225,2;531,54;974,43;0;0;44,14;95,69
18.06.2025;00:00;39146,71;8985,3;4899,08;4609,58;2122,71;10006,84;5429,67;0,32;85,07;1074,52;220,8;550;999,97;0;0;64,08;98,77
18.06.2025;01:00;37319,81;8387,69;3935,32;4701,47;1990,55;10035,4;5137,06;0,02;85,69;1090,22;223;547,72;1005,8;0;0;82,93;96,94
18.06.2025;02:00;35912,1;8054,74;3135,1;4735,85;1887,55;10023,04;4920,06;0,02;85,95;1093,1;225,2;557,68;990,46;0;0;103,66;99,69
18.06.2025;03:00;34872,01;7938,09;2844,32;4744,61;1827,03;9356,79;4932,61;0,02;84,96;1130,07;223;572,16;996,56;0;0;119,84;101,95
18.06.2025;04:00;34342,04;7745,41;2494,51;4737,95;1801,44;9340,54;4986,93;2,7;84,71;1143,34;223;561,74;999,2;0;0;118,81;101,76
18.06.2025;05:00;33169,38;6763,16;2095,97;4702,85;1717,23;9619,72;4963,99;83,44;80,75;1160,17;225,2;568,36;995,21;0;0;89,85;103,48
18.06.2025;06:00;31834,77;5117,24;2015,28;4707,41;1507,01;9711,26;4973,46;830,45;76,29;1161,66;220,8;572,62;970,51;0;0;-130,51;101,29
18.06.2025;07:00;31174,11;4069,16;2021,38;4702,64;1378,62;9515,09;4576,9;2095,44;66,79;1135,81;196,51;564,03;979,93;0;0;-233,7;105,51
18.06.2025;08:00;33380,18;4173,74;2799,17;4679,12;1879,36;9740,99;4316,79;2703,38;82,07;1093,43;170,01;572,31;976,95;0;0;86,29;106,57
18.06.2025;09:00;33118,23;3848,03;2446,86;4717,02;1823,42;9828,2;4441,13;2984,77;83,48;1063,05;161,17;567,52;946,23;0;0;96,62;110,73
18.06.2025;10:00;32398,85;3658,8;1978,36;4653;1527,98;9481,05;4756,27;3145,04;74,13;1035;165,59;555,46;962,79;0;0;294,87;110,51
18.06.2025;11:00;32732,68;3816,91;2112,04;4564,95;1406,04;9002,1;4989,52;3238,69;74,93;1000,02;163,38;557,74;976,47;0;0;724;105,89
18.06.2025;12:00;31053,49;3847,14;1934,22;4565,89;1301,84;7492,2;5298,17;3237,48;74,83;974,37;163,38;557,72;981,53;0;0;517,92;106,8
18.06.2025;13:00;32441,15;3713,62;2232,9;4442,27;1381,01;8486,16;5570,85;3212,89;74,72;956,29;161,17;552,51;986,06;0;0;569,89;100,81
18.06.2025;14:00;34349,22;3550,48;2943,91;4390,23;1430,05;9414,04;6145,33;3119,96;83,52;936,43;161,17;571,61;981,29;0;0;526,72;94,48
18.06.2025;15:00;35899,64;4390,32;3436,34;4457,6;1511,41;9367,84;6458,79;2979,48;83,49;924,58;167,8;561,47;984,17;0;0;492,81;83,54
18.06.2025;16:00;38465,88;5556,2;4321,86;4451,41;1685;9842,7;6773,04;2683,9;84,68;921,62;172,22;568,8;993,89;0;0;316,07;94,49
18.06.2025;17:00;41432,87;7642,03;5299,76;4536,17;1904,4;9847,71;7078,19;2211,04;85,55;913,72;200,92;554,28;992,78;0;0;75,77;90,55
18.06.2025;18:00;43542,54;9459,82;6159,41;4486,88;2117,15;10002,11;7253,03;1150,7;85,87;932,09;220,8;485,68;987,04;0;0;101,59;100,37
18.06.2025;19:00;45015,81;9838,97;8107,17;4300,91;2383,82;10028,05;7224,9;200,46;84,49;951,23;223;570,85;964,16;0;0;36,9;100,9
18.06.2025;20:00;46396,75;10369,77;8885,36;4323,5;2549,13;9998,84;7314,32;1,72;85,19;984,3;225,2;554,56;961,75;0;0;48,86;94,25
18.06.2025;21:00;46391,27;10229,1;8871,79;4382,05;2618,31;10041,59;7274,33;0,02;85,16;1010,45;220,8;552,74;975,88;0;0;34,77;94,28
18.06.2025;22:00;44108,21;10227,63;7601,86;4453,38;2429,25;9452,65;6898,9;0,02;85,73;1036,59;220,8;555,76;960,95;0;0;91,38;93,31
18.06.2025;23:00;42634,76;9877,15;6519,81;4457,63;2258,04;10050,3;6404,32;0,01;86,34;1054,82;220,8;553,24;968,86;0;0;90,83;92,61
19.06.2025;00:00;40142,3;9148,32;5440,41;4475,51;2036,76;10023,28;5945,46;0,02;85,99;1070,35;220,8;558,95;965,32;0;0;77,77;93,36
19.06.2025;01:00;38077,23;8440,93;4473,31;4521,28;1993,02;10019,13;5522,17;0,02;85,5;1081,47;218,59;546,6;973,96;0;0;102,37;98,88
19.06.2025;02:00;36444,17;8133,95;3553,22;4628,6;1804,44;10021,65;5185,51;0,02;85,64;1108,54;223;554,63;974,53;0;0;73,1;97,34
19.06.2025;03:00;35449,96;7853,7;3041,98;4713,9;1660,64;10003,18;5095,41;0,02;84,98;1126,96;220,8;545,16;971,26;0;0;35,27;96,7
19.06.2025;04:00;34924,26;7624,29;2705,17;4730,51;1734,16;10013,88;5017,58;2,17;84,07;1138,02;216,38;555,68;971,95;0;0;32,64;97,76
19.06.2025;05:00;33640,56;6996,89;2140,06;4683,55;1632,51;9997,94;4919,07;84,42;81,17;1148,69;220,8;565,52;970,84;0;0;99,69;99,41
19.06.2025;06:00;32311,46;5424,9;2262,81;4658,34;1505,91;10004,5;4637,71;849,81;75,99;1154,01;220,8;572,62;964,97;0;0;-118,53;97,62
19.06.2025;07:00;31806,44;4790,65;2207,99;4674,02;1366,11;9866,13;3997,88;2120,18;66,01;1127,89;200,92;562,29;959,27;0;0;-212,06;79,16
19.06.2025;08:00;34099,91;5364,25;3322,32;4742,87;1854,85;9865,51;3237,35;2724,7;78,08;1087,96;167,8;567,92;960,71;0;0;47,7;77,89
19.06.2025;09:00;34201,33;5142,57;3351,08;4742,76;1880,68;9841,29;2758,81;3030,17;83,14;1043,54;161,17;567,47;941,04;0;0;580,82;76,79
19.06.2025;10:00;33747,25;4531,15;3507,89;4742,49;1807,49;9868,41;2603,87;3231,22;83,82;1010;161,17;564,16;950,3;0;0;612,07;73,21
19.06.2025;11:00;33833,31;4315,12;3382,12;4731,54;1716,89;9868,65;3103,39;3326,21;84,34;979,84;163,38;555,7;957,64;0;0;570,24;78,25
19.06.2025;12:00;32199,32;3930,79;2149,55;4696,36;1428,47;9861,3;3512,79;3351,56;75,97;952,19;165,59;578,44;960,02;0;0;457,98;78,31
19.06.2025;13:00;33612,52;4534,94;2591,02;4653,83;1485,93;9929,24;3702,84;3350,17;74,89;927,89;161,17;573,12;963,07;0;0;597,24;67,17
19.06.2025;14:00;35649,58;5163,18;3928,32;4682,65;1577,6;9866,21;3810,83;3280,49;84,33;911,56;165,59;565,54;960,36;0;0;579,13;73,79
19.06.2025;15:00;37267,2;6139,47;4557,2;4693,67;1613,41;9957,92;3934,35;3074,7;79,87;894,98;161,17;564,21;956,74;0;0;565,13;74,38
19.06.2025;16:00;40037,45;7862,74;5474,95;4758,99;1908,57;10025,72;4267,36;2802,48;85,55;899,42;172,22;559,73;963,52;0;0;179,06;77,14
19.06.2025;17:00;42682,83;10122,8;6103,15;4714,64;2042,33;9997,34;4520,36;2301,62;84,2;908,48;200,92;556,83;962,86;0;0;91,61;75,69
19.06.2025;18:00;44561,39;11287,97;7855,87;4706,03;2275,67;10018,32;4331,73;1175,95;85,85;921,5;220,8;573,2;963,66;0;0;51,58;93,26
19.06.2025;19:00;45931,18;11466,14;9829,31;4781,52;2526,16;10012,94;4108,47;197,77;87;939,17;220,8;572,04;954,51;0;0;135,79;99,56
19.06.2025;20:00;47480,4;11532,77;11359,28;4855,38;2560,88;10028,84;4149,4;1,98;86,65;972,68;220,79;564,54;968,48;0;0;81,02;97,71
19.06.2025;21:00;47545,13;11476,1;11565,31;4887,23;2606,87;10028,23;3988,9;0,01;87,2;1006,57;220,8;566,45;964,27;0;0;50,47;96,72
19.06.2025;22:00;45599,27;11534,19;10100,21;4910,26;2386,87;10030,95;3576,1;0,01;86,54;1031,94;220,8;575,27;958,66;0;0;87,63;99,84
19.06.2025;23:00;43489,25;11512,55;8793,99;4893,89;2167,9;10044,88;3103,78;0,01;87,8;1058,37;225,2;557,26;939,53;0;0;4,52;99,57
20.06.2025;00:00;40640,7;10926,31;7095,55;4898,33;1895,28;9927,19;2788,37;0,02;85,77;1080,79;218,59;563,31;967,33;0;0;93,76;100,1
20.06.2025;01:00;38602,11;10747,81;5582,85;4949,18;1872,92;9745,37;2672,58;0,02;85,54;1098,07;223;551,87;944,41;0;0;26,87;101,62
20.06.2025;02:00;36971,82;10633,06;4230,3;4939,35;1761,85;9632,17;2706,47;0,02;85,75;1112,64;220,8;571,97;949,08;0;0;26,37;101,99
20.06.2025;03:00;35815,21;10456,33;3084;4949,16;1633,98;9655,36;2866,92;0,02;85,73;1129,4;220,8;561,24;941,38;0;0;130,45;100,44
20.06.2025;04:00;35130,31;10321,28;2399,84;4934,08;1576,53;9747,45;2951,95;2,38;85,22;1148,9;223;563,07;944,41;0;0;131,46;100,74
20.06.2025;05:00;34072,42;9324,21;2277,48;4912,1;1465,4;9762,01;3054,53;86,66;83,58;1156,97;223;561,52;939,88;0;0;125,74;99,34
20.06.2025;06:00;32795,63;7893,99;1921,17;4965,61;1351,24;9763,95;3082,65;860,11;77,03;1158,66;220,8;555,05;949,25;0;0;-104,8;100,92
20.06.2025;07:00;32448,67;6778,9;1798,41;4942,92;1248,37;9740,16;2965,19;2124,34;77,72;1143;198,72;555,32;962,88;0;0;-187,31;100,05
20.06.2025;08:00;33974,65;7468,56;2783,37;4959,16;1623,07;9124,44;2270,81;2728,59;79,57;1102,49;167,8;554,25;969,91;0;0;43,65;98,98
20.06.2025;09:00;34712,26;7107,32;3262,42;4883,96;1659,83;9727,96;2037,59;3019,31;85,7;1037,82;158,96;565,48;967,38;0;0;97;101,53
20.06.2025;10:00;34005,61;5953,08;3172,4;4806,52;1603,45;9682,82;2319,44;3211,82;84,92;1000,04;161,17;566,41;971,06;0;0;381,76;90,72
20.06.2025;11:00;34112,06;5216,95;3229,78;4731,11;1575,7;9558,15;2988,65;3322,64;85,83;965,72;163,38;562,34;966,41;0;0;638,49;106,91
20.06.2025;12:00;32013,94;3999,76;2078,09;4745,07;1383,37;9481,39;3708,5;3319,71;85,66;933,66;161,17;561,38;979,51;0;0;471,2;105,47
20.06.2025;13:00;32368,32;4515,85;2234,65;4731,65;1278,2;8898,45;4250,18;3315,21;77,37;904,67;163,38;568,88;973,66;0;0;365,39;90,78
20.06.2025;14:00;35733,8;5321,69;3413,74;4759,57;1358,89;9527,7;4840,7;3226,23;85,13;884,66;163,38;569,18;988,71;0;0;492,7;101,52
20.06.2025;15:00;37536,52;6259,23;3715,89;4863,49;1419,07;9692,54;5388,86;3059,23;85,06;873,72;165,59;566,56;982,33;0;0;362,19;102,76
20.06.2025;16:00;40119,99;7494,32;4447,33;4961,72;1536,66;9692,27;5989,54;2803,31;86,3;863,22;165,59;571,46;987,36;0;0;419,29;101,62
20.06.2025;17:00;42827,26;9328,81;5714,37;4972;1771,2;9690,62;6155,53;2277,41;85,63;863,45;196,5;564,83;992,44;0;0;112,62;101,85
20.06.2025;18:00;44577,34;9844,82;7569,69;4930,34;2071,69;9736,36;6402,25;1122,54;84,93;868,56;218,59;566,78;1003,99;0;0;64,14;92,66
20.06.2025;19:00;45939,17;10080,45;9358,05;4787,14;2468,84;9756,79;6358,86;198,53;86,38;899,63;220,8;570,04;996,56;0;0;54,6;102,5
20.06.2025;20:00;47278,33;10149,66;10511,6;4678,46;2716,09;9742,24;6489,75;5,8;96,59;933,4;225,2;573,59;992,62;0;0;66,77;96,56
20.06.2025;21:00;46999,02;9858,35;10461,05;4596,18;2580,45;9750,35;6742,74;0,02;109,22;954,36;220,8;573,77;998,33;0;0;52,12;101,28
20.06.2025;22:00;45310,37;9793,96;9220,34;4512,16;2237,32;9727,63;6744,86;0,02;105,91;980,63;223;569,26;978,6;0;0;117,14;99,54
20.06.2025;23:00;42565,79;9156,34;8188,53;4532,04;2003,68;9154,51;6554,97;0,01;97,03;1003,91;223;564,88;981,2;0;0;5,89;99,8
21.06.2025;00:00;40765,23;8527,13;6683,56;4516,39;2016,68;9754,36;6168,25;0,02;94,72;1028,93;220,8;572,91;998,65;0;0;81,44;101,39
21.06.2025;01:00;38836,63;7828,69;5482,75;4493,33;1941,33;9753,02;6253,9;0,02;93,9;1076,19;220,8;576,45;999,26;0;0;14,97;102,02
21.06.2025;02:00;37261,49;7456,78;4253,06;4514,82;1842,27;9719,43;6330,32;0,02;93,93;1106,83;225,2;575,74;996,05;0;0;45,11;101,93
21.06.2025;03:00;36058,06;6706,73;3948,74;4513,03;1842,69;9541,2;6317,38;0,02;93,89;1117,91;220,8;572,18;1001,68;0;0;82,31;99,5
21.06.2025;04:00;35292,33;5913,65;3636,61;4519,07;1862,08;9509,01;6720,9;2,25;93,48;1131,35;223;562,23;997,59;0;0;22,34;98,77
21.06.2025;05:00;33861,53;4905,62;3086,81;4528,47;1789,71;9518,56;6794,33;77,17;90,6;1150,04;220,8;571,84;998,28;0;0;30;99,3
21.06.2025;06:00;32413,68;4097,67;2750,05;4432,28;1514,26;9221,44;6650,2;817,42;79,42;1149,02;220,79;557,86;984,04;0;0;-158,64;97,87
21.06.2025;07:00;31044,33;2868,15;3126,33;4347,91;1316,78;8137,38;6462,02;2028,03;78,91;1132,85;218,59;547,31;984,13;0;0;-301,1;97,04
21.06.2025;08:00;31735,5;2708,07;3083,62;4285,74;1408,12;8257,16;6624,88;2631,66;82,43;1097,53;220,8;546,83;971,89;0;0;-273,63;90,4
21.06.2025;09:00;31453,41;2497,13;2803,61;4205,98;1444,25;8267,32;6646,42;2835,72;81,8;1070,39;198,72;543,1;963,5;0;0;-194,23;89,7
21.06.2025;10:00;30962,42;2537,52;3207,57;4150,12;1402,39;6856,93;6491,04;3079,07;81,68;1042,39;170,01;534,06;963,28;0;0;364,85;81,51
21.06.2025;11:00;31037,56;2542,03;3179,54;4025,42;1445,96;6855,48;6477,36;3218,76;81,78;1019,33;163,38;555,67;979,05;0;0;412,23;81,57
21.06.2025;12:00;30156,26;2423,13;2760,77;4010,77;1265,7;6479,72;6769,24;3230,28;81,8;998,39;163,38;546,71;977,1;0;0;369,64;79,63
21.06.2025;13:00;31253,28;2523,97;3152,6;4029,26;1296,42;6676,26;7153,52;3181,08;92,24;979,76;165,59;556,03;968,46;0;0;398,08;80,01
21.06.2025;14:00;33139,72;2372,66;3129,88;4083,37;1394,47;8339,64;7622,74;3024,11;91,25;965,01;161,17;546,44;967,97;0;0;346,61;94,4
21.06.2025;15:00;34672,72;2438,14;4123,13;4015,68;1427,88;8788,48;7916,6;2824,19;82,93;957,41;163,38;540,08;952,61;0;0;350,68;91,53
21.06.2025;16:00;36456,44;2478,39;5074,09;4080,63;1487,18;9216,74;8420,29;2469,91;83,61;937,06;172,22;541,37;946,31;0;0;446,53;102,11
21.06.2025;17:00;39161,52;3587,57;6639,76;4183,45;1656,85;9530,62;8801,79;1430,09;86,1;939,93;200,92;550,48;974,53;0;0;477,59;101,84
21.06.2025;18:00;41895,33;5765,15;7377,97;4263,12;2088,44;9695,06;9359,07;522,7;93,08;985,41;223;555,08;981,97;0;0;-111,67;96,95
21.06.2025;19:00;43061,4;6448,09;8082,86;4291,82;2383,49;9727,83;9116,08;97,97;91,02;1011,03;223;570,03;982,4;0;0;-64,68;100,46
21.06.2025;20:00;44467,28;6792,03;9192,14;4287,38;2518,15;9695,44;9011,9;3,8;92,1;1026,94;220,8;567,16;954,7;0;0;-2,26;107
21.06.2025;21:00;44434,96;6488,99;9304,7;4302,27;2541,7;9645,65;9181,08;0,02;92,44;1060,63;220,8;567,45;947,72;0;0;-26,24;107,75
21.06.2025;22:00;42657,78;6094,26;7925,15;4311,39;2338,07;9647,67;9281,09;0,02;92,77;1092,88;220,8;562,05;976,84;0;0;5,45;109,34
21.06.2025;23:00;40586,12;5869,35;6662,75;4315,56;2074,7;9638,73;9020,46;0,01;92,71;1117,64;223;565,12;968,43;0;0;-67,8;105,46
22.06.2025;00:00;37889,66;4841,95;5936,32;4057,75;1925,25;9363,47;8653,82;0,02;92,34;1137,63;192,09;562,98;952,54;0;0;67,4;106,1
22.06.2025;01:00;36308,89;4572,17;5776,49;4074,54;1923,65;8584,38;8368,2;0,02;92,84;1151,09;170,01;574,39;948,68;0;0;-37,71;110,14
22.06.2025;02:00;34639,82;4532,47;4968,46;4052;1812,93;8365,29;7964,72;0,02;90,33;1161,15;163,38;569,5;933,46;0;0;-81,25;107,36
22.06.2025;03:00;33662,25;4435,15;4393,86;4047,78;1773,78;8353,64;7728,55;0,02;87,76;1175,48;158,96;577,58;933,06;0;0;-107,38;104,01
22.06.2025;04:00;32794,24;4041,29;3929,17;4083,24;1870,96;8337,39;7737,6;1,69;92,49;1187,55;161,17;572,77;930,02;0;0;-253,14;102,04
22.06.2025;05:00;31172,34;3244,62;3156,89;4103,11;1709,94;8243,37;7910,64;71,7;86,4;1194,66;161,17;568,02;940,59;0;0;-320,74;101,97
22.06.2025;06:00;28903,58;2453,33;3056,76;3868,52;1624,39;6604,62;7869;749,69;77,32;1201,58;161,17;581,45;931,36;0;0;-377,19;101,58
22.06.2025;07:00;26735,88;2058;2412,74;3714,58;1188,57;5465,04;7559,97;1926,64;78;1184,09;161,17;558,07;914,32;0;0;-587,47;102,16
22.06.2025;08:00;24583,04;1892,67;2834,11;3599,34;812,78;4057,18;6887,27;2022,6;80,27;1155,29;163,38;547,83;890,67;0;0;-459,31;98,96
22.06.2025;09:00;23133,12;1746,66;2400,09;3536,1;534,85;4109,04;6273,14;2044,18;79,06;1134,74;158,96;569,39;897,52;0;0;-451,31;100,7
22.06.2025;10:00;22570,56;1885,61;2358,74;3401,63;487,4;4094,35;5719,58;2063,2;78,54;1114,61;163,38;594,65;904,48;0;0;-399,51;103,9
22.06.2025;11:00;22482,14;2052,49;2581,68;3322,28;551,19;4102,62;4957,48;1885,51;78,87;1092,77;158,96;585,62;908,51;0;0;95,84;108,32
22.06.2025;12:00;22519,86;2089,79;2672,93;3310,34;538,57;4107,86;4880,7;1888,43;78,12;1068,89;167,8;564,6;919,51;0;0;127,92;104,4
22.06.2025;13:00;23852,77;2115,1;2759,52;3298,24;484,89;4098,35;6033,02;2034,11;80,23;1049,86;163,38;571,77;917,55;0;0;145,23;101,52
22.06.2025;14:00;25015,49;2079,08;2633,79;3299,5;533,13;4124,45;7223,66;2076,96;79,05;1030,39;163,38;558,89;916,05;0;0;194,51;102,65
22.06.2025;15:00;26833,76;2015,41;3445,55;3326,18;837,3;4355,92;7673,17;2155,37;79,73;1017,6;165,59;569,91;922,38;0;0;167,9;101,75
22.06.2025;16:00;29337,77;2067,76;4210,19;3394,23;1053,86;4677,19;8601,99;2302,61;82,09;1007,79;167,8;582,11;912,88;0;0;171,13;106,14
22.06.2025;17:00;33086,96;2485;4869,37;3552,53;1491,63;6863,37;8760,76;1854,68;80,67;1006,66;165,59;589,18;921,24;0;0;337,81;108,47
22.06.2025;18:00;36448,53;4030,48;6050,18;3802,63;1834,15;8044,02;8675,08;583,5;92,96;1016,13;163,38;613,67;935,97;0;0;502,63;103,75
22.06.2025;19:00;38752,49;5371,38;6676,57;3926,65;2225,2;9058,77;8572,85;91,79;90,78;1032,92;163,38;615,32;962,51;0;0;-142,44;106,81
22.06.2025;20:00;40884,91;6470,24;7481,8;3971,22;2349,77;9314,01;8387,03;3,08;91,84;1061,56;165,59;595,49;962,29;0;0;-74,66;105,65
22.06.2025;21:00;40920,39;6206,49;8262,98;3977,81;2371,15;9340,95;7845,84;0,02;91,26;1087,93;158,96;594,18;967,06;0;0;-90,64;106,4
22.06.2025;22:00;39831,85;5968,53;8026,49;3987,59;2220,31;9350,34;7352,28;0,02;92;1115,67;158,96;598,59;949,05;0;0;-90,41;102,43
22.06.2025;23:00;38175,24;5876,04;7172,25;4007,2;1911,17;9350,07;6888,69;0,01;93,34;1110,5;194,3;588,05;952,07;0;0;-70,76;102,31
23.06.2025;00:00;36587,4;5550,91;6037,9;4045,87;1941,59;9348,05;6601,12;0,02;93,44;1153,77;220,8;595,34;939,45;0;0;-46,17;105,31
23.06.2025;01:00;34844,06;5571,37;4553,99;4079,43;1788,32;9344,86;6252,66;0,02;92,74;1174,3;220,8;607,41;932,34;0;0;121,94;103,88
23.06.2025;02:00;33518,76;5518,19;3713,69;4138,26;1613,46;9346,55;6020,16;0,02;92,49;1191,57;223;592,04;922,11;0;0;45;102,22
23.06.2025;03:00;32619,16;5104,36;3351,8;4169,53;1578,66;9285,52;5924,95;0,02;92,37;1198,44;223;600,72;938,81;0;0;44,03;106,95
23.06.2025;04:00;32116,62;4856,42;3085,3;4207,23;1632,14;9281,83;5842,05;2,13;92,56;1208,88;220,8;597,17;943,42;0;0;41,05;105,64
23.06.2025;05:00;30994,5;4668,18;2524,89;4194,64;1525,31;9306,3;5492,96;77,2;84,84;1215,33;225,2;602,71;944,22;0;0;26,32;106,4
23.06.2025;06:00;30036,29;3880,51;2410,93;4266,92;1293,55;9311,69;4998,03;813,45;74,9;1212,54;223;611,02;939,51;0;0;-102,21;102,45
23.06.2025;07:00;29878,83;3542,02;2493,43;4321,13;1217,75;8749,41;4526,64;2085,89;74,75;1199,45;200,92;600,69;948,3;0;0;-183,73;102,18
23.06.2025;08:00;32947,18;4107,55;3932,91;4444,16;1683,15;8821,27;4075,66;2715,06;87,06;1166,84;167,8;607,06;958,91;0;0;79,29;100,46
23.06.2025;09:00;33055,8;4002,6;3187,66;4424,63;1720,87;9476,95;3950,23;3020,47;84,62;1139,9;158,96;603,19;945,8;0;0;246,41;93,51
23.06.2025;10:00;32567,7;3756,18;2855,61;4510,1;1484,13;9434,67;4033,14;3202,59;83,3;1107,27;162,38;614,31;939,34;0;0;292,11;92,57
23.06.2025;11:00;32549,32;3149,65;2683,21;4361,67;1386,48;9694,87;4463,23;3277,48;83,01;1081,59;161,4;611,42;944,48;0;0;550,45;100,38
23.06.2025;12:00;31087,22;3224,12;2667,4;4258,11;1255,15;8158,88;4851,56;3288,53;83,64;1055,5;163,38;609,68;941,85;0;0;430,53;98,89
23.06.2025;13:00;32665,08;3321,38;2804,82;4250,64;1353,79;9331,68;5004,72;3287,68;83,09;1026,67;163,34;621,76;942,03;0;0;374,13;99,35
23.06.2025;14:00;34898,71;3719,73;3671,5;4330,93;1499,79;9988,21;5268,49;3208,56;91,95;1002,9;161,17;611,83;947,68;0;0;304,67;91,3
23.06.2025;15:00;36376,35;4293,77;4595,35;4358,33;1496,38;9979,44;5493,48;3073,44;83,64;991,93;158,96;603,79;941,91;0;0;204,56;101,37
23.06.2025;16:00;39215,76;5892,72;5580,72;4402,12;1664,58;10040,02;5651,13;2811,84;91,17;978,71;165,59;608,99;943,83;0;0;279,05;105,29
23.06.2025;17:00;41973,05;7526,77;6809,6;4502;1802,45;9934,11;5910,56;2331,38;93,73;975,38;198,71;610,94;941,73;0;0;229,7;105,99
23.06.2025;18:00;44024,67;10052,32;7226,05;4538,48;1912,13;10072,65;6011,37;1201,03;93,97;980,93;218,59;617,1;949,55;0;0;40,89;109,61
23.06.2025;19:00;45513,56;10955,25;8490,79;4456,34;2353,83;10080,69;5968,54;227,82;93,48;997,79;220,8;600,33;939,23;0;0;22,57;106,1
23.06.2025;20:00;46872,7;11265,67;9391,76;4382,3;2510,07;10092,17;6156,88;3,49;94,49;1021,94;220,8;612,96;942,4;0;0;77,33;100,44
23.06.2025;21:00;46817,88;11049,8;9552,09;4384,6;2366,38;10125,71;6251,6;0,02;94,65;1057,05;223;612,66;954,54;0;0;42,47;103,31
23.06.2025;22:00;45125,68;10684,45;8556,79;4394,03;2128,78;10102,65;6181,94;0,02;94,43;1087,18;223;610,16;954,97;0;0;4,16;103,12
23.06.2025;23:00;43159,45;10080,4;7537,27;4412,9;1953,12;10128,44;6004,69;0,01;94,27;1105,98;220,8;601,89;960,33;0;0;-40,85;100,2
24.06.2025;00:00;40561,53;9769,45;5869,22;4464,56;1814,84;10127,44;5311,65;0,02;95,17;1127,7;223;604,01;978,21;0;0;73,49;102,77
24.06.2025;01:00;38571,08;9491,92;4855,23;4451,58;1680,91;10122,1;4858,12;0,02;94,48;1153,83;220,8;612,28;976,98;0;0;-55,36;108,19
24.06.2025;02:00;36980,63;9300,52;3612,23;4464,02;1566,15;10121,42;4712,6;0,02;93,71;1172,14;220,8;602,94;980,1;0;0;26,85;107,13
24.06.2025;03:00;35897,16;8660,11;3382,43;4516,13;1487,96;10131,88;4489,74;0,02;94,05;1187,78;220,8;594,15;986,9;0;0;38,72;106,49
24.06.2025;04:00;35391,38;8826,01;2836,89;4553,01;1501,26;10127,75;4306,66;2,22;93,87;1199,06;223;596,78;971,51;0;0;48,27;105,09
24.06.2025;05:00;34086,54;8177,14;2184,34;4568,02;1385,64;10135,37;4331,8;89,03;93,46;1208,54;223;604,35;968,81;0;0;12,73;104,31
24.06.2025;06:00;32785,9;6957,79;1724,59;4532,06;1257,53;10139,13;4284,05;849,38;85,62;1189,82;216,38;614,24;976,3;0;0;-145,91;104,92
24.06.2025;07:00;31902,97;5651,15;1732,6;4577,56;1206,13;10059,13;3642,81;2136,21;84,19;1169,87;196,51;605,23;972,7;0;0;-238,47;107,35
24.06.2025;08:00;33883,28;6445,93;2445,31;4586,06;1485,1;10102,06;2977,01;2767,56;91,39;1127,04;167,8;602,74;961,13;0;0;16,57;107,58
24.06.2025;09:00;34072,89;6374,75;2780,59;4601,56;1567,51;10093,81;2545,88;3059,86;92,71;1089,95;163,38;599,23;959,15;0;0;46,66;97,85
24.06.2025;10:00;33501,91;5930,78;2684,68;4603,01;1460,57;10100,28;2464;3240,56;90,28;1051,59;161,17;597,48;969,19;0;0;48,32;100
24.06.2025;11:00;33650,78;5463,84;2704,14;4596,33;1432,85;10078,34;2556,31;3328,94;82,6;1018,88;163,38;596,09;957,57;0;0;570,69;100,82
24.06.2025;12:00;32175,67;5353,73;2316,93;4643,85;1314,76;9241,96;2643,11;3334,33;80,64;992,25;161,17;600,55;952,66;0;0;445,23;94,5
24.06.2025;13:00;33719,53;5751,32;2970,49;4602,49;1448,11;9597,65;2767,98;3352,45;89,64;968,44;165,59;597,27;978,8;0;0;329,9;99,4
24.06.2025;14:00;35763,67;6320,19;3988,67;4612,65;1520,77;9831,45;3088,54;3256,75;90,02;950,25;163,38;598,13;973,98;0;0;272,55;96,34
24.06.2025;15:00;37237,27;7742,39;3673,84;4602,05;1442,91;10122,6;3551,47;3073,56;89,04;935,39;163,38;585,63;958,01;0;0;196,5;100,5
24.06.2025;16:00;39827,48;8800,44;4511,51;4639,35;1578,13;10116,24;4005,37;2841,4;90,41;929,05;170,01;584,75;960,16;0;0;503,34;97,32
24.06.2025;17:00;42636,91;10813,23;5607,06;4766,32;1719,44;10113,85;4323,81;2401,57;90,66;935,63;203,12;580,54;948,41;0;0;33,16;100,11
24.06.2025;18:00;44498,26;11845,18;7400,32;4796,77;1835,68;10107,59;4372,99;1238,73;89,95;947,48;223;588,68;955,64;0;0;-6,72;102,97
24.06.2025;19:00;46009,47;12004,72;9668,02;4640,23;2202,04;10132,44;4260,59;224,04;90,22;970,23;220,8;604,4;960,32;0;0;-68,12;99,54
24.06.2025;20:00;47329,94;12282,98;10246,59;4648,3;2367,37;10128,99;4726,82;9,56;90,95;999,2;218,59;598,95;959,63;0;0;-52,25;104,26
24.06.2025;21:00;47526,17;12541,02;10119,34;4640,28;2300,45;10108,93;4827,54;0,02;91,85;1036,74;218,59;599,39;969,44;0;0;-30,42;103
24.06.2025;22:00;45845,75;12335,78;9089,06;4654,99;2054,03;10114,17;4571,75;0,02;93,17;1066,42;220,8;594,15;970,82;0;0;-22,95;103,54
24.06.2025;23:00;43912,98;12284,89;7650,96;4666,39;1858,66;10096,52;4293,46;0,01;90,24;1089,01;223;589,48;973,5;0;0;-7,15;104,01
25.06.2025;00:00;41530,46;11842;5938,46;4664,17;1776,17;10104,94;4159,91;0,02;94,38;1107,94;220,8;565,12;945,36;0;0;-1,9;113,09
25.06.2025;01:00;39350,52;11224,2;4793,87;4533,69;1670,57;10116,06;3968,26;0,02;91,7;1122,27;216,38;556,13;948,11;0;0;1,07;108,19
25.06.2025;02:00;37796,15;10704,55;3958,73;4528,77;1552,22;10124,52;3800,84;0,02;92,05;1155,21;223;551,43;953,96;0;0;40,93;109,92
25.06.2025;03:00;36538,25;10022,2;3309,53;4562,75;1468,14;10143,15;3902,93;0,02;91,82;1163,17;225,2;544,31;959,02;0;0;33,72;112,29
25.06.2025;04:00;35976,07;9653,29;3343,68;4547,19;1403,81;10143,2;3734,44;2,06;91,38;1164,91;220,8;532,14;952,58;0;0;81,41;105,18
25.06.2025;05:00;34681,87;8831,29;2680,26;4574,39;1383,36;10135,42;3886,47;85,44;87,97;1184,98;218,59;536,8;936,47;0;0;35,44;104,99
25.06.2025;06:00;33371,59;7414,7;2118,13;4630,84;1308,61;10131,4;3928,14;869,11;84,14;1184,82;220,8;537,4;936,8;0;0;-96,16;102,86
25.06.2025;07:00;32699,22;6127,22;1946,51;4688,89;1197,12;10003,73;3562,52;2168,08;89,58;1157,48;216,38;578,96;935,98;0;0;-75,04;101,81
25.06.2025;08:00;35032,04;6542,09;3245,89;4671,84;1467,71;10143,39;3116,27;2755,41;86,2;1114,8;220,8;585,75;942,96;0;0;35,88;103,05
25.06.2025;09:00;35293,3;6406,05;3838,55;4634,83;1584,77;9908,85;2844,91;3069,08;89,65;1064,08;220,8;580,74;920,06;0;0;25,59;105,34
25.06.2025;10:00;34795,41;5937,03;3639,45;4633,81;1499,67;9910,83;3061,41;3273,41;83,46;1023,33;220,8;577,1;876,22;0;0;-40,18;99,07
25.06.2025;11:00;35290,77;5343,92;3366,54;4676,67;1445,05;10147,05;3556,43;3333,99;84,68;989,4;220,8;579,38;894,12;0;0;554,99;97,75
25.06.2025;12:00;33495,59;4963,23;2349,33;4656,51;1266,51;9795,27;3900,16;3394,37;83,79;953,37;220,8;582,06;908,56;0;0;324,7;96,93
25.06.2025;13:00;35214,33;6261,52;2740,67;4481,48;1317,63;9765,53;3996,48;3371,24;84,31;908,65;220,8;581,6;893,59;0;0;495,74;95,09
25.06.2025;14:00;37436,95;6801,03;3658,7;4481,02;1526,12;9767,74;4616,25;3268,09;91,22;878,3;223;589,23;907,09;0;0;531,1;98,06
25.06.2025;15:00;39140,8;7734,25;4016,28;4564,83;1501,3;9785,14;5135,25;3103,11;92,1;869,35;220,8;583,66;916,26;0;0;517,69;100,78
25.06.2025;16:00;41662,48;8725,14;5135,91;4712,56;1553,88;9753,5;5660,71;2848,35;91,82;862,47;223;597,34;900,51;0;0;501,57;95,72
25.06.2025;17:00;44214,71;10851,67;5832,1;4780,84;1728,71;9683,49;6216,82;2357,2;90,17;863,79;218,59;606,18;903,92;0;0;-16,19;97,42
25.06.2025;18:00;45864,87;11807,7;7203,67;4727,77;1978,18;9652,85;6522,03;1228,8;91,97;866,14;223;587,67;906,89;0;0;-31,14;99,34
25.06.2025;19:00;47368,23;12018,16;8870,38;4713,94;2323,04;9665,6;6808,38;220,85;91,87;903,09;220,8;598,79;893,17;0;0;-61,53;101,69
25.06.2025;20:00;48762,55;12397,39;9832,54;4661,09;2434,34;9675,67;6975,87;3,48;93,2;918,67;220,79;604,11;902,88;0;0;-53,67;96,19
25.06.2025;21:00;48782,64;11983,47;10060,46;4694,44;2428,18;9667,03;7132,43;0,01;93,66;957,67;223;590,55;924,98;0;0;-74,48;101,24
25.06.2025;22:00;46992,64;11981,59;8834,46;4476,52;2229,99;9666,2;6862,83;0,01;93,12;995,79;220,8;595,62;931,38;0;0;3,23;101,1
25.06.2025;23:00;44938,5;11974,26;7650,07;4448,45;1954,52;9651,88;6329,07;0,01;93,17;1025,86;223;588,21;917,3;0;0;-15,75;98,45
26.06.2025;00:00;42379,34;11514,74;6098,02;4465,55;1878,16;9665,36;5781,29;0,02;92,82;1046,15;220,8;602,34;920,31;0;0;0,58;93,2
26.06.2025;01:00;40282,77;10936,97;5166,56;4489,83;1701,11;9652,95;5359,2;0,02;92,3;1050,89;220,8;593,58;911,33;0;0;19,01;88,22
26.06.2025;02:00;38545,88;10747,28;4089,1;4466,81;1541,6;9536,55;5086,39;0,02;91,2;1096,23;223;603,41;922,28;0;0;55,16;86,85
26.06.2025;03:00;37347,14;10375,56;3484,93;4501,14;1368,15;9610,28;4976,14;0,02;92,84;1107,33;223;599,34;925,42;0;0;3,76;79,23
26.06.2025;04:00;36827,88;10535,2;2918,31;4504,2;1321,26;9680,01;4786,28;2,04;92,37;1130,49;223;591,04;924,13;0;0;40,53;79,02
26.06.2025;05:00;35491,98;10052,92;2114,53;4524,49;1232,77;9684;4740,7;82,99;89,85;1140,91;220,8;598,59;916,25;0;0;13,83;79,35
26.06.2025;06:00;34309,5;8627,84;1818,65;4557,9;1222,55;9690,11;4553,78;875,36;85,21;1142,73;225,22;598,44;916,23;0;0;-83,38;78,86
26.06.2025;07:00;33509,74;7130,35;1925,51;4593,23;1176,23;9617,37;3997,43;2168,33;85,74;1121,8;220,8;594;919,17;0;0;-116,49;76,27
26.06.2025;08:00;35980,45;9124,42;2212,61;4496,78;1448,87;9608,57;3369,78;2727,47;89,02;1068,84;220,8;597,41;937,96;0;0;-1,08;79
26.06.2025;09:00;36473,84;9063,16;2841,36;4462,25;1486,3;9620,82;3005,69;3030,58;89,92;1022,99;220,8;582,99;939,73;0;0;31,3;75,95
26.06.2025;10:00;35972,35;8460,93;2871,26;4450,13;1496,66;9584,85;2987,17;3188,3;89,56;961,67;220,8;590,12;943,21;0;0;54,22;73,47
26.06.2025;11:00;36317,37;8318;3220,47;4376,21;1399,02;9301,54;3151,66;3297,66;89,08;928,93;223;590,78;931,51;0;0;415,8;73,71
26.06.2025;12:00;35136,22;7256,6;3294,61;4369,51;1311,04;9244,01;3505,42;3278,86;82,69;901,49;220,8;587,22;911,04;0;0;102,37;70,56
26.06.2025;13:00;36835,12;7953,94;3750,16;4351,15;1319,95;9362,94;4074,49;3257,86;83,43;866,86;220,8;591,99;922,82;0;0;6,51;72,22
26.06.2025;14:00;39204,77;9022,83;4094,36;4385,16;1429,61;9422,24;4737,14;3166,91;89,26;856,94;218,59;597,5;917,74;0;0;192,73;73,76
26.06.2025;15:00;40536,94;10086,34;3844,84;4373,99;1345,57;9643,47;5243,63;3014,6;89,81;845,93;223;595,33;915,8;0;0;243,71;70,92
26.06.2025;16:00;43024,67;11544,22;4606,42;4344,25;1587,4;9596,22;5717,49;2799,08;95,31;837,4;222,46;602,2;902,64;0;0;96,21;73,37
26.06.2025;17:00;45455,43;12448,95;6137,02;4310,34;1844,94;9587,45;6209,28;2293,9;91,67;839,77;218,59;589,08;897,58;0;0;-86,47;73,33
26.06.2025;18:00;47416,4;12751,46;8147,78;4292,71;2216,5;9645,57;6595,69;1179,65;90,62;824,4;223;591,92;925,67;0;0;-144,09;75,52
26.06.2025;19:00;48748,86;13143,56;9576,8;4302,78;2339,9;9642,33;6916,66;211,98;92,09;847,73;223;601;940,56;0;0;-171,36;81,83
26.06.2025;20:00;50126,71;13140,23;10270,97;4315,46;2527,84;9632,14;7446,43;4,89;93,03;882,6;223;601,91;954,17;0;0;-46,65;80,69
26.06.2025;21:00;50147,56;12975,45;10340,45;4317,88;2377,01;9639,09;7749,62;0,02;93,91;927,07;220,8;584,45;953,78;0;0;-115,53;83,56
26.06.2025;22:00;48397,86;13017,1;8558,48;4299,73;2158,16;9636,63;7922,03;0,02;94,32;961,57;223;563,89;953,68;0;0;-82,24;91,49
26.06.2025;23:00;46183,06;12463,03;7433,41;4259,34;1990,27;9625,75;7585,56;0,01;94,04;984,52;223;542,53;954,05;0;0;-76;103,55
27.06.2025;00:00;43435,62;10859,61;6530,68;4209,26;1938,68;9655,05;7353,53;0,02;93,92;1004,93;220,8;572,35;953,42;0;0;-61,5;104,87
27.06.2025;01:00;41107,89;9769,5;5625,64;4235,91;1813,1;9669,63;7072,39;0,02;92,56;1033,86;220,8;573,72;947,6;0;0;-51,99;105,15
27.06.2025;02:00;39472,93;9714,23;4480,81;4279,88;1472;9666,07;6908,33;0,02;92,87;1053,95;225,2;573,83;945,46;0;0;-49,28;109,56
27.06.2025;03:00;38214,49;9170,83;3889,33;4312,99;1370,55;9677,89;6828,07;0,02;92,85;1065,72;225,2;569,66;943,92;0;0;-36,65;104,11
27.06.2025;04:00;36960,98;8783,15;3250,86;4317,26;1354,33;9684,64;6580,09;2,12;92,29;1062,16;220,8;574,98;950,73;0;0;-16,66;104,23
27.06.2025;05:00;35997,18;8504,71;2559,05;4424,39;1445,71;9668,63;6360,66;76,14;89,23;1070,12;220,8;571,41;946,8;0;0;-43,44;102,97
27.06.2025;06:00;34815,69;7683,96;1964,39;4464,96;1259,88;9664,14;6114;822,22;84,04;1072,78;225,2;576,76;935,29;0;0;-153,01;101,08
27.06.2025;07:00;34122,09;6345,94;2069,47;4455,38;1217,43;9664,12;5564,8;1965,76;74,62;1065,76;220,8;576,63;948,48;0;0;-147,87;100,77
27.06.2025;08:00;36869,14;7252,59;3359,76;4510,26;1432,06;9686,58;4952,02;2722,09;88,23;1035,35;223;576,8;958,05;0;0;-15,36;87,71
27.06.2025;09:00;37700,66;7182,82;4219,14;4475,77;1515,63;9680,29;4704,34;3011,28;89,64;990,3;220,8;568,42;956,23;0;0;-12,88;98,88
27.06.2025;10:00;37316,95;6976,91;3933,27;4368,08;1501,14;9674,59;4852,23;3187,19;93,89;958,86;223;578,95;947,71;0;0;-75,26;96,39
27.06.2025;11:00;37632,93;6866,5;3988,72;4402,13;1537,58;9513,62;5262,74;3246,24;93,37;904,13;223;580,51;933,13;0;0;-15,6;96,86
27.06.2025;12:00;35871,95;6269,6;2776,53;4392,93;1423,75;9505,77;5619,68;3269,64;86,09;877;220,8;574,98;928,69;0;0;-165,9;92,39
27.06.2025;13:00;36049,24;6204,08;2758,17;4403,56;1338,38;9555,13;5727,47;3233,23;85,67;861,09;220,8;567,74;933,43;0;0;67,87;92,62
27.06.2025;14:00;39856,66;7875,13;4568,59;4364,32;1555,67;9475,83;6054,44;3186,67;91,58;864,95;220,8;575,47;935,57;0;0;-5,14;92,78
27.06.2025;15:00;41235,93;9447,01;4422,21;4273,39;1492,9;9511,52;6317,52;3007,45;89,86;850,33;220,8;577,34;940,92;0;0;-3,43;88,11
27.06.2025;16:00;43794,52;10628,84;5395,23;4310,13;1550,03;9673,43;6811,57;2739,6;87,21;843,5;220,8;567,84;932,23;0;0;-50,89;85
27.06.2025;17:00;45517,58;12297,93;5524,12;4261,13;1606,68;9662,59;7236,88;2277,05;86,99;843,28;223;574,01;898,71;0;0;-58,88;84,09
27.06.2025;18:00;47591,07;12962,32;7892,92;4297,49;1961,2;9644,38;7518,97;1176,85;87,25;850,82;218,59;576,31;930,92;0;0;-612,07;85,12
27.06.2025;19:00;49018,48;12838,85;9920,5;4300,16;2304,98;9661,61;7630;207,87;89,88;867,53;220,8;566,28;944,73;0;0;-618,84;84,13
27.06.2025;20:00;50228,44;12998,52;10756,69;4245,34;2431,96;9774,46;7798,17;3,87;91,77;895,67;220,8;563,56;926,94;0;0;-563,71;84,4
27.06.2025;21:00;50140,56;12472,91;11372,78;4273,88;2335,8;9824,81;7606,67;0,02;92,3;930,35;218,59;565,46;950,2;0;0;-585,87;82,66
27.06.2025;22:00;48294,47;12795,62;8990,88;4330,04;2110,36;9958,26;7261,05;0,02;89,7;965,88;218,59;568,45;959,27;0;0;-38,88;85,23
27.06.2025;23:00;45631,64;12501,39;7279,92;4361,94;1721,16;10004,5;6909,34;0,01;88,43;983,04;218,59;548,13;967,32;0;0;-39,26;87,13
28.06.2025;00:00;43497,13;12598,79;5560,83;4337,71;1669,44;10020,69;6438,96;0,02;93,32;993,6;194,3;557,62;981,65;0;0;-35,8;86
28.06.2025;01:00;41430,7;12252,16;4445,87;4372,74;1597,34;10014,85;5972,37;0,02;92,57;1027,62;165,59;543,25;982,19;0;0;-125,51;89,64
28.06.2025;02:00;39746,67;11545,37;3691,76;4398,38;1520,35;10026,83;5771,46;0,02;93,07;1041,84;163,38;544,4;987,76;0;0;-127,94;89,99
28.06.2025;03:00;38536,5;10823,75;3144,71;4427,95;1464,44;10008,5;5854,52;0,02;92,54;1064,08;158,97;549,33;957,66;0;0;-101,6;91,63
28.06.2025;04:00;37693,46;9973,29;2404,82;4578,58;1383,21;10017,94;6534,26;2,26;86,98;1079,03;121,43;543,7;978,33;0;0;-103,61;93,24
28.06.2025;05:00;35866,54;8532,38;1749,94;4643,17;1218,09;10018,46;6870,69;73,31;84,23;1092,3;81,69;541,89;956,76;0;0;-92,83;96,46
28.06.2025;06:00;34325,68;6221,7;1884,96;4630,05;1114,9;10007,28;6905,63;813,5;86,71;1094,35;81,69;515,83;957,57;0;0;-88,32;99,83
28.06.2025;07:00;32963,82;4350,98;1990,61;4594,43;1118,22;9778,83;6610,51;2087,35;90,74;1077,4;79,48;397,4;951,99;0;0;-263,41;99,29
28.06.2025;08:00;33547,48;4422,19;1755,98;4580,43;1305,25;9775,57;6588,27;2714,05;90,44;1043,31;81,69;398,44;961,49;0;0;-268,21;98,58
28.06.2025;09:00;33575,77;3956,87;1819,08;4674,19;1207,55;9559,23;6524,14;2920,27;83,08;1003,62;81,69;399,66;947,95;0;0;301,61;96,83
28.06.2025;10:00;33472,31;4381,39;2119,21;4525,52;1150,4;8120,63;7100,36;3191,91;83,15;972,7;81,69;391,13;940,7;0;0;319,85;93,67
28.06.2025;11:00;33584,7;4296,87;2495,51;4288,34;1244,98;7261,59;7849,98;3242,79;83,14;949,64;81,69;439,47;959,8;0;0;291,63;99,27
28.06.2025;12:00;32623,46;3570,06;2072,47;4268,81;1186,44;7168,44;8202,52;3220,74;83,71;933,66;81,69;521,61;968,19;0;0;245,61;99,51
28.06.2025;13:00;33818,96;3995,03;2294,82;4147,67;1134,52;7524,56;8551,19;3155,07;83,29;919,47;81,69;526,02;944,22;0;0;360,26;101,15
28.06.2025;14:00;35227,5;3842,69;2435,98;4108,85;1160,13;8728,16;8783,38;3109,5;83,28;900,73;81,69;522,24;951,58;0;0;418,32;100,97
28.06.2025;15:00;36456,23;3990,46;2786,02;4127,39;1148,57;9332,53;9026,35;2946,21;89,43;899,12;81,69;530,19;962,45;0;0;429,06;106,76
28.06.2025;16:00;38541,19;4712,67;3431,38;4251,38;1370,78;9743,37;9318,98;2680,34;89,34;894,34;81,69;550;970,82;0;0;345,52;100,58
28.06.2025;17:00;41724,11;7159,14;4037,92;4346,93;1546,93;9868,16;9516,52;2228,22;90,31;901,74;81,69;553,91;960,53;0;0;330,14;101,97
28.06.2025;18:00;44755,36;9928,51;5428,2;4284,01;1729,83;9966,09;9618,73;1172,71;87,56;919,92;81,69;557,56;956,69;0;0;-76,97;100,83
28.06.2025;19:00;46417,92;10315,19;7482,5;4242,62;2073,85;9991,88;9553,44;224,03;91,36;943,47;81,69;558,07;968,78;0;0;-211,91;102,95
28.06.2025;20:00;47723,43;11025,98;8274,66;4245,92;2294,56;9994,7;9282,11;10,44;91,9;977,12;83,9;553,96;962,81;0;0;-174,61;99,98
28.06.2025;21:00;47633,22;10991,16;8281,81;4234,36;2191,74;9999,32;9293,31;0,02;93,01;1007,07;81,69;555,84;973,87;0;0;-168,9;98,92
28.06.2025;22:00;46012,16;10675,85;7068,98;4268,7;2001,96;10003,75;9319,31;0,02;93,58;1039,6;81,69;544,71;974,7;0;0;-159,45;98,76
28.06.2025;23:00;43835,39;10175,97;6184,93;3940,78;1803,87;9987,81;9066;0,01;92,62;1062,38;81,69;544,72;933,81;0;0;-135,47;96,27
29.06.2025;00:00;41244,51;8438,62;5398,81;3922,38;1738,61;9923,2;9083,87;0,02;88,26;1077,79;81,69;547,11;965,66;0;0;-117,96;96,45
29.06.2025;01:00;39460,69;7031,18;4723,02;3994,63;1629,1;9930,64;9486;0,02;87,75;1085,41;79,48;550,45;967,19;0;0;-202,77;98,59
29.06.2025;02:00;37522,14;5086,67;4383,89;4002,15;1612,97;9911,94;9842,89;0,03;88,55;1095,86;81,69;552,13;966,01;0;0;-205,6;102,96
29.06.2025;03:00;36256,78;3562,73;4310,63;3985,01;1659,76;9820,48;10210,3;0,02;86,9;1102,93;81,69;554,16;973,83;0;0;-190,85;99,19
29.06.2025;04:00;35585,99;3267,53;3912,2;3915,23;1663,24;9703,38;10375,48;1,83;82,19;1116,29;81,69;558,7;989,99;0;0;-182,7;100,94
29.06.2025;05:00;33755,9;3177,24;2647,29;3862,44;1377,19;9435,26;10389,72;66,7;85,29;1115,32;81,69;549,45;981,89;0;0;-115,44;101,86
29.06.2025;06:00;31641,56;2533,09;2516,48;3761,34;1386,69;7819,89;10217,43;771,33;83,83;1110,06;81,69;543,95;979,85;0;0;-265,55;101,48
29.06.2025;07:00;28666,46;2436,32;1904,68;3658,23;953,82;5613,89;9957,45;1967,06;58,94;1090,31;81,69;441,96;963,89;0;0;-565,96;104,18
29.06.2025;08:00;27435,85;2362,79;3098,6;3585,87;666,34;4682,46;8990,45;1759,79;83,82;1072,69;81,69;395,22;964,46;0;0;-410,8;102,47
29.06.2025;09:00;26490,38;2248,82;2570,33;3575,25;609,86;4427,37;8796,91;1922,64;93,47;1041,48;81,69;389,45;954,59;0;0;-325,78;104,3
29.06.2025;10:00;26187,29;2245,42;2233,19;3587,92;591,43;4426,01;8497,59;2064,74;83,38;1013,1;81,69;389,41;936,89;0;0;-65,66;102,18
29.06.2025;11:00;26525,11;2259,25;2304,28;3445,83;629,19;4426,24;8579,72;2133,04;87,01;983,91;79,48;408,54;944,6;0;0;139,9;104,12
29.06.2025;12:00;26515,07;2257,24;2184,22;3438,21;616,18;4424,66;8692,99;2120,64;88,87;968,52;81,69;504,51;938,71;0;0;95,81;102,82
29.06.2025;13:00;27644,02;2386,78;2769,72;3432,65;646,36;4493,51;9059,59;2043,62;86,36;959,4;79,48;519;941,29;0;0;129,47;96,79
29.06.2025;14:00;28525,7;2520,03;3549,11;3394,69;692,12;4550,61;9120,06;1870,46;79,15;946,79;81,69;526,52;945,69;0;0;157,08;91,7
29.06.2025;15:00;29761,79;2547,11;3321,07;3440,22;811,92;5028,43;9964,36;1983,01;80,79;960,31;77,28;535,48;946,42;0;0;-31,07;96,46
29.06.2025;16:00;31902,5;2524,17;3300,25;3491,48;1237,11;5570,39;10466,32;2281,13;71,68;961,44;79,48;523,95;941,79;0;0;357,62;95,69
29.06.2025;17:00;34930,4;3506,02;3573,29;3376,15;1279,46;8243;10324,92;1664,74;92,3;967,62;81,69;526,96;962,42;0;0;234,18;97,65
29.06.2025;18:00;38257,34;5475,7;4144,6;3423,1;1567,87;9870,61;9963,58;771,48;89,2;981,71;79,48;551,94;971,72;0;0;273,89;92,46
29.06.2025;19:00;40510,5;7346,52;5591,78;3485,84;1990;9933,67;9534,89;129,36;87,35;1000,07;81,69;560,05;972,45;0;0;-300,98;97,81
29.06.2025;20:00;42312,28;8177,61;6977,91;3562,75;2153,03;9932,58;8940,03;4,26;65,96;1026,75;81,69;555,15;974,61;0;0;-239,18;99,13
29.06.2025;21:00;42438,83;8287,64;7398,28;3587,18;2144,91;9944,76;8523,26;0,02;55,98;1047,84;83,89;550,42;962,98;0;0;-251,2;102,87
29.06.2025;22:00;41324,36;8455,28;6632,73;3601,25;1991,89;9932,99;8079,73;0,02;56,39;1062,9;110,39;563,71;963,64;0;0;-227,46;100,9
29.06.2025;23:00;39729,72;8230,81;5994,58;3593,63;1803,65;9958,57;7544,44;0,01;56,87;1075,33;125,85;562,24;933,59;0;0;-249,86;100,01
30.06.2025;00:00;38045,33;7995,21;4901,67;3571,19;1718,3;9957,48;7201,79;0,02;56,73;1092,82;156,76;586,97;943,24;0;0;-238,89;102,04
30.06.2025;01:00;36100,72;7380,16;3542,81;3586,3;1703,1;9968,39;7045,95;0,02;56,65;1114,44;158,97;593,68;940,74;0;0;-93,47;102,98
30.06.2025;02:00;34914,03;7579,62;2531,23;3569,61;1523,84;10006,48;6811,56;0,02;55,88;1113,63;158,97;591,34;926,49;0;0;-56,85;102,21
30.06.2025;03:00;33860,22;6831,06;2564,11;3561,76;1571,48;9828,3;6577,33;0,02;55,78;1133,92;161,17;584,29;935,2;0;0;-47,02;102,82
30.06.2025;04:00;33366,07;6483,96;2599,35;3628,24;1544,93;9836,23;6319,71;1,99;56,39;1150,78;141,31;582,72;950,08;0;0;-29,14;99,52
30.06.2025;05:00;32234,81;5743,96;2215,51;3724,45;1507,85;9794,35;6281,61;64,96;57,06;1161,19;112,6;579,55;958,6;0;0;-63,41;96,53
30.06.2025;06:00;31354,5;4970,5;2191,35;3783,81;1245,9;9488,99;6134,97;713,15;57,26;1168,48;112,6;582,6;975,74;0;0;-167,78;96,93
30.06.2025;07:00;31355,2;4774,41;2068,65;3982,08;1244,31;9219,68;5664,47;1879,38;54,97;1153,79;110,4;584,91;967,42;0;0;-442,54;93,27
30.06.2025;08:00;34795,43;5861,53;2705,66;4188,72;1667,28;9805,34;5343,92;2385,93;55,93;1120,91;112,6;593,74;965,68;0;0;-108,82;97,01
30.06.2025;09:00;34853,54;5163,04;2996,48;4212,64;1609,91;9823,68;5364,84;2649,21;55,36;1086,27;110,4;579,96;947,02;0;0;158,93;95,8
30.06.2025;10:00;34651,94;4693,75;2542,86;4232,3;1512,68;9843,78;5835,9;2804,01;55,36;1042,42;112,6;579,1;949,54;0;0;354,22;93,42
30.06.2025;11:00;34891,27;4765,45;2488,4;4215,99;1468,55;9868,18;6117,57;2915,25;55,23;1018,55;110,4;589,95;961,77;0;0;227,76;88,22
30.06.2025;12:00;33630,68;4872,58;1807,13;4136,4;1385,72;9770,21;6328,56;2802,94;53,9;995,19;114,8;569,88;961,22;0;0;-243,8;75,95
30.06.2025;13:00;35174,11;5597,46;2347,72;4094,6;1322,62;9550,06;6501,88;2866,56;55,32;976,59;152,34;566,42;954,49;0;0;119,46;68,59
30.06.2025;14:00;36850,19;6855,72;3002,57;3850,05;1351,02;9492,69;6519,04;2852,57;55,99;957,97;161,18;562,29;971,2;0;0;146,19;71,71
30.06.2025;15:00;37939,29;8188,72;2811,79;3863,26;1347,85;9492,22;6773,81;2723,73;56,59;938,18;178,84;563,23;965,67;0;0;-40,61;76,01
30.06.2025;16:00;40171,79;9505,08;3366,37;3904,12;1568,8;9511,63;7012,61;2571,11;56,56;924,07;185,47;565,19;938,49;0;0;-30,11;92,4
30.06.2025;17:00;42530,81;10969,24;4608,73;3900,67;1655,59;9492,42;7062,27;2195,88;55,35;915,27;192,08;564,57;940,73;0;0;-111,53;89,54
30.06.2025;18:00;44378,17;12503,02;5441,91;3944,35;1851,15;9643,52;7155,03;1167,53;50,79;914,65;194,3;560,69;932,62;0;0;-78,21;96,82
30.06.2025;19:00;46127,65;12984,69;7539,28;3959,17;2095,4;9732,68;6972,4;213,3;55,23;925,8;192,09;581,92;928,48;0;0;-149,77;96,98
30.06.2025;20:00;47742,13;13239,67;9585,01;3975,98;2237,23;9728,08;6231,13;3,87;55,36;955,92;194,29;573,35;925,62;0;0;-59,94;96,56
30.06.2025;21:00;47415,93;12562,12;10087,34;4000,11;2378,59;9910,63;5779,66;0,02;55,11;981,63;192,09;586,04;921,53;0;0;-138,28;99,34
30.06.2025;22:00;46209,55;12889,65;9013,44;3970,79;2125,6;10012,3;5429,57;0,01;54,11;995,15;192,09;589,3;918,46;0;0;-74,33;93,41
30.06.2025;23:00;44063,68;12861,23;7529,91;3976,7;1910,69;10014,38;5141,37;0,01;54,48;1017,01;194,3;580,27;901;0;0;-207,79;90,12
1.07.2025;00:00;41572,67;12499,32;5870,35;4025,27;1869,94;10018,07;5005,16;0,02;55,65;1046,72;181,04;566,31;932,27;0;0;-579,31;81,86
1.07.2025;01:00;39695,43;12374,19;4384,05;4002,38;1842,52;10030,02;4781,86;0,02;56,73;1068,95;189,88;583,82;910,29;0;0;-611,17;81,89
1.07.2025;02:00;38158,42;12073,68;3525,3;4015,15;1662,86;10037,89;4528,95;0,02;56,65;1083,4;194,29;584,14;930,06;0;0;-612,8;78,83
1.07.2025;03:00;37141,42;11861,63;3051,73;4133,73;1479,99;10031,77;4236,65;0,02;54,67;1092,55;189,88;583,51;940,41;0;0;-596,34;81,22
1.07.2025;04:00;36470,93;12140,29;2336,43;4212,8;1395,49;9873,95;4180,54;2,08;54,77;1105,72;189,88;573,48;925,09;0;0;-597,34;77,75
1.07.2025;05:00;35367,27;11912,39;1849,18;4208,4;1327,62;9697,73;3940,2;63,61;55,82;1117,65;192,09;590;927,01;0;0;-594,92;80,49
1.07.2025;06:00;34141,75;9896,95;2138,94;4237,19;1253,5;9729,31;3659,58;759,11;55,84;1114,89;189,88;588,32;925,36;0;0;-486,89;79,77
1.07.2025;07:00;33364,62;8655,77;1868,58;4234,57;1164,84;9722,28;3301,56;2039,47;53,81;1091,75;181,05;591,34;933,87;0;0;-547,6;73,33
1.07.2025;08:00;35726,27;9286,89;2655,67;4267,25;1563,95;9747,92;3187,64;2672,02;53,2;1063,07;165,59;582,44;939,25;0;0;-533,25;74,63
1.07.2025;09:00;35924,76;9146,69;2668,08;4350,96;1557,92;9751,8;3228,28;2965,75;52,9;1025,62;161,17;575,47;898,72;0;0;-532,96;74,36
1.07.2025;10:00;35269,7;8407,08;2283,24;4339,33;1388,92;9733,83;3770,9;3096,5;53,35;999,22;163,38;571,83;899,88;0;0;-512,86;75,1
1.07.2025;11:00;35692,37;7447,88;2867,82;4392,15;1378,76;9544,71;4207,89;3219,02;53,03;978,13;163,38;578,03;913,91;0;0;-147,97;95,63
1.07.2025;12:00;34516,23;5966,87;2700,6;4589,81;1352,63;9550,06;4825,87;3258,84;52,97;960,18;161,17;561,56;910,13;0;0;-470,5;96,04
1.07.2025;13:00;36386,87;6579,85;2940,31;4610,66;1262,03;9579,64;5457,65;3248,73;52,46;937,9;163,38;563,98;923,7;0;0;-31,49;98,07
1.07.2025;14:00;38717,63;7744,98;3349,63;4566,34;1432,53;9577,27;6046,02;3174,04;53,57;916,83;163,38;572,73;911,92;0;0;108,26;100,13
1.07.2025;15:00;39938,91;8733,97;3137,13;4673,36;1340,74;9702,7;6844,13;3005,05;53,93;904,09;158,96;566,63;917,86;0;0;-195,55;95,91
1.07.2025;16:00;42224,88;10216,03;3694,68;4714,65;1440,91;9676,6;7653,28;2631,76;54,39;903,47;170,01;576,29;919,66;0;0;-523,2;96,35
1.07.2025;17:00;44477,16;11211,79;4825,49;4649,56;1528,69;9646,21;8341,28;2146,25;53,94;899,79;174,43;576,32;927,27;0;0;-602,64;98,78
1.07.2025;18:00;46024,21;12261,08;5773,28;4638,19;1687,62;9660,27;8802,61;1087,96;53,63;904,64;194,29;572,26;926,27;0;0;-637,91;100,02
1.07.2025;19:00;47414,7;12483,72;7417,33;4705,05;1940,98;9714,57;8809,78;204,41;54,1;915,46;192,09;580,33;923,36;0;0;-624,37;97,89
1.07.2025;20:00;48741,2;12709,29;8394,41;4751,75;2160,91;9721,83;8901,01;5,27;56;935,89;194,29;574,99;893,57;0;0;-657,14;99,13
1.07.2025;21:00;48588,47;12384,62;8275,33;4835;2135,43;9941,97;8906,6;0,05;55,66;944,65;194,29;575,31;911,93;0;0;-671,89;99,52
1.07.2025;22:00;47003,61;11848,07;7143,38;4799,63;1876,79;10009,1;9143,4;0,01;55,9;962,35;194,3;571,49;916,56;0;0;-619,35;101,98
1.07.2025;23:00;45107,69;11011,74;6397,79;4819,88;1737,28;10005,73;8908,06;0,01;50,72;1005,63;194,3;570,32;916,24;0;0;-611,76;101,75
2.07.2025;00:00;42548,88;9843,33;5484,02;4862,61;1586,31;10009,09;8443,04;0,01;55,78;1025,31;214,16;574,96;915,73;0;0;-570,03;104,56
2.07.2025;01:00;40558,5;8953,27;4463,78;4882,95;1531,68;10017,6;8389,09;0,01;55,58;1045,63;220,8;577,46;910,93;0;0;-593,38;103,1
2.07.2025;02:00;39045,65;8917,58;3332,42;4906,18;1430,61;10020,85;8097,52;0,01;55,41;1063,7;223;581,67;919,32;0;0;-606,33;103,71
2.07.2025;03:00;37910,44;8541,95;3013,46;4882,98;1325,76;10014,5;7772,96;0,01;55,2;1071,77;223;570,34;918,48;0;0;-580,91;100,94
2.07.2025;04:00;37259,31;8430,44;2649,34;4932,02;1352,48;10013,11;7497,54;1,95;54,21;1082,32;220,8;584,12;928,27;0;0;-589,14;101,85
2.07.2025;05:00;35706,97;7700,4;2103,42;4826,7;1193,4;10017,24;7398,21;58,92;54,23;1087,71;223;580,3;931,33;0;0;-565,29;97,4
2.07.2025;06:00;34546,31;6498,27;1801,04;4808,28;1237,3;10017,39;7115,91;728,91;54,71;1089,68;225,2;537,27;927,06;0;0;-595,48;100,77
2.07.2025;07:00;34187,28;5438,56;2047,27;4856,33;1148,52;9663,04;6699,75;1955,44;54,72;1077,41;198,72;568,97;928,8;0;0;-552,74;102,49
2.07.2025;08:00;36430,63;5935,04;2598,93;4879,62;1523,51;9946,84;6564,73;2679,1;54,94;1049,92;161,17;584,73;918,34;0;0;-567,28;101,04
2.07.2025;09:00;36484,82;5462,91;2623,58;4813,59;1452,78;10005,87;6801,64;2952,14;54,25;1019,64;161,17;555,4;921,16;0;0;-430,75;91,44
2.07.2025;10:00;35770,77;4529,01;2503,94;4625,17;1276,06;9987,84;7188,63;3036,49;53,93;999,41;161,17;542,73;927,5;0;0;-158,17;97,06
2.07.2025;11:00;35834,82;4515,24;2326,26;4615,46;1198,34;9801,31;7446,33;3093,95;54,62;972,31;161,17;538,5;920,41;0;0;94,73;96,19
2.07.2025;12:00;34052,37;4447,08;1844,81;4672,21;1091,6;8638;7680,8;3075,18;54,86;956,48;158,96;555,42;920,05;0;0;-126,82;83,74
2.07.2025;13:00;34955,57;4573,56;2185,56;4470,34;1109,04;8669,6;7998,3;3058,28;54,91;940,44;161,17;570,07;916,01;0;0;160,11;88,18
2.07.2025;14:00;36160,11;5211,73;2849,15;4559,7;1217,4;8647,03;7860,43;2976,13;54,08;926,87;163,38;567,85;926,01;0;0;105,29;95,06
2.07.2025;15:00;38606,75;5848,38;3143,55;4574,97;1246,15;9998,11;8175,01;2839,44;55,53;917,07;163,38;576,12;927,33;0;0;49,48;92,23
2.07.2025;16:00;41065;7860,97;3808,77;4586,44;1457,92;9952,28;8383,31;2654,11;56,95;916,68;174,43;579,95;940,73;0;0;-401,66;94,12
2.07.2025;17:00;43594,62;10243,81;4490,96;4541,2;1492,6;10008,1;8535,22;2120,51;56,78;922,16;194,3;580,11;938,82;0;0;-628,35;98,4
2.07.2025;18:00;45727,38;11983,04;5420,08;4543,93;1704,76;10018,96;8866,22;1009,8;55,97;936,89;218,59;578,81;936,36;0;0;-642,46;96,43
2.07.2025;19:00;47105,43;12793,85;6372,63;4585,07;2096,39;10005,96;8843,57;172,14;55,73;959,77;218,59;580,8;943,44;0;0;-621,23;98,72
2.07.2025;20:00;48403,96;12961,73;7663,46;4640,41;2285,6;10004,7;8598,4;4,14;55,52;986,5;223;574,29;930,5;0;0;-621,42;97,13
2.07.2025;21:00;48337,01;12966,56;8011,72;4582,93;2270,17;9986,64;8311,52;0,01;56,51;1015,65;225,2;529,66;942,54;0;0;-655,01;92,91
2.07.2025;22:00;46637,23;12396,91;7667,3;4604,51;1897,12;9997,47;7838,94;0,01;55,67;1049,57;220,8;525,11;919,62;0;0;-626,97;91,17
2.07.2025;23:00;44821,09;11886,1;6757,96;4712,47;1785,73;10014,19;7397,31;0,01;55,61;1065,29;220,8;534,13;945,17;0;0;-648,03;94,35
3.07.2025;00:00;42190,66;10397,35;6046,13;4624,4;1602,69;10023,95;7111,36;0,01;54,88;1073,14;223;542,31;963,36;0;0;-566,16;94,24
3.07.2025;01:00;40061,85;9726,93;4842,74;4652,87;1582,76;10016,75;6940,53;0,01;54,67;1090,21;220,8;445,05;963,34;0;0;-567,49;92,68
3.07.2025;02:00;38646,14;9474,31;3626,42;4651,65;1524,21;10027,35;6912,47;0,02;54,87;1110,46;223;582,58;966,42;0;0;-602,6;94,98
3.07.2025;03:00;37463,74;8955,61;3168,02;4583,18;1506,48;9999,77;6763,57;0,01;54,67;1127,11;220,8;595,54;964,21;0;0;-570,31;95,08
3.07.2025;04:00;36706,85;8726,33;3104;4523,06;1441,31;10013,21;6392,07;1,86;54,42;1139,94;223;597,33;958,53;0;0;-562,64;94,43
3.07.2025;05:00;35401,02;8238,73;2484,58;4550,11;1394,58;10004,76;6139,85;67,23;51,9;1152,43;225,2;591,29;965,09;0;0;-557,5;92,77
3.07.2025;06:00;34159,82;6603,01;2611,36;4573,73;1302,33;10008,85;5795,35;797,1;51,71;1146,55;220,8;569,6;945,25;0;0;-560,52;94,7
3.07.2025;07:00;33316,41;5117,08;2484,69;4580,73;1216,79;9991,65;5383,77;2103,22;52,62;1122,63;196,51;580,37;962,96;0;0;-572,41;95,8
3.07.2025;08:00;35600,42;5823,5;3444,9;4583,32;1491,7;9976,94;5118,78;2680,62;53,83;1098,28;167,8;587,34;971,74;0;0;-492,14;93,81
3.07.2025;09:00;35280,95;5231,66;3426,65;4522,14;1508,04;9949,22;5280,18;2955,09;53,45;1077,29;163,38;576,81;970,73;0;0;-526,46;92,77
3.07.2025;10:00;34399,95;4703,45;2533,32;4464,41;1365,29;9162,86;6035,67;3096,45;52,93;1049,93;156,71;586,21;970,6;0;0;130,39;91,73
3.07.2025;11:00;34477,24;4275,34;2480,1;4504,3;1253,06;9017,25;6828,63;3126,64;54,81;1021,76;163,38;572;947,73;0;0;139,39;92,85
3.07.2025;12:00;33047,23;4432,74;2048,56;4593,43;1097,42;7567,85;7457,9;3077,83;55,67;993;161,17;573,43;961,52;0;0;-63,41;90,12
3.07.2025;13:00;34570,65;4431,2;2195,59;4705,54;1124,75;8143,37;7973,99;3054,25;56,57;963,49;161,17;582,27;944,95;0;0;137,51;96
3.07.2025;14:00;36424,08;4603,95;2965,34;4767,34;1231,52;8764,9;8187,11;3026,76;57;925,51;161,17;589,12;956,5;0;0;92,31;95,55
3.07.2025;15:00;37792,01;5433,71;3813,33;4895,58;1253,06;8514,25;8245,74;2926,47;55,82;914,68;158,96;579,5;955,41;0;0;-48,99;94,49
3.07.2025;16:00;40249,43;6156,13;4255,04;4943,97;1488,48;9965,73;8392,26;2710,4;54,88;921,92;170,01;573,73;959,42;0;0;-436,2;93,66
3.07.2025;17:00;42324,64;8016,86;4831,05;4996,03;1571,82;9995,23;8427,99;2280,73;55,43;917,13;198,72;584,86;969,27;0;0;-615,33;94,85
3.07.2025;18:00;44431,47;10136,11;5749,2;4915,63;1661,43;10017,8;8574,76;1188,11;55,75;924,19;223;573,01;955,2;0;0;-637,91;95,19
3.07.2025;19:00;46164,64;11905,54;6739,19;4582,2;2039,29;10014,85;8473,68;213,83;55,06;951,49;220,8;581,04;942,61;0;0;-649,74;94,8
3.07.2025;20:00;47465,41;12119,5;7914,49;4566,5;2265,95;10025,36;8348,84;5,39;55,7;980,38;220,8;577,98;932,77;0;0;-644,4;96,15
3.07.2025;21:00;47439,47;12289,32;7889,86;4535,84;2255,58;10020,81;8207,23;0,01;55,24;997,18;223;570,61;946,52;0;0;-643,7;91,97
3.07.2025;22:00;45799,02;11637,15;7641,38;4391,7;2049,72;10035,05;7757,16;0,01;55,28;1018,09;220,8;591,78;940,82;0;0;-633,85;93,93
3.07.2025;23:00;43647,6;11145,2;6661,14;4457,1;1821,46;10026,16;7249,15;0,01;55,29;1045,45;220,8;582,8;903,65;0;0;-612,15;91,54
4.07.2025;00:00;41262,6;10149,61;5780,9;4328,68;1719,85;10022,21;6865,4;0,02;54,82;1070,02;218,59;587,72;946,85;0;0;-577,75;95,68
4.07.2025;01:00;39520,65;9672,21;4741,88;4370,68;1640,36;10017,37;6642,66;0,02;54,04;1094,15;218,59;587,97;946,52;0;0;-561,81;96,01
4.07.2025;02:00;38018,41;9045,24;4247,99;4423,93;1520,34;10041,34;6334,9;0,02;53,87;1108,59;220,8;592,45;944,82;0;0;-608,84;92,96
4.07.2025;03:00;36810,51;8545,85;3608,52;4488,23;1447,23;9979,74;6304,59;0,02;54,9;1119,49;223;588,86;941,53;0;0;-587,15;95,7
4.07.2025;04:00;36161,88;7613,67;3749,45;4534,93;1462,85;9994,14;6334,77;1,89;55,12;1124,54;220,79;583,34;932,53;0;0;-543,7;97,56
4.07.2025;05:00;34936,83;6724,74;3058,75;4529,53;1521,39;9974,91;6626,42;61,61;53,65;1147,94;218,59;586,33;920,51;0;0;-586,34;98,8
4.07.2025;06:00;33552,97;5679,63;2508,09;4548,7;1355,08;9410,62;6792,56;754,87;53,18;1150,99;223;603,77;920,15;0;0;-549,13;101,46
4.07.2025;07:00;33019,83;4668,72;2269,6;4540,86;1434,07;9237,69;6416,55;2023,41;53,4;1128,24;189,88;590,86;910,54;0;0;-541,55;97,56
4.07.2025;08:00;35299,03;4948,67;3353,19;4602,07;1719,37;9322,65;6373,94;2556,16;53,93;1100,02;165,59;603,64;910,86;0;0;-498,46;87,4
4.07.2025;09:00;35562,18;5118,24;3284,67;4532,84;1750,26;9317,65;6306,24;2824,16;54,44;1071,77;163,38;609,22;931,72;0;0;-479,8;77,39
4.07.2025;10:00;35269,73;4980,98;2852,02;4512,06;1680,21;9317,6;6288,85;2937,56;55,16;1043,83;163,38;591,78;929,01;0;0;-159,69;76,98
4.07.2025;11:00;35319,02;5181,78;2660,16;4446,46;1638,49;9332,56;6191,84;3020,02;54,64;1015,64;161,17;598,76;936,12;0;0;8,18;73,2
4.07.2025;12:00;33495,37;4449,57;2137,58;4352,91;1344,88;8993,53;6479,55;3037,2;58,81;994,36;163,38;604,76;961,36;0;0;-167,04;84,52
4.07.2025;13:00;33720,5;4909,32;2405,15;4306,96;1338,46;8300,79;6718,93;3006,48;60,92;975,49;161,17;610,64;931,49;0;0;-106,08;100,78
4.07.2025;14:00;36958,76;5614,46;3498,31;4367,61;1728,99;9290,1;6925,77;2671,52;61,01;960,45;163,38;612,91;941,7;0;0;22,77;99,78
4.07.2025;15:00;38196,88;6571,04;3787,12;4557,87;1686,17;9315,56;7088,68;2540,45;60,82;943,79;165,59;608,39;941,91;0;0;-164,51;94
4.07.2025;16:00;40567,56;8269,52;4316,34;4624,81;1776,29;9335,99;7617,71;2325,89;60,77;935,91;170,01;583,57;948,77;0;0;-494,23;96,21
4.07.2025;17:00;42688,23;9770,75;4931,31;4657,77;1808,33;9303,14;7925,66;2058,86;56,48;936,34;200,92;590,31;939,17;0;0;-585,04;94,23
4.07.2025;18:00;44523,05;11049,86;6081,91;4632,14;1742,53;9490,53;8101,19;1181,86;56,15;940,58;220,8;592,3;944,86;0;0;-607,25;95,59
4.07.2025;19:00;46224,2;12484,21;6923,85;4578,73;2184,34;9531,38;8051,6;214,73;56,55;952;223;595,9;955,51;0;0;-622,14;94,54
4.07.2025;20:00;47643,24;12900,96;7914,83;4536,34;2493,85;9528,98;7989,03;9,48;56,63;975,05;223;594,19;951,58;0;0;-626,84;96,16
4.07.2025;21:00;47560,21;12673,5;8175,71;4621,7;2373,72;9537,06;7865,85;0,02;56,53;1009,46;225,21;601,07;959,43;0;0;-635,45;96,4
4.07.2025;22:00;46059,01;12289,08;7675,05;4626,7;2199,95;9537,08;7373,76;0,02;57,3;1035,8;218,59;607,28;934,84;0;0;-592,8;96,36
4.07.2025;23:00;44167,95;11974,66;6982,91;4533,68;1951,54;9529,96;6833,17;0,01;57,22;1048,53;225,2;594,93;916,58;0;0;-577,9;97,46
5.07.2025;00:00;41608,18;11462,55;5524,51;4670,65;1874,5;9453,42;6235,78;0,02;56,51;1052,34;194,3;600,73;933,73;0;0;-547,04;96,18
5.07.2025;01:00;39749,12;11193,83;4542,21;4671,95;1823,64;9373,4;5861,84;0,02;56,55;1068,27;165,59;597,74;938,05;0;0;-643,76;99,79
5.07.2025;02:00;38295,95;11144,38;4036,61;4646,16;1798,27;9317,12;5040,3;0,02;55,41;1080,32;163,38;609,44;940,74;0;0;-638,38;102,18
5.07.2025;03:00;37113,95;10588,77;3690,81;4662,58;1761,28;9249,26;4861,14;0,02;56,01;1090,52;165,59;596,33;947,83;0;0;-658,48;102,29
5.07.2025;04:00;36410,21;10489,99;3279,78;4596,19;1754,08;9247,36;4712,67;1,74;56,05;1098,49;163,38;602,44;965,26;0;0;-660,13;102,91
5.07.2025;05:00;34902,93;9837,42;2308,65;4619,67;1753,01;9348,85;4668,61;62,44;56,31;1116,23;161,17;584,37;958,08;0;0;-673,3;101,42
5.07.2025;06:00;33302,25;8152,04;1817,48;4610,92;1561,3;9420,97;4589,06;762,95;56,01;1114,85;161,17;602,21;969,93;0;0;-617,15;100,51
5.07.2025;07:00;31868,83;5851,5;2170,54;4587,62;1387,37;9304,49;4137,36;2059,43;55,53;1097,02;163,38;593,34;977,26;0;0;-616,66;100,65
5.07.2025;08:00;32181,56;5596,89;2154,49;4553,96;1655,73;9078,7;3602,56;2638,13;55,6;1059,11;91,17;589,95;983,14;0;0;21,33;100,8
5.07.2025;09:00;31854,08;5028,17;1913,95;4615,65;1745,49;9041,98;3509,8;2906,89;55,48;1024,7;158,96;594,61;977,48;0;0;179,62;101,3
5.07.2025;10:00;31636,46;4521,18;1801,77;4625,19;1695,44;9157,99;3718,07;3055,16;60,3;996,37;161,17;600,62;966,57;0;0;184,88;91,75
5.07.2025;11:00;32038,23;4523,07;2131,06;4348,88;1645,19;9198,01;4145,72;3072,09;59,73;967,21;163,38;595,4;933,12;0;0;160,55;94,82
5.07.2025;12:00;31016,92;4425,24;2103,79;4197,41;1449,53;8483,73;4460,15;2992,96;55,32;944,2;158,96;590,4;910,39;0;0;146,22;98,62
5.07.2025;13:00;31907,13;4485,16;2390,93;4246,25;1440,27;8927,2;4697,09;2883,66;55,07;919,29;161,17;600,1;914,31;0;0;90,06;96,57
5.07.2025;14:00;33114,8;4529,99;2992,83;4264,31;1441,75;9292,69;4985,4;2840,51;55,5;897,89;158,96;596,38;913,73;0;0;48,35;96,51
5.07.2025;15:00;33920,77;4614,36;3124,58;4193,58;1486,49;9531,31;5499,03;2715,72;55,87;888,24;161,17;590,15;917,39;0;0;48,38;94,5
5.07.2025;16:00;35682,99;5677,46;3414,72;4227,19;1577,15;9532,22;5944,64;2523,19;55,95;880,92;158,96;603,85;926,55;0;0;60,75;99,44
5.07.2025;17:00;38942,14;8531,21;3945,54;4227,11;1666,17;9873,77;6344,14;2152,8;55,34;884,55;158,96;591,28;937,43;0;0;-526,16;100
5.07.2025;18:00;42311,09;11298,94;5188,52;4194,51;1847,33;10090,54;6470,16;1142,24;55,53;904,21;163,38;597,43;937,62;0;0;-677,08;97,76
5.07.2025;19:00;44649,91;12423,23;6711,13;4191,36;2332,94;10122,52;6566,26;202,72;92,05;931,79;163,38;600,69;946,96;0;0;-734,92;99,8
5.07.2025;20:00;46147,41;12837,89;7565,38;4206,82;2569,95;10139,45;6699,83;4,95;94,12;967,84;161,17;597,18;939,05;0;0;-734,18;97,96
5.07.2025;21:00;45989,7;12359,96;7688,63;4217,78;2609,45;10090,8;6874,97;0,02;93,34;1007,45;158,96;601,55;941,26;0;0;-755,4;100,93
5.07.2025;22:00;44197,11;11772,35;7086,82;4202,91;2430,78;10082,31;6412,77;0,02;94,07;1042,63;161,17;601,51;936,46;0;0;-725,01;98,32
5.07.2025;23:00;42467,05;11774,74;6204,97;4189,3;2300,94;10110,85;5651,71;0,01;93,47;1065,05;161,17;588,31;921,27;0;0;-696,22;101,48
6.07.2025;00:00;39921,65;10927,53;5223,24;4205,28;2052,43;10140,48;5208,4;0,02;93,53;1089,99;163,38;467,17;938,49;0;0;-686,56;98,27
6.07.2025;01:00;37945,6;10554,91;4094,28;4176,41;2021,7;10148,64;4866,62;0,02;93,49;1111,68;158,96;449,63;936,68;0;0;-769,68;102,26
6.07.2025;02:00;36255,1;10076,69;3314,49;4179,58;1915,67;10128,16;4540,88;0,02;92,68;1127,67;163,38;450,36;935,78;0;0;-770,41;100,15
6.07.2025;03:00;35277,42;9425,62;3375,57;4187,23;1936,28;10052,89;4165,94;13,02;93,03;1137,34;165,59;450,11;930,05;0;0;-754,5;99,25
6.07.2025;04:00;34508,18;9203,95;2970,99;4190,86;1884,88;10050,39;4037,43;1,63;91,91;1156,91;165,59;462,36;925,75;0;0;-735,45;100,98
6.07.2025;05:00;33051,3;8459,08;2335,25;4201,26;1853,39;10050,36;3961,37;54,72;89,51;1162,56;163,38;447,15;941,28;0;0;-768,4;100,39
6.07.2025;06:00;31001,73;6573,24;2236,38;4112,02;1778,82;9454,19;3890,29;675,04;87,2;1174,07;167,8;445,04;937,19;0;0;-628,22;98,67
6.07.2025;07:00;28316,25;3699,92;2036,63;4051,25;1623,5;9193,23;3733,16;1925,65;78,45;1142,64;161,18;428,72;936,4;0;0;-790,95;96,47
6.07.2025;08:00;25797,85;2790,91;3403,74;3892,04;1453,68;6067,96;3406,42;2636,61;81,1;1101,65;156,76;430,24;938,51;0;0;-661,45;99,68
6.07.2025;09:00;24534,4;2564,82;3304,88;3895,24;1298,85;5257,28;3180,45;2937,8;81,93;1055,12;161,17;435,11;912,74;0;0;-650,78;99,79
6.07.2025;10:00;24271,5;2526,77;3018,21;3893,12;1180,04;4943;3172,9;3138,72;82,55;1014,22;163,38;432,2;902,11;0;0;-298,42;102,7
6.07.2025;11:00;24273,65;2546,28;3193,09;3836,47;1127,04;4796,83;3120,92;3211,68;82,69;974,49;158,96;432,49;899,89;0;0;-207,48;100,3
6.07.2025;12:00;24559,94;2656,69;3683,42;3780,72;959,62;4662,04;3223,43;3244,98;82,52;937,19;152,34;439,43;921,85;0;0;-282,96;98,67
6.07.2025;13:00;25911,93;2631,69;3645,82;3895,14;1114,46;5306,82;3454,63;3236,71;82,59;903,34;181,04;418,58;922,57;0;0;16,89;101,65
6.07.2025;14:00;27125,65;2692,41;3238,45;3895,94;1213,27;6487,9;3916,86;3133,88;81,96;887,07;202,62;428,45;900,53;0;0;-52,42;98,73
6.07.2025;15:00;28930,43;2879,04;3395,79;3884,6;1278,53;7718,75;4290,77;3006,17;81,98;879,28;216,37;415,77;910,24;0;0;-127,7;100,84
6.07.2025;16:00;31384,33;3269,5;4114,72;3953,43;1309,03;9100,33;4663,95;2769,31;77,33;887,41;231,82;430,42;934,58;0;0;-433,39;75,89
6.07.2025;17:00;35578,01;5660,31;5113,1;4267,52;1481,19;9867,27;4913,7;2306,44;86,5;907,99;234,03;434,71;935,97;0;0;-705,34;74,62
6.07.2025;18:00;39788,05;10159,38;5170,85;4406,72;1754,19;10064,12;5146,23;1179,03;93,77;928,13;225,2;446,41;938,08;0;0;-802,31;78,25
6.07.2025;19:00;42337,44;12032,64;6307,76;4516,89;2096,01;10103,57;5166,66;201,02;92,34;951,31;240,66;439;945,47;0;0;-852,99;97,1
6.07.2025;20:00;44067,51;12394,84;7447,63;4548,93;2345,73;10101,72;5228;3,17;93,1;987,86;245,07;439,92;935,17;0;0;-799,63;96
6.07.2025;21:00;42937,41;12251,77;7899,08;4671,09;2222,77;8770,51;5120,93;0,02;93,22;1015,65;242,86;439,39;954,88;0;0;-841,33;96,57
6.07.2025;22:00;43064,06;12034,44;7668,87;4718,41;2030,43;10122,57;4431,98;0,01;93,97;1042,8;245,28;440,67;954,15;0;0;-812,31;92,79
6.07.2025;23:00;41760,25;12132,93;6994,49;4615,83;1939,48;10125,2;3900,58;0,01;93,8;1064,45;251,7;427,87;937,64;0;0;-815,91;92,18
7.07.2025;00:00;39960,45;11658,93;5873,34;4542,72;1868,55;10117,19;3612,95;0,02;93,27;1088,38;275,99;433,62;945,5;0;0;-643,28;93,27
7.07.2025;01:00;37525,28;10637,88;4548,19;4538,75;1789,57;10099,8;3353,98;0,02;93,68;1107,71;302,57;441,53;945,99;0;0;-431,19;96,8
7.07.2025;02:00;36542,29;10550,29;3988,89;4568,94;1702,29;10128,82;3029,82;0,02;93,26;1120,97;302,48;452,35;960,59;0;0;-452,46;96,03
7.07.2025;03:00;35434,87;10240,12;3334,77;4592,82;1669,32;10144,38;2899,43;0,02;92,3;1138,76;302,48;446,47;944,55;0;0;-469,57;99,02
7.07.2025;04:00;34909,85;10044,32;2956,55;4600,47;1633,09;10158,43;2957,47;1,06;92,27;1145,25;300,28;440,62;944,02;0;0;-462,52;98,54
7.07.2025;05:00;33795,83;9536,79;2249,26;4649,11;1566,54;10147,97;3013,67;52,64;89,98;1154,89;300,28;443,02;937,49;0;0;-442,91;97,1
7.07.2025;06:00;32692,39;8236,85;1867,47;4669,18;1396,5;10146,65;3064,7;722,93;81,36;1159,95;302,49;443,2;935,43;0;0;-433,36;99,04
7.07.2025;07:00;32713,53;7594,73;1843,6;4704,66;1338,06;9904,29;2711,1;1996,8;77,27;1138,77;278,2;448,49;957,1;0;0;-376,77;97,23
7.07.2025;08:00;36275,69;9669,99;2583,46;4734,38;1666,51;10137,4;2222,04;2659,92;87,74;1096,96;240,65;451,3;954,94;0;0;-330,09;100,49
7.07.2025;09:00;37240,06;10021,44;3192,02;4706,45;1805,87;10172,67;1943,19;2941,33;91,8;1049,85;245,07;428,42;942,76;0;0;-402,15;101,34
7.07.2025;10:00;37295,04;10535,35;2869,58;4752,08;1623,98;10168,12;1767,29;3138,36;93,39;1013,39;242,86;417,71;943,23;0;0;-368,61;98,31
7.07.2025;11:00;37782,54;10595,1;3351,66;4753,49;1539,73;10102,62;1760,47;3266,16;90,26;973,26;242,86;422,68;943,66;0;0;-359,48;100,07
7.07.2025;12:00;36640,8;9365,13;3498,37;4755,94;1425,68;10094,5;1895,07;3318,12;85,26;930,53;242,86;412,11;927,55;0;0;-411,47;101,15
7.07.2025;13:00;38221,29;10196,48;4005,28;4636,92;1446,9;10076,99;2195,89;3289,38;92,96;906,36;240,65;429,55;944,12;0;0;-340,19;100
7.07.2025;14:00;40619,64;10845,64;5208,38;4789,33;1570,05;10067,08;2628,24;3214,31;90,39;889,65;242,86;439,85;947,19;0;0;-416,83;103,5
7.07.2025;15:00;41791,18;11536,65;5483,43;4759,36;1563,68;10095,05;2963,16;3066,27;93,16;884,17;245,07;435,18;933,51;0;0;-368,71;101,2
7.07.2025;16:00;44548,18;12650,85;6770,71;4863,79;1692,35;10124,81;3292,4;2846,77;93,24;889,22;253,91;438,1;948,67;0;0;-416,36;99,72
7.07.2025;17:00;46788,9;13336,02;8488,41;4768,01;1867,87;10099,55;3584,06;2318,93;95,33;923,13;282,61;435,58;950,01;0;0;-461,76;101,15
7.07.2025;18:00;48572,57;14508,46;10005,9;4658,72;2026,38;10117,13;3784,89;1159,11;93,95;939,51;304,7;428,92;953,67;0;0;-508,55;99,78
7.07.2025;19:00;49982,06;14668,12;11916,13;4695,01;2328,13;10109,69;3739,89;203,16;92,19;966,73;300,28;432,27;964,6;0;0;-534,51;100,37
7.07.2025;20:00;51242,79;14915,99;12864,04;4698,28;2545,22;10093,27;3710,68;3,36;93,33;1006,31;304,69;425,18;971,48;0;0;-491,94;102,9
7.07.2025;21:00;51140,42;14628,37;13337,25;4599,91;2562,27;10112,59;3448,21;0,02;93,69;1055,84;302,49;435,23;984,54;0;0;-522,93;102,94
7.07.2025;22:00;49342,33;14727,74;12341,08;4630,57;2294,24;10118,91;2712,26;0,02;93,72;1076,75;302,49;446,73;993,32;0;0;-499,15;103,65
7.07.2025;23:00;47235,01;14648,17;11004,13;4676,97;2040,34;10110,02;2261,35;0,01;93,05;1100,73;306,9;429,69;966,69;0;0;-507,62;104,58
8.07.2025;00:00;44426,39;14789,6;8611,9;4714,81;1765,15;10069,79;1929,21;0,02;92,51;1119,55;298,06;443,15;964,73;0;0;-458,29;86,2
8.07.2025;01:00;42346,72;14834,75;6879,83;4721,98;1665,39;9962,68;1655,13;0,02;91,69;1136,26;311,32;437,07;965,1;0;0;-415,28;100,78
8.07.2025;02:00;40891,28;14654,03;5895,12;4770,45;1553,27;9920,41;1485,43;0,02;91,83;1158,57;313,52;443,5;955,42;0;0;-451,07;100,78
8.07.2025;03:00;39366,16;14590,38;4586,84;4786,33;1551,06;9924,86;1336,3;0,02;91,89;1168,42;315,73;449,76;940,71;0;0;-476,35;100,21
8.07.2025;04:00;38538,49;14328,04;4126,06;4718,38;1481,25;9933,5;1314,8;1,47;91,62;1178,15;315,73;466,14;938,43;0;0;-455,93;100,85
8.07.2025;05:00;37372,03;13975,24;3340;4698,8;1434,59;9917,87;1318,48;55,71;76,99;1191,63;311,32;453,12;944,17;0;0;-445,67;99,78
8.07.2025;06:00;35914,29;12948,04;2248,82;4710,31;1422,17;9957,55;1301,23;702,68;74,31;1191,17;315,72;453,59;929,41;0;0;-443,07;102,36
8.07.2025;07:00;35558,4;11553,06;2279,07;4722,16;1297,19;9846,15;1307,9;1987,39;75,3;1162,05;284,83;461,31;919,13;0;0;-439,27;102,13
8.07.2025;08:00;38557,4;12308,58;3551,16;4720,51;1614,89;10013,17;1213,5;2636,56;79,38;1123,35;249,49;465,88;924,42;0;0;-439,27;95,78
8.07.2025;09:00;39278,96;12473,61;3933,7;4622,37;1625,57;10083,72;1136,04;2924,38;79,97;1090,89;240,65;464,87;907,09;0;0;-404,97;101,07
8.07.2025;10:00;38903,11;12303,9;3675,14;4644,57;1517,09;10096,63;1156,1;3141,01;80,31;1023,21;238,44;469,61;915,98;0;0;-447,89;89,01
8.07.2025;11:00;38499,24;12241,38;3768,05;4691,98;1436,99;9535,82;1269,49;3227,41;80,58;985,12;238,44;464,93;918,8;0;0;-460,48;100,73
8.07.2025;12:00;37846,72;10936,33;3645,06;4691,64;1330,02;10148,12;1514,32;3280,88;71,15;949,25;242,86;453,43;915,61;0;0;-429,45;97,5
8.07.2025;13:00;38821,06;12003,4;3751,57;4726,71;1290,33;9566,63;1892,26;3274,63;79,77;915,97;242,86;454,27;914,56;0;0;-392,91;101,01
8.07.2025;14:00;41397,63;13032,43;4743,97;4484,11;1398,21;10128,83;2194,33;3140,98;81,97;902,94;238,44;467,17;913,81;0;0;-420,14;90,58
8.07.2025;15:00;42669,23;13344,91;5700,02;4428,9;1367,44;10104,52;2437,56;3050,93;83,24;889,01;242,86;455,51;909,51;0;0;-441,8;96,62
8.07.2025;16:00;45053,87;13687,37;7677,78;4436;1521,61;10100,41;2634,27;2788,98;80,18;885,1;249,49;460,56;898,87;0;0;-466,38;99,63
8.07.2025;17:00;47498,68;14234;9783,89;4414,69;1757,7;10070,29;2832,84;2210,72;78,16;890,71;280,41;447,25;909,78;0;0;-513,87;102,11
8.07.2025;18:00;49001,66;14573,87;11839,69;4510,94;1907,34;10085,41;2729,86;1091,53;78,73;915,46;311,32;454,21;912,48;0;0;-512,99;103,81
8.07.2025;19:00;50505,62;15067,74;13395,22;4532,61;2276,69;10089,84;2659,9;188,76;79,6;952,49;311,32;447,6;921,43;0;0;-517,19;99,61
8.07.2025;20:00;51874,29;15282,82;14505,6;4586,36;2500,12;10085,74;2565,28;3,14;78,78;978,61;311,31;438,6;918,28;0;0;-483,17;102,82
8.07.2025;21:00;51641,98;15280,73;14570,04;4632,64;2478,85;10092,83;2219,94;0,02;79,6;1010,26;315,73;452,1;933,42;0;0;-527,56;103,38
8.07.2025;22:00;49753,55;15607,84;12942,51;4578,68;2224,44;10082,33;1857,88;0,02;81,66;1044,26;313,53;449,17;933,72;0;0;-469,02;106,53
8.07.2025;23:00;47635,49;15795,88;11185,43;4556,16;1964,04;10090,91;1637,56;0,01;90,78;1066,1;317,93;437,2;881,43;0;0;-495,4;107,46
9.07.2025;00:00;45082,51;15972,05;8529,14;4733,87;1725,4;10075,52;1614,18;0,02;81,17;1082,11;317,94;436,5;894,63;0;0;-489,33;109,31
9.07.2025;01:00;42910,5;15904,88;6555,04;4649,7;1690,21;10063,67;1560,47;0,02;95,97;1103,41;317,94;442,89;894,68;0;0;-476,88;108,5
9.07.2025;02:00;41164,41;15921,87;4715,47;4679,89;1701,78;10073,74;1594,52;0,02;94,75;1112,9;317,94;431,9;896,23;0;0;-472,76;96,16
9.07.2025;03:00;39946,99;15804,06;3757,44;4730,13;1499,07;10103,48;1583,24;0,02;100,04;1129,48;317,95;435,47;896,45;0;0;-490,26;80,42
9.07.2025;04:00;39128,66;15121,46;3468,37;4829;1424,05;10120,03;1627,52;1,29;93,13;1144,83;315,74;445,74;905,72;0;0;-451,7;83,48
9.07.2025;05:00;37804,25;14516,58;2781,93;4805,21;1372,83;10116,34;1638,26;49,18;89,42;1157,78;320,15;437,25;902,47;0;0;-468,91;85,76
9.07.2025;06:00;36287,99;12701,74;2408,58;4806,18;1354,74;10104,14;1702,02;680,03;86,6;1163,86;317,95;424,62;894,3;0;0;-440,74;83,97
9.07.2025;07:00;35847,84;11248,64;2385,18;4761,8;1325,31;10068,13;1648,14;1931,37;86,26;1140,83;284,82;436,59;887,18;0;0;-442,17;85,76
9.07.2025;08:00;39137,02;12770,15;3372,25;4797,72;1463,83;10067,11;1546,63;2648,04;93,34;1097,8;249,49;498,91;886,14;0;0;-438,28;83,89
9.07.2025;09:00;38974,59;12116,49;3757,06;4753,06;1519,12;10050,73;1377,6;2898,25;94,44;1043,69;247,28;578,44;869,13;0;0;-412,05;81,35
9.07.2025;10:00;39245,52;12032,67;3939,72;4702,39;1462,05;10082,92;1482,84;3117,38;93,89;999,65;231,83;484,48;868,34;0;0;-325,19;72,55
9.07.2025;11:00;39683,51;11354,56;4354,95;4713,19;1389,77;10080,36;1878,05;3276,24;93,43;964,04;245,07;434,61;864,19;0;0;-37,35;72,4
9.07.2025;12:00;38471,99;10203,06;4192,16;4589,85;1276,39;10084,9;2493,75;3267,28;92,74;931,19;240,65;424,01;847,77;0;0;-246,78;75,02
9.07.2025;13:00;40160,16;11374,89;4268,31;4533,88;1351,1;10092,95;2858,2;3225,34;93,9;900,94;245,07;437,33;848,09;0;0;-144,03;74,19
9.07.2025;14:00;42064,73;12035,7;4867,03;4488,05;1405,32;10034,02;3300,06;3190,75;93,93;884,4;242,86;420,15;837,62;0;0;184,08;80,76
9.07.2025;15:00;43275,19;12624,13;5375,48;4301,67;1434,84;10080,95;3669,82;3057,95;94,14;881,25;240,65;435,26;838,15;0;0;161,18;79,72
9.07.2025;16:00;45643,92;14163,31;6033,62;4214,85;1526,25;10079,51;4105,44;2727,4;91,82;880,4;258,33;445,2;850,39;0;0;185,33;82,07
9.07.2025;17:00;47974,84;14809,35;8512,99;4101,28;1728,25;10082,62;4311,86;2179,56;92,7;896,42;289,25;441,65;876,37;0;0;-429,86;82,4
9.07.2025;18:00;49819,82;15600,64;10487,46;4127,52;1950,98;10098,02;4184,22;1064,5;92,43;914,61;317,95;435,65;906,43;0;0;-460,88;100,29
9.07.2025;19:00;51393,86;15808,07;12900,35;4144,44;2205,03;9979,74;3830,29;177,15;91,33;943,66;317,95;544,74;837,59;0;0;-492,61;106,13
9.07.2025;20:00;52706,08;15881,52;14341,47;4131,75;2411,52;9959,31;3526,2;3,67;93,52;983,11;320,15;592,43;824,32;0;0;-471,06;108,17
9.07.2025;21:00;52648,03;16102,66;14174,89;4216,45;2351,39;9976,26;3318,26;0,02;93,98;1016,6;317,95;594,67;873,93;0;0;-492,08;103,05
9.07.2025;22:00;51006,66;16282,57;12598,31;4397,69;2139,55;9964,06;3017,69;0,02;94,36;1042,96;313,53;596,13;899,11;0;0;-442,36;103,04
9.07.2025;23:00;48994,78;16214,07;10615,56;4636,64;1994,96;9970,28;2970,97;0,01;93,6;1065,55;315,74;582,25;868,95;0;0;-440,6;106,8
10.07.2025;00:00;46379,75;16119,95;7928,92;4730,54;1752,66;10001,58;3210,35;0,33;92,89;1085,83;322,36;578,6;900,22;0;0;-455,15;110,67
10.07.2025;01:00;43691,23;15637,21;5201,75;4806,98;1637,92;10042,96;3714,37;0,02;91,76;1097,52;317,94;571,66;913,39;0;0;-451,8;109,55
10.07.2025;02:00;42039,56;14588,08;4156,05;4858,99;1579,83;10097,76;4066,36;0,02;91,74;1126,04;324,57;564,4;917,78;0;0;-439,03;106,97
10.07.2025;03:00;40739,49;13513,87;3718,17;4905,73;1486,95;10113,3;4300,28;0,02;91,05;1115,73;324,57;579,48;921,62;0;0;-438,73;107,45
10.07.2025;04:00;39805,57;12467,45;3413,85;4908,11;1437,43;10118,15;4721,75;1,54;91,22;1148,87;320,16;593,58;925,84;0;0;-449,64;107,26
10.07.2025;05:00;38503,39;11541,63;3013,01;4855,43;1345,05;10125,54;4869,37;45,89;93,72;1129,23;317,95;583,4;925,94;0;0;-449,12;106,35
10.07.2025;06:00;37101,56;10353,77;2184,47;4866,56;1355,64;10118,66;4830,93;638,98;87,1;1151,5;322,36;602,6;927,2;0;0;-444,29;106,08
10.07.2025;07:00;36980,45;9524,28;2090,37;4898,92;1321,14;10142,6;4502,46;1807,21;87,94;1130,14;284,82;587,6;936,51;0;0;-439,9;106,36
10.07.2025;08:00;39797,96;10200,07;3382,25;5018,7;1525,57;10154,71;4291,2;2544,08;92,41;1095,67;247,28;594,57;934,87;0;0;-389,79;106,37
10.07.2025;09:00;40163,62;10122,45;4033,34;5063,05;1486,05;10144,52;3729,86;2882,42;92,77;1058,46;240,65;592,22;911,77;0;0;-300,56;106,62
10.07.2025;10:00;39680,2;9245,24;4272,46;4828,02;1413,75;10132,51;3405,51;3117,03;92,08;1019,27;242,86;603;899,98;0;0;301,3;107,19
10.07.2025;11:00;39659,06;8858,89;5100,54;4559,14;1412,99;10125,68;3155,81;3245,78;91,77;977,13;245,07;601,96;896,46;0;0;281,58;106,26
10.07.2025;12:00;38261,23;8237,27;4814,07;4579,91;1277,44;10146,74;3100,46;3278,69;86,76;947,67;242,86;590,5;892,98;0;0;-39,19;105,07
10.07.2025;13:00;39603,73;9301,85;4639;4575,59;1391,03;10114,62;3385,06;3164,55;91,24;933,14;238,45;596,35;892,81;0;0;177,89;102,15
10.07.2025;14:00;41622,21;10107,16;5260,76;4569,57;1444,86;10126,38;3946,08;3084,62;91,48;925,71;242,86;588,57;904,61;0;0;241,09;88,46
10.07.2025;15:00;42838,78;10812,33;5368,39;4596,78;1351,07;10130,79;4417,52;3016,78;91,75;922,7;245,07;592,91;918,91;0;0;279,85;93,93
10.07.2025;16:00;44881,52;11683,75;6483,92;4556,67;1437,6;10128,58;4756,54;2737,94;90,78;932,3;253,91;596,35;919,17;0;0;210,68;93,33
10.07.2025;17:00;47100,88;13686,42;7541,57;4521,31;1557,87;10124,29;5009,29;2140,93;90,73;953,52;293,66;588,05;906,8;0;0;-411,12;97,56
10.07.2025;18:00;48570,15;15027,21;8323,68;4503,73;1845,99;10121,45;5245,64;1033,87;91,53;971,32;320,16;580,12;911,11;0;0;-504,15;98,49
10.07.2025;19:00;49959,09;15301,55;10029,58;4402,92;2154,53;10116,17;5268,51;182,75;92,63;991,76;326,76;562,7;935,2;0;0;-503,97;98
10.07.2025;20:00;51361,23;15331,56;11383,88;4344,29;2396,92;10104,87;5237,45;2,37;92,57;1030,16;317,95;558,67;948,44;0;0;-487,44;99,54
10.07.2025;21:00;51130,72;15163,74;11098,21;4460,49;2245,06;10115,5;5461,27;0,02;92,28;1054,69;324,56;570,63;958,48;0;0;-508,92;94,71
10.07.2025;22:00;49766,23;15132,05;9838,12;4483,13;2023,18;10120,64;5526,62;0,02;92,92;1078,61;324,56;581,26;951,39;0;0;-485,57;99,3
10.07.2025;23:00;47688,63;15075,59;8184,99;4398,87;1910,48;10130,43;5376,36;0,01;92,79;1100,13;324,56;566,1;935,45;0;0;-502,43;95,3
11.07.2025;00:00;45483,32;14463,6;6696,34;4336,29;1662,37;10123,66;5472,46;0,02;94,58;1118,72;331,19;583,97;931,88;0;0;-427,86;96,1
11.07.2025;01:00;43287,57;13704,5;5254,6;4377,81;1567,09;10119,46;5553,01;0,02;93,19;1131,21;331,19;604,85;924,21;0;0;-466,63;93,06
11.07.2025;02:00;41330,88;12242,8;4335,16;4555,43;1511,31;10109,67;5826,09;0,02;93,64;1143,61;335,6;599,46;921,94;0;0;-436,23;92,38
11.07.2025;03:00;40211,88;11771,71;3629,64;4603,46;1388,98;10081,34;5996,38;0,02;93,2;1154,46;329,78;599,12;921,5;0;0;-448,71;91
11.07.2025;04:00;39245,08;10928,86;3233,97;4601,35;1400,77;10088,25;6232,27;1,5;92,71;1166,18;331,2;603,21;931,62;0;0;-452,68;85,87
11.07.2025;05:00;38070,76;10318,7;2563,18;4412,27;1383,28;10084,93;6482,24;37,46;90,92;1172,61;333,4;606,76;931,13;0;0;-436,28;90,16
11.07.2025;06:00;36596,66;8887,5;2159,64;4385,76;1313,03;10092,35;6501,44;455,44;88,87;1176,95;335,6;609,13;932,99;0;0;-432,05;90,01
11.07.2025;07:00;35967,63;7899,02;2408,76;4406;1259,56;10064,88;5938,62;1242,81;79,78;1156,31;293,66;615,29;934,63;0;0;-422,37;90,68
11.07.2025;08:00;39492,31;8565,93;3940,23;4392,88;1583,37;10068,56;5649,28;2577,03;91,3;1121,76;245,07;611,36;927,88;0;0;-373,61;91,27
11.07.2025;09:00;39952,28;8398,11;4721,39;4401,91;1565,98;10081,55;5321,47;2870,35;94,42;1092,72;242,86;504,38;942,74;0;0;-377,16;91,56
11.07.2025;10:00;38863,53;8062,53;4394,06;4392,01;1431,13;10021,78;4859,37;3066,03;94,27;1060,5;240,65;447,53;952,74;0;0;-246,89;87,82
11.07.2025;11:00;39018,75;7516,34;4902,79;4392,22;1432,27;9851,86;4696,48;3160,35;95,24;1035,54;240,65;454,04;949,41;0;0;198,19;93,37
11.07.2025;12:00;37159,39;6385,7;4832,9;4202,86;1227,85;9916,37;4839,45;3168,4;85,62;1004,43;242,86;438,88;955,21;0;0;-233,06;91,92
11.07.2025;13:00;37430,78;6387,85;4994,87;4099,26;1231,37;9903,49;5107,82;3146,9;86,37;979,14;240,65;438,41;943,35;0;0;-221,9;93,2
11.07.2025;14:00;40865,58;8051,04;5858,78;4060,37;1458,39;9896,33;5434,69;3055,38;92,66;963,01;242,86;445,98;934,19;0;0;283,01;88,89
11.07.2025;15:00;42419,83;8755,63;6294,52;4050,53;1391,18;10045,17;5959,49;2946,58;92,39;958,55;253,91;433,63;900,84;0;0;245,8;91,61
11.07.2025;16:00;44773,09;9689,02;7567,97;4052,88;1479,3;10054,52;6501,29;2701,71;91,87;958,31;300,28;526,92;900,86;0;0;-143,25;91,41
11.07.2025;17:00;47035,24;11405,19;8734,34;4032,76;1535,81;10043,53;6601,08;2155,56;90,86;971,32;315,74;593,72;913,46;0;0;-451,79;93,66
11.07.2025;18:00;48512,75;12774,44;9892,51;3935,34;1633,84;10088,38;6619,04;1047,31;90,63;992,19;309,12;593,52;905,55;0;0;-463,66;94,54
11.07.2025;19:00;49709,94;14032,03;10450,08;3966,62;1862,08;9956,8;6548,69;175,46;90,38;1018,69;313,53;604,96;902,01;0;0;-300,54;89,15
11.07.2025;20:00;51046,09;13835,2;12756,14;3953,07;2152,97;8961,74;6389,39;3,13;90,99;1045,89;322,36;591,61;920,41;0;0;-69,32;92,51
11.07.2025;21:00;50981,75;13922,63;13102,45;3867,01;2136,68;9055,84;6207,82;0,02;91,56;1069,11;322,36;605,67;923,26;0;0;-415,3;92,64
11.07.2025;22:00;49394,1;14548,92;10322,84;4043,94;1951,12;9980,82;5923,57;0,01;92,28;1095,63;320,16;588,06;920,03;0;0;-485,03;91,75
11.07.2025;23:00;47612,59;14368,05;9171,49;4064,63;1773,31;10137,29;5483,99;0,01;92,05;1113,06;324,56;588,48;912,47;0;0;-505,16;88,36
12.07.2025;00:00;45263,65;14222,78;7564,97;4148,69;1688,58;10032,7;4895,54;0,01;92,86;1128,87;291,45;592,03;928,77;0;0;-409,52;85,92
12.07.2025;01:00;43113,12;13379,13;7032,18;4102,16;1582,08;10027,28;4459,17;0,01;92,95;1139,53;247,28;589,73;907,36;0;0;-534,4;88,66
12.07.2025;02:00;41375,6;12971,26;6054,34;3999,58;1543,71;10021,6;4240,23;0,01;92,5;1153,01;247,28;589,08;906,73;0;0;-533,93;90,2
12.07.2025;03:00;40251,23;12990,48;4931,54;4101,64;1510;10024,92;4137,4;0,01;93,13;1166,51;242,86;591,64;918,17;0;0;-546,2;89,13
12.07.2025;04:00;39301,16;12319;4376,95;4212,44;1473,47;10018,21;4323,94;1,22;91,66;1177;245,07;579,58;929,3;0;0;-533,89;87,21
12.07.2025;05:00;37730,54;11197,87;3647,99;4157,1;1485,02;10024,3;4636,81;37,66;90,99;1187,97;242,86;572,44;915,59;0;0;-537,37;71,31
12.07.2025;06:00;36134,15;9490,25;3022,59;4285,74;1421,98;10034,22;4770,3;594,2;89,16;1185,53;240,65;580,02;919,77;0;0;-569,37;69,11
12.07.2025;07:00;34883,92;7063,86;2908,84;4303,6;1358,65;10011,28;4853,33;1810,22;89,19;1169,81;240,65;588,29;899,26;0;0;-491,82;78,76
12.07.2025;08:00;35821,89;6428,75;3481,68;4322,75;1426,95;10003,8;4977,18;2554,35;92,13;1140,13;242,86;590,35;912,13;0;0;-438,44;87,27
12.07.2025;09:00;36096,92;5664,68;3948,06;4300,62;1410,42;10006,1;5187,52;2889,93;82,13;1102,43;240,65;589,72;914,35;0;0;-328,18;88,49
12.07.2025;10:00;35867,73;4787,65;4326,91;4241,55;1348,77;9927,68;5108,29;3082,26;82,84;1062,17;242,86;595,06;910,27;0;0;61,63;89,79
12.07.2025;11:00;35933,78;4524,06;5036,77;4198,27;1313,31;9468,24;4975,61;3185,61;83,1;1030,2;245,07;597,46;901,57;0;0;286,63;87,88
12.07.2025;12:00;34622,77;4402,18;5429,06;4160,93;1320,8;7889,48;4938,07;3203,96;83,26;1000,27;242,86;575,66;913,97;0;0;375,61;86,66
12.07.2025;13:00;35783,51;4661,23;5931,33;4203,53;1369,14;8048,8;5229,47;3149,4;83,86;968,69;242,86;596,4;915,82;0;0;297,01;85,97
12.07.2025;14:00;37090,8;4267,84;6019,78;4293,26;1352,65;9422,63;5576,05;3048,68;83,69;953,65;245,07;595,79;916,05;0;0;228,56;87,1
12.07.2025;15:00;38242,39;4621,35;6344,45;4295,23;1309,83;9736,4;5931,61;2898,6;84,21;943,82;238,44;604,3;909,01;0;0;238,13;87,01
12.07.2025;16:00;40332,29;5868,67;6911,37;4303,1;1333,37;9848,24;6365,35;2635,07;86,68;937,84;240,65;612,07;901,01;0;0;198,98;89,89
12.07.2025;17:00;43167,86;8635,55;7287,86;4298,49;1515,74;9824,23;6601,81;2111,28;90,33;949,5;242,86;594,7;913,01;0;0;9,66;92,84
12.07.2025;18:00;46174,85;11430,77;8930,53;4291,37;1589,39;9989,23;6606,42;1026,61;91,79;967,05;245,07;598,4;904,38;0;0;-587,28;91,12
12.07.2025;19:00;48240,93;12790,4;10121,86;4286,92;1824,5;10030,82;6644,01;165,74;89,51;992,84;240,65;604,6;920,54;0;0;-564,18;92,72
12.07.2025;20:00;49719,73;12710,95;11299,16;4330,64;2072,24;10031,52;6853,98;1,98;91,63;1017,86;245,07;594,89;940,32;0;0;-563,6;93,09
12.07.2025;21:00;49584,9;12406,05;11228,12;4345,52;2162,18;10028,2;7000,1;0,02;92,72;1050,7;242,86;602,43;944,91;0;0;-607,23;88,32
12.07.2025;22:00;47995,63;12389,36;9970,69;4371,31;1881;10035,74;6879,5;0,01;93,98;1068,81;245,07;596,54;942,05;0;0;-565,2;86,77
12.07.2025;23:00;45789,86;11885,58;9069,76;4383,35;1629,29;10043,4;6351,99;0,01;92,92;1069,16;242,86;591,87;919,29;0;0;-579,89;90,27
13.07.2025;00:00;43393,31;11926,1;6823,4;4349,26;1613,31;10064,25;6090,47;0,01;91,92;1088,11;242,86;600,06;908,85;0;0;-493,97;88,68
13.07.2025;01:00;41464,08;11039,8;6093,99;4342,29;1558,97;10110,95;5811,73;0,01;91,29;1110,56;238,44;603,9;912,48;0;0;-540,92;90,59
13.07.2025;02:00;39763,2;10199,6;5289,09;4397,09;1491,07;10130,45;5776,21;0,01;91,87;1123,04;242,86;600,94;917,79;0;0;-588,24;91,42
13.07.2025;03:00;38498,71;9790,04;4422,61;4445,53;1480,17;10021,21;5873;0,01;91,34;1137,7;242,86;605,72;923,13;0;0;-625,2;90,59
13.07.2025;04:00;37538,73;8939,57;4101,03;4513,13;1494,54;10013,51;5965,33;1,43;91,95;1150,16;242,86;603,98;925,93;0;0;-594,08;89,39
13.07.2025;05:00;35884,62;7731,25;3279,87;4737,67;1383,19;10014;6219,29;35,26;89,71;1156,42;242,86;595,95;926,36;0;0;-616,24;89,03
13.07.2025;06:00;33715,66;5531,46;2456,97;4708,85;1402,6;10006,69;6499,65;579,28;87,89;1160,14;242,86;602,68;924,09;0;0;-577,48;89,98
13.07.2025;07:00;31424,31;4001,82;2123,24;4529,35;1080,94;9204,48;6375,68;1750,36;78,65;1141,1;240,65;583,1;902,11;0;0;-672,46;85,29
13.07.2025;08:00;29312,95;3035,68;3336,13;4395,24;1040,8;6312,04;6340,58;2479,09;81,43;1105,47;231,83;554,85;886,4;0;0;-572,68;86,09
13.07.2025;09:00;27906,33;2620,57;2952,88;4277,66;948,87;5292,1;6379,24;2857,94;82,94;1073,87;234,04;534,96;881,71;0;0;-315,72;85,27
13.07.2025;10:00;27840,85;2721,04;2912,63;4256,15;985,34;4686,07;6622,66;3076,52;82,53;1032,36;231,83;528,17;892,23;0;0;-275,27;88,59
13.07.2025;11:00;27696,57;2638,21;2575,35;4253,27;879,04;4556,49;6914,16;3130,58;83,48;993,15;231,83;525,38;890,95;0;0;-60,91;85,59
13.07.2025;12:00;27788,49;2641,75;2498,9;4222,37;857,36;4558,84;7044,99;3125,72;82,38;960,8;236,24;550,52;903,91;0;0;17,39;87,32
13.07.2025;13:00;29146,92;2746,56;3543,37;4189,53;933,46;4698,53;7067,34;3085,3;82,23;941,8;236,25;549,77;914,9;0;0;70,42;87,46
13.07.2025;14:00;30108,17;2973,36;4143,66;4196,2;898,86;4664,48;7272,21;2958,16;83,47;924,78;231,83;533,91;920,2;0;0;220,08;86,97
13.07.2025;15:00;31877,02;3149,4;5061,41;4275,06;881,6;5125,15;7557,18;2829,48;82,75;912,53;236,04;528,59;926,5;0;0;223,15;88,18
13.07.2025;16:00;35073,07;3287,58;5819,28;4399,7;1116,7;7215,01;7736,83;2515,96;84,83;904,48;242,86;534,92;925,65;0;0;202,94;86,33
13.07.2025;17:00;38139,42;4907,72;5942,92;4472,92;1182,85;9065,34;7791,82;1939,36;90,86;915,27;238,44;526,36;938,69;0;0;36,01;90,86
13.07.2025;18:00;41831,65;8814,33;6473,91;4491,82;1437,63;9610,67;7974,63;859,53;91,8;929,06;238,44;556,49;951,1;0;0;-690,17;92,41
13.07.2025;19:00;44307,57;9806,45;7583,77;4564,9;1807,2;10000,5;8227,73;152,05;90,65;952,77;245,07;570,3;939,05;0;0;-732,33;99,46
13.07.2025;20:00;45958,01;10067,96;8780,53;4600,95;1884,98;10034,41;8289,52;1,67;91,17;980,07;249,49;588,15;956,78;0;0;-669,59;101,92
13.07.2025;21:00;46370,57;9685,33;9388,18;4648,15;1900,05;10040,49;8378,27;0,01;92,29;1003,68;234,04;588,65;963,95;0;0;-654,1;101,58
13.07.2025;22:00;45349,89;9604,69;8670,46;4670,58;1728,87;10036,26;8270,8;0,01;92,66;1024,62;238,44;596,98;962,09;0;0;-647,64;101,07
13.07.2025;23:00;44029,56;9658,79;7897,27;4557,43;1583,53;10051,38;7898,63;0,01;92,79;1038,94;253,91;591,58;953,48;0;0;-650,2;102,02
14.07.2025;00:00;42299,85;9144,76;7333,54;4435,06;1455,89;10042,33;7452,04;0,01;94,04;1060,64;289,24;579,35;956,61;0;0;-643,66;100
14.07.2025;01:00;40550,99;8575,59;6016,41;4592;1339,51;10040,27;7347,08;0,01;93,13;1077,29;309,9;587,01;949,03;0;0;-475,21;98,97
14.07.2025;02:00;38987,08;7670,86;5227,99;4654,1;1344,53;10031,64;7374,83;0,01;91,86;1093,95;301,7;580,51;947,13;0;0;-432,29;100,26
14.07.2025;03:00;37796,54;7133,08;4698,98;4789,36;1261,74;10046,68;7182,06;0,01;92,64;1110,33;306,9;592,63;942,96;0;0;-459,01;98,18
14.07.2025;04:00;36958,1;6693,51;4336,95;4846,47;1285,32;10044,72;7042,13;1,27;92,66;1119,67;309,11;571,55;949,51;0;0;-431,22;96,45
14.07.2025;05:00;35565,78;5813,37;3779,33;4855,74;1275,31;9951,4;7168,81;33,98;89,13;1124,88;306,91;589,12;948,73;0;0;-466,15;95,22
14.07.2025;06:00;34339,38;5018,67;2737,57;4879,24;1193,63;10056,48;7272,84;507,09;77,7;1123,76;306,9;574,43;941,66;0;0;-447,43;96,84
14.07.2025;07:00;34392,2;4450,41;2892,71;4842,47;1185,91;9838,2;7228,39;1335,24;89,88;1109,47;287,03;578,16;951,56;0;0;-498,06;100,83
14.07.2025;08:00;37743,3;5356,1;4411,17;4835,18;1530,72;9635,22;6981,73;2368,95;92;1076,39;280,41;563,5;966,43;0;0;-452,66;98,16
14.07.2025;09:00;38581,37;5045,6;4877,38;4807,15;1574,99;10049,2;6854,26;2826,39;91,51;1046,17;273,78;561,25;971,04;0;0;-496,67;99,32
14.07.2025;10:00;38312,79;4637,44;4959,64;4817,86;1374,57;10051,41;6914,3;3015,61;92,04;1007,33;275,99;560,25;969,3;0;0;-464,24;101,29
14.07.2025;11:00;38318,14;4484,7;4991,26;4791,14;1348,17;9901,97;6947,33;3079,73;91,33;972,58;275,99;551,98;964,38;0;0;-184,84;102,42
14.07.2025;12:00;37301,26;4211,01;4937,56;4739,42;1161,06;9489,23;7161,57;3059,3;85,12;943,68;273,78;553,17;957,14;0;0;-370,22;99,44
14.07.2025;13:00;38882,23;5206,58;5286,17;4726,78;1308,29;9661,28;7281,71;2887,11;90,42;921,01;273,78;542,31;946,85;0;0;-350,12;100,06
14.07.2025;14:00;41132,08;6293,67;5804,07;4738,85;1376,58;9879;7565,37;2889,57;90,46;911,77;271,57;554,02;958,47;0;0;-300,34;99,02
14.07.2025;15:00;42484,95;7428,29;6306,3;4744,06;1283,8;10037,5;7765,15;2552,23;90,43;906,39;275,99;552,84;951,44;0;0;-510,22;100,75
14.07.2025;16:00;44755,03;9248,48;6973,39;4679,33;1427,47;10068,82;7872,11;2122,75;90,21;903,85;280,41;573,57;953,65;0;0;-537,14;98,13
14.07.2025;17:00;47050,61;10934,98;7752,97;4620,54;1497,86;10060,63;8110,19;1734,08;90,37;910,11;300,28;577,63;954,82;0;0;-592,57;98,72
14.07.2025;18:00;48235,3;11832,2;8552,82;4669,66;1630,09;10064,2;8249,22;865,18;89,67;930,74;309,11;584,88;952,78;0;0;-590,31;95,06
14.07.2025;19:00;49043,41;11291,38;10381,92;4708,29;1831,57;10073,84;8242,95;126,97;89,96;957,79;306,9;585,22;945,21;0;0;-589,71;91,12
14.07.2025;20:00;50577,87;11343,05;11600,04;4751,34;2103,23;10054,34;8199,83;1,9;92,14;990,53;304,7;583,64;952,74;0;0;-488,29;88,68
14.07.2025;21:00;50358,07;11409,1;11028,53;4790,29;2047,03;10070,15;8464,29;0,01;92,34;1017,07;306,91;574,84;949,87;0;0;-487,07;94,71
14.07.2025;22:00;48581,99;10932,87;10035,77;4816,31;1783,05;10098,03;8347,81;0,01;92,27;1035,7;304,69;581,68;953,51;0;0;-495,73;96,02
14.07.2025;23:00;46468,85;10460,16;9128,48;4765,62;1534,79;10083,29;7912,78;0,01;91,97;1049,08;309,11;571,34;959,31;0;0;-489,44;92,35
15.07.2025;00:00;43882;10743,53;6585,09;4798,64;1543,17;10036,75;7553,02;0;91,22;1065,96;287,03;581,96;946,75;0;0;-444,76;93,64
15.07.2025;01:00;41560,8;10089,54;5218,47;4884,55;1487,94;10038,97;7243,38;0;92,62;1080,52;260,54;587,82;935,97;0;0;-456,56;97,04
15.07.2025;02:00;39877,6;9455,36;4331,49;4931,58;1343,15;10036,58;7202,11;0;92,77;1097,82;218,59;584,34;947,75;0;0;-451,88;87,94
15.07.2025;03:00;38628,96;8502,12;3896,53;4956,03;1319,17;10012,34;7325,52;0;92,98;1107,45;223;573,79;946,77;0;0;-424,21;97,47
15.07.2025;04:00;37738,12;8032,2;3549,25;4932,34;1313,8;9993,47;7292,87;1,13;92,78;1121,7;220,8;578,74;953,98;0;0;-436,96;92,02
15.07.2025;05:00;36145,62;7039,41;3088,64;4707,4;1315,76;10014,98;7355,02;23,67;89,97;1128,42;223;581,1;945,08;0;0;-458,96;92,13
15.07.2025;06:00;34571,17;5701,85;2459,23;4670,45;1274,73;10013,65;7382,6;455,37;88,29;1134,39;220,8;570,63;940,85;0;0;-431,03;89,36
15.07.2025;07:00;33618,52;4414,72;2517,85;4513,02;1099,62;9848,11;7103,52;1601,7;79,9;1119,17;220,79;583,86;939,07;0;0;-517,16;94,35
15.07.2025;08:00;34326,02;4021,72;3403,53;4469,73;1216,58;9357,25;7051,23;2331,31;84,13;1086,95;223;520,91;957,01;0;0;-490,03;92,7
15.07.2025;09:00;34481,42;3916,05;3808,87;4400,38;1159,27;9002,67;7043,39;2666,63;83,93;1054,16;220,79;517,77;946,62;0;0;-436,82;97,71
15.07.2025;10:00;34907,34;4017,28;4072,51;4362,37;1023,02;9073,07;7147,11;2783,12;83,61;1020,65;223;507,65;943,72;0;0;-445,32;95,55
15.07.2025;11:00;35158,89;3771,18;3943,34;4360,76;1049,46;9241,93;7170,36;2852,75;92,89;987,79;223;518,28;954,22;0;0;-99,72;92,65
15.07.2025;12:00;34569,58;4022,21;3816,51;4378,05;958,69;8712,46;7319,49;2832,33;91,76;952,47;225,21;518,14;948,34;0;0;-304,95;98,87
15.07.2025;13:00;36103,83;4266,9;3993,83;4425,65;1054,71;9429,99;7543,79;2815,45;91,26;926,54;218,58;529,28;951,06;0;0;-239,79;96,58
15.07.2025;14:00;37967,2;4993,79;4885,44;4496,13;1002,87;9841,95;7650,77;2547,89;83,19;911,42;218,59;518,77;945,2;0;0;-226,84;98,03
15.07.2025;15:00;39509,84;6294,53;4961,32;4424,29;1062,2;10012,52;7896,24;2463,64;90,4;899,14;218,59;551,06;948,13;0;0;-412,34;100,12
15.07.2025;16:00;41901,13;7782,13;5644,75;4495,62;1201,5;10070,26;8400,56;2121,24;90,01;895,7;220,79;571,66;954,25;0;0;-644,9;97,56
15.07.2025;17:00;43854,7;9339,27;6198,34;4506,07;1330,1;10034,37;8510,11;1726,53;90,68;904,83;223;574,57;964,68;0;0;-640,38;92,53
15.07.2025;18:00;45716,76;10577,82;7391,83;4572,55;1401,69;10069,32;8568,07;847,23;93,53;928,73;220,8;576,68;981,34;0;0;-608,95;96,12
15.07.2025;19:00;46980,31;10674,53;8924,18;4645;1764,59;10084,01;8388,39;127,28;91,45;947,39;220,8;582,41;979,55;0;0;-547,99;98,72
15.07.2025;20:00;48213,91;10857,48;9509,56;4655,14;1932,56;10076,23;8489,21;1,19;91,41;982,56;220,8;577,11;976,07;0;0;-256,47;101,06
15.07.2025;21:00;47996,79;10892,7;9286,21;4717,59;1874,59;10075,81;8400,15;0;91,58;996,54;223;579,44;987,39;0;0;-225,67;97,46
15.07.2025;22:00;46447,57;10870,15;8281,22;4751,02;1635,74;10065,23;8043;0;92,09;1011,34;220,8;568,04;974,03;0;0;-163,74;98,65
15.07.2025;23:00;44841,63;10592,3;7378,9;4750,89;1516,77;10085,77;7729,27;0;92,18;1016,45;220,8;560,79;978,67;0;0;-178,68;97,52
16.07.2025;00:00;43170,07;10070,76;6662,15;4786,58;1451,13;10067,82;7293,1;0;93,33;1042,28;220,8;573,05;940,23;0;0;-128,15;96,99
16.07.2025;01:00;41287,58;9984,56;5439,09;4830,53;1392,9;10079,8;6873,41;0,01;93,25;1058,1;218,59;573,09;944,61;0;0;-300,5;100,14
16.07.2025;02:00;39768,05;9277,55;4791,23;4917,67;1318,89;10072,78;6711,75;0,01;93,02;1069,98;220,8;577,53;936,65;0;0;-316,67;96,86
16.07.2025;03:00;38663,01;9230,22;4080,53;4988,58;1262,45;10071,57;6602,54;0,01;92,85;1077,11;223;583,91;942,3;0;0;-590,19;98,13
16.07.2025;04:00;38003,5;9063,11;3608,8;5073,04;1179,6;10082,78;6520,73;1,16;92,35;1093,5;223;596,5;961,63;0;0;-588,25;95,55
16.07.2025;05:00;36952,13;8819,21;2690,64;5076,37;1212,48;10079,6;6585,79;28,16;91,05;1105,33;220,8;592,65;953,66;0;0;-600,22;96,61
16.07.2025;06:00;36066,94;8065,85;2258,4;5104,93;1214,77;10077,6;6522,19;346,22;92,99;1109,01;223;588,35;958,58;0;0;-591,15;96,2
16.07.2025;07:00;36734,36;8154,71;2383,25;5119,89;1238,79;10059,59;6097,88;1216,27;94,79;1091,7;223;590,07;954,49;0;0;-584,24;94,17
16.07.2025;08:00;40699,82;9952,49;3931,96;4989,47;1299,21;10077,51;5737,29;2243,49;93,88;1061,4;223;592,58;952,27;0;0;-552,61;97,88
16.07.2025;09:00;41295,02;9653,36;4873,45;4970,76;1347,35;10036,91;5427,5;2563,03;93,33;1027,05;218,59;580,68;957,17;0;0;-548,53;94,37
16.07.2025;10:00;41192,74;9704,36;3910,85;4996,01;1256,99;10039,13;5405,04;2947,22;92,94;1000,74;225,2;584,67;952,49;0;0;-16,27;93,37
16.07.2025;11:00;41353,75;9702,08;4095,22;4935,38;1133,76;10023,59;5376,96;3081,39;91,98;971,87;223;586,83;943,55;0;0;97,44;90,7
16.07.2025;12:00;40073,37;9512,08;3621,89;4945,09;1084,34;10063,69;5063,16;3003,98;91,95;944,24;223;580,73;944;0;0;-92,76;87,98
16.07.2025;13:00;41658,85;10409,72;4647,54;4903,05;1136,05;10068,78;5105,39;2878,95;92,03;920,08;220,8;584,74;930,92;0;0;-330,04;90,84
16.07.2025;14:00;44775,06;10618,95;7383,13;4867,57;1330,04;10045,85;5504,38;2733,64;92,99;903,09;223;586,72;935,48;0;0;-541,11;91,33
16.07.2025;15:00;45583,54;11334,38;8251,91;4896,48;1488,57;9382;5976,2;2012,93;91,36;896,99;223;592,46;927,16;0;0;-581,11;91,21
16.07.2025;16:00;47299,54;13151,91;8509,43;4782,84;1541,49;9379,1;6133,43;1582,67;94,61;911,01;220,8;586,59;923,83;0;0;-607,17;89
16.07.2025;17:00;48567,01;13933,82;9374,84;4678,67;1667,06;9384,27;6278,56;1136,52;90,99;930,34;220,8;573,75;894,88;0;0;-685,11;87,62
16.07.2025;18:00;49017,22;14711,64;9777,06;4653,08;1832,59;9413,23;5986,96;471,43;89,43;952,83;220,8;586,19;920,69;0;0;-688,21;89,5
16.07.2025;19:00;49957,72;15068,31;10695,87;4644,17;2038,13;9416,94;5765,36;90,68;92,08;971,41;220,8;585,71;930,86;0;0;-651,54;88,94
16.07.2025;20:00;51207,26;15455,33;11619,88;4717,19;2266,34;9402,66;5450,42;3,49;93,22;996,04;223;573,2;952,5;0;0;-633,77;87,76
16.07.2025;21:00;50803,02;15689,24;11482,58;4821,42;2103,8;9411,4;5029,58;0,01;91,3;1011,29;222,8;563,31;962,55;0;0;-677,17;90,91
16.07.2025;22:00;49162,19;15888,76;10155,9;4889,7;1932,96;9395,67;4573;0,01;92,03;1040,09;220,8;560,98;958,87;0;0;-632,06;85,48
16.07.2025;23:00;47789,38;15843,07;8848,08;4956,01;1811,89;10067,86;3952,23;0,01;92,04;1063,33;220,8;563,95;933,62;0;0;-650,28;86,77
17.07.2025;00:00;45342,79;15885,82;7001,81;4974,83;1750,81;10099,56;3263,23;0,01;93,77;1079,87;231,83;560,4;939,9;0;0;-633,59;94,54
17.07.2025;01:00;43303,01;15601,23;5969,11;4953,62;1642,49;10097,08;2545,75;0,01;92,98;1093,98;220,8;555,07;944,17;0;0;-508;94,72
17.07.2025;02:00;41492,6;14711,98;5424,34;4951,03;1526,2;10094,89;2213,02;0,01;93,26;1104,2;234,04;565,24;948,28;0;0;-466;92,11
17.07.2025;03:00;40288,23;14440,67;4681,22;4900,69;1475,22;10115,07;2072,76;0,01;92,42;1093,46;234,04;580,03;946,8;0;0;-438,47;94,31
17.07.2025;04:00;39274,66;14086,85;4196,79;4866,07;1369,38;10104,61;2033,31;1,38;93,49;1100,83;234,04;585,74;951,2;0;0;-437,92;88,89
17.07.2025;05:00;38080,38;13939,6;3289,41;4926,32;1366,31;10113,78;1820,3;32,94;91,08;1107,19;236,25;585,19;948,33;0;0;-468,38;92,06
17.07.2025;06:00;36840,05;13156,51;2538,1;4949,03;1334,46;10115,63;1658,06;503,49;86,59;1111,15;231,83;589,06;948,41;0;0;-473,37;91,1
17.07.2025;07:00;36746,79;12306,91;2400,11;4961,75;1295,81;10108,56;1445,65;1644,11;87,07;1089,56;234,04;584,17;939,48;0;0;-440,89;90,46
17.07.2025;08:00;39907,85;13648,14;3647,61;4900,07;1452,13;10114,18;1103,44;2454,05;89,79;1055,25;231,83;584,33;946,79;0;0;-414,27;94,51
17.07.2025;09:00;40564,93;13167,12;4839,77;4885,41;1472,64;10127,14;876,44;2795,55;93,06;1024,55;225,21;575,72;929,27;0;0;-542,51;95,56
17.07.2025;10:00;40196,78;13441,8;3956,28;4896,89;1375,56;10121,13;982,77;3033,62;92,83;997,34;229,62;576,61;928,58;0;0;-532,43;96,18
17.07.2025;11:00;39822,49;13611,84;3933,02;4883,88;1385,38;9495,96;1031,1;3075,65;93,05;983,78;229,62;570,56;923,25;0;0;-490,92;96,32
17.07.2025;12:00;39241,71;12973,45;3496,18;4869,86;1208,53;10145,54;1214,09;2994,59;93;952,84;231,83;565,12;914,76;0;0;-510,92;92,84
17.07.2025;13:00;41125,97;14118,84;4024,37;4875,07;1218,22;10118,66;1527,86;2868,67;92,98;925,58;229,62;559,25;896,21;0;0;-425,57;96,21
17.07.2025;14:00;43538,41;14861,78;5419,75;4867,34;1286,71;10120,09;1841,74;2767,72;90,93;900,29;227,41;560,47;881,47;0;0;-383,43;96,14
17.07.2025;15:00;44955,85;14703,65;6807,9;4826,66;1349,15;10094,46;2153,08;2713,54;91,29;884,56;229,62;572,38;895,49;0;0;-458,36;92,43
17.07.2025;16:00;46934,27;15061,33;8329,46;4795,63;1499,5;9995,79;2377,24;2603,63;91,37;899,64;227,41;575,56;902,28;0;0;-517,87;93,3
17.07.2025;17:00;49001,62;15308,16;10422,5;4815,1;1679,6;9985,08;2592,49;2022,18;92,29;913,82;225,2;591,63;905,5;0;0;-642,64;90,71
17.07.2025;18:00;49895,42;15734,88;11967;4676,55;1733,68;10094,64;2458,26;986,88;90,21;933,25;229,62;608,29;895,05;0;0;-607,23;94,34
17.07.2025;19:00;51356,43;15875,7;14380,33;4532,83;1989,04;10083,36;2106,15;141,52;94,15;962,26;231,83;602,76;891,17;0;0;-629,64;94,97
17.07.2025;20:00;52880,09;16150,87;15727,12;4631,71;2135,17;10091,64;1855,89;1,46;91,92;981,56;229,62;599,66;883,28;0;0;-593,8;93,99
17.07.2025;21:00;52328,36;15835,96;15410,67;4809,48;2082,69;10050,38;1748,15;0,01;92,96;1012,99;229,62;588,86;871,1;0;0;-500,24;95,73
17.07.2025;22:00;50807,92;15737,42;14387,16;4884,94;1942,11;10060,37;1529,01;0,01;93,36;1031,38;229,62;559,52;890,6;0;0;-634,8;97,22
17.07.2025;23:00;48936,17;15742,3;12831,52;4875,23;1734,25;10093,95;1420,17;0,01;92,69;1049,28;229,62;551,27;854,06;0;0;-638,17;99,99
18.07.2025;00:00;46279,23;15791,8;10004,65;4890,3;1721,06;10060,13;1474,68;0,01;92,05;1067,47;227,41;566,62;884,14;0;0;-590,64;89,55
18.07.2025;01:00;44124,92;15503,33;8126,47;4831,3;1606,38;10068,92;1717,81;0,01;92,91;1076,22;223;553,83;887,32;0;0;-652,4;89,82
18.07.2025;02:00;42237,57;15487,87;5959,11;4839,82;1417,9;10063,52;2091,71;0,01;91,33;1092,44;227,41;560,32;897,4;0;0;-578,58;87,31
18.07.2025;03:00;41127,04;15570,07;4773,97;4831,32;1379,37;10076,77;2109,97;0,01;92,39;1110,04;229,62;570,31;899,06;0;0;-586,14;70,28
18.07.2025;04:00;40209,97;14812,51;4773,76;4731,91;1266,48;10078,49;2118,88;1,3;92,63;1119,97;229,62;551,57;900,32;0;0;-537,9;70,43
18.07.2025;05:00;39098,53;14340,06;4039,87;4735,87;1321,06;10067,51;2207,75;33,48;90,29;1127,75;231,83;536,76;898,27;0;0;-604,61;72,64
18.07.2025;06:00;37757,27;14235,62;2426,57;4671,09;1323,78;10065,53;2106,64;530,42;86,38;1138,01;234,04;557,87;890,69;0;0;-581,31;71,94
18.07.2025;07:00;37592,76;13156,3;2371,23;4586,77;1204,59;10084,55;2093,42;1697,83;87,64;1120,63;227,41;561,68;901,47;0;0;-573,69;72,93
18.07.2025;08:00;40794,19;13973,29;3885,96;4539,05;1388,3;10105,74;1934,49;2479,08;88,59;1087,06;234,04;561,3;896,02;0;0;-447,8;69,07
18.07.2025;09:00;41313,59;13585,67;4661,39;4484,41;1335,7;10090,2;1892,69;2842,7;89,82;1049,92;227,41;561,33;904,25;0;0;-479,77;67,87
18.07.2025;10:00;41009,22;13489,89;4349,57;4482,65;1290,9;10079,37;1855,1;3042,66;90,7;1010,04;231,83;558,14;918,08;0;0;-459,16;69,45
18.07.2025;11:00;41318,74;13352,93;4896,16;4473,94;1250,54;10112,37;1664,39;3131,76;89,33;977,73;231,83;550,98;907,49;0;0;-390,65;69,94
18.07.2025;12:00;39645,16;12013,13;4750,87;4500,24;1124,07;10113,06;1549,83;3155,32;89,94;953,71;234,04;543,77;919,15;0;0;-369,7;67,73
18.07.2025;13:00;40187,27;12662,59;4707,19;4534,63;1149,25;9881,89;1818,6;3042,55;93,22;927,04;231,83;541,82;919,33;0;0;-393,78;71,11
18.07.2025;14:00;44057,59;13946,24;6398,39;4506,75;1213,97;10100,33;2543,79;2851,53;91,44;912,52;229,62;545,37;904,23;0;0;-258,81;72,22
18.07.2025;15:00;45811,1;14600,98;7026,43;4522,23;1279,51;10092,49;3208,59;2620,66;93,92;909,32;231,83;540,4;925,22;0;0;-312,12;71,64
18.07.2025;16:00;48007,12;15270,78;8188,47;4612,99;1395,38;10086,86;3617,39;2375,6;94,78;909,92;231,83;550,52;911,96;0;0;-309,75;70,39
18.07.2025;17:00;49446,76;15734,29;9573,64;4713,54;1638,7;10072,84;3768,11;1625,88;95,95;928,85;225,21;560,87;925,73;0;0;-488,3;71,45
18.07.2025;18:00;49875,35;15943,04;10962,87;4705,62;1737,14;10086,1;3641,98;491,91;95,85;947,66;231,83;549,81;952,07;0;0;-555,62;85,09
18.07.2025;19:00;50522,27;16108,9;11883,81;4720,2;1960,3;10099,65;3388,39;62,63;90,7;971,07;233,25;552,98;952,24;0;0;-595,98;94,13
18.07.2025;20:00;51614,26;16015,57;12874,48;4735,63;2144,32;10093,26;3364,54;1,21;90,71;1003,29;234,04;577,64;942,28;0;0;-558,45;95,74
18.07.2025;21:00;51202,8;15535,66;13168,6;4740,83;2058,67;10096,88;3072,81;0,01;89,56;1033,51;231,83;581,83;916,14;0;0;-419,42;95,89
18.07.2025;22:00;49652,58;15750,54;11505,59;4792,09;1919,82;10095,8;3012,85;0,01;90,15;1057,2;234,04;576,05;933,98;0;0;-413,87;98,33
18.07.2025;23:00;47726,55;15605,56;9855,42;4903,99;1733,13;10109,06;2927,05;0,01;90,1;1080,63;234,04;578,26;929,58;0;0;-422,49;102,21
19.07.2025;00:00;45382,67;15308,37;7766,7;4834,11;1615,34;10107,34;2908,33;0,01;88,88;1096,38;196,51;571,28;952,06;0;0;-163,28;100,64
19.07.2025;01:00;43224,83;14691,29;6605,67;4581,49;1554,91;10102;2882,96;0,01;88,34;1107,25;187,67;579,03;953,86;0;0;-208,06;98,41
19.07.2025;02:00;41654,4;14630,72;5252,92;4578,36;1404,24;10095,06;2854,34;0,01;89,52;1120,81;192,09;577,98;947,59;0;0;-190,31;101,07
19.07.2025;03:00;40069,13;13556,68;4610,25;4596,62;1356,21;10097,15;3002,13;0;88,56;1129,6;194,3;579,93;954,35;0;0;-191,33;94,68
19.07.2025;04:00;39195,49;12789,82;4437,93;4591,77;1323,06;10092,1;3109,92;1,08;88,14;1141,42;194,3;571,81;964,3;0;0;-207,66;97,5
19.07.2025;05:00;38130,3;12671,57;3292,25;4592,95;1293,69;10090,17;3319,79;30,18;86,98;1148;192,09;568,95;959,21;0;0;-213,02;97,49
19.07.2025;06:00;36514,43;11459,33;2394,06;4557,54;1282,92;10095,24;3362,15;511,97;86,4;1151,42;192,09;583,63;973,79;0;0;-231,69;95,58
19.07.2025;07:00;34342,03;10138,15;2235,53;4582,16;1196,41;8755,53;3228,44;1625,76;89,26;1113,53;187,67;572,85;974,9;0;0;-453,78;95,62
19.07.2025;08:00;35539,2;10457,08;2866,1;4584,71;1266,97;8750,91;2681,4;2332,58;91,44;1080,3;189,88;555,44;970,35;0;0;-381,75;93,79
19.07.2025;09:00;35351,05;10252,85;2860,02;4418,07;1270,77;8752,15;2539,69;2744,68;93,99;1049,37;192,09;566,62;970,4;0;0;-453,38;93,73
19.07.2025;10:00;35103,44;9337,25;3052,33;4233,14;1256,24;8777;2539,86;2970,89;92,22;1012,9;189,88;570,87;961,11;0;0;14,91;94,84
19.07.2025;11:00;35178,4;7779,36;4165,68;4219,52;1151,38;8764,14;2781,98;3137,87;93,04;976,78;192,09;576,55;952,3;0;0;290,17;97,54
19.07.2025;12:00;34388,59;7025,48;4023,2;4225,83;1079,08;8766,21;3026,42;3136,11;86,99;942,94;192,09;555,55;959,14;0;0;272,81;96,74
19.07.2025;13:00;35815,52;7567,35;4623,64;4220,8;1078,46;8749,06;3300,8;3135,81;92,23;914,17;194,3;566,22;959,31;0;0;320,38;92,99
19.07.2025;14:00;37516,34;7934,84;5577,59;4303,26;1148,81;8731,65;3636,84;3052,95;91,41;892,9;192,09;565,08;960,32;0;0;336,05;92,55
19.07.2025;15:00;40279,75;8284,99;6306,11;4242,02;1188,1;10060,24;4204,9;2874,72;90,87;886,74;192,09;568,74;957,55;0;0;329,79;92,89
19.07.2025;16:00;42018,61;9949,86;6525,4;4302;1258,88;10084,63;4605,93;2287,95;92,16;888,89;192,09;564,73;963,38;0;0;209,74;92,97
19.07.2025;17:00;44511,23;12080,25;7480,12;4352,01;1356,91;10070,2;5030,25;1610,13;90,5;903,22;192,09;564,36;960,78;0;0;-273,86;94,27
19.07.2025;18:00;46968,19;13305,35;9124,13;4332,22;1558,64;10113,78;5480,84;761,99;90,4;924,89;194,3;563,27;968,85;0;0;-543,27;92,8
19.07.2025;19:00;48626,1;13866,87;10621,13;4328,02;1821,69;10130,37;5439,38;119,28;90,07;957,07;192,09;555,86;974,22;0;0;-566,49;96,54
19.07.2025;20:00;50019,09;13850,22;11891,96;4322,22;1918,99;10130,26;5586,66;2,69;90,03;982,64;189,88;550,41;969,03;0;0;-559,28;93,38
19.07.2025;21:00;49509,55;13669,83;11424,63;4366,33;1933,42;10108,29;5672,08;0,01;90,07;996,89;194,3;555,77;945,43;0;0;-545,77;98,27
19.07.2025;22:00;48189,96;13552,74;10505,51;4392,59;1850,44;10123,42;5401,92;0,01;90,39;1018,53;192,09;547,75;963,52;0;0;-546,84;97,89
19.07.2025;23:00;46240,18;13113,86;9323,13;4411,06;1658,03;10115,4;5135,01;0,01;90,76;1033,29;192,09;554,21;940,64;0;0;-427,57;100,26
20.07.2025;00:00;43629,95;13215;6970,24;4372,89;1474,74;10101,18;4838,21;0,01;90,48;1055,67;167,8;542,78;970,43;0;0;-268,74;99,26
20.07.2025;01:00;41576,57;12440,44;5662,57;4271,4;1409,39;10107,28;4796,54;0,01;89;1065,06;165,59;572,91;987,33;0;0;-89,33;98,38
20.07.2025;02:00;39942,11;12143,22;4395,05;4348,8;1340,87;10094,11;4706,57;0,01;88,99;1078,02;163,38;575,43;992,03;0;0;-81,03;96,66
20.07.2025;03:00;38395,25;11324,38;3839,78;4336,71;1251,29;9988,36;4701,53;0,01;88,86;1088,14;163,38;581,39;989,98;0;0;-59,34;100,78
20.07.2025;04:00;37447,4;10821,92;3259,19;4552,3;1163,89;10007,35;4712,36;1,17;87,5;1105,35;167,8;571,44;981,35;0;0;-84,75;100,53
20.07.2025;05:00;36046,59;9952,45;2642;4536,65;1177,8;9995,72;4743,96;27,58;88,5;1120,72;161,17;570,16;986,45;0;0;-54,49;97,92
20.07.2025;06:00;33840,87;7664,12;2425,9;4550,94;1150,35;9988,51;4615,85;490,44;90,9;1124,16;163,38;573,43;964,99;0;0;-62,57;100,47
20.07.2025;07:00;30535,54;5816,59;2270,5;4524,78;1037,18;8704,42;4098,86;1623,29;86,3;1109,31;167,8;583,22;986,99;0;0;-570,76;97,06
20.07.2025;08:00;28444,98;4122,79;2346,72;4227,49;1034,11;8443,85;3464,82;2468,85;81,8;1067,99;165,59;542,16;983,92;0;0;-592,11;87
20.07.2025;09:00;27381,37;3897,33;2357,19;4158,03;979,16;7736,34;3118,2;2835,83;85,45;1029,89;158,96;534,44;971,04;0;0;-555,94;75,45
20.07.2025;10:00;27005,48;3580,58;2421,47;4123,76;972,73;7198,17;3281,39;3063,36;84,26;994,61;163,38;554,1;954,8;0;0;-461,37;74,24
20.07.2025;11:00;27480,28;3470,45;2578,62;4110,28;1016,93;6516,05;3575,65;3184,8;85,25;962,23;161,18;545,42;938,68;0;0;260,15;74,59
20.07.2025;12:00;27610,15;3409,66;2643;4142,7;959,87;6560,84;3682,07;3184,47;82,85;933,88;163,38;537,18;964,06;0;0;273,27;72,92
20.07.2025;13:00;28997,25;3409,23;2985,39;4186,45;951,42;7451,12;3853,4;3176,24;81,85;918,14;161,17;531,18;970,73;0;0;247,14;73,79
20.07.2025;14:00;30239,52;3330,02;3588,89;4162,43;918,76;8174,48;4054,31;3049,48;79,75;908,55;163,38;535,46;974,35;0;0;228,13;71,53
20.07.2025;15:00;32796,16;3599,52;4141,11;4110,14;986,75;9829,22;4438,46;2752,06;80,52;898,06;167,8;535,6;973,08;0;0;210,24;73,6
20.07.2025;16:00;35272,3;4354,77;5637,1;4246,52;1048,02;9893,38;4808,36;2385,13;82,32;894,17;161,17;567,19;962,38;0;0;159,65;72,14
20.07.2025;17:00;38723,31;7540,61;6591,07;4259,08;1230,76;9886,01;5106,64;1847,67;90,12;892,66;158,96;558,57;944,55;0;0;-459,64;76,25
20.07.2025;18:00;42152,96;10626,78;7549,69;4307,53;1362,99;10051,83;5206,29;805,47;87,22;906,5;163,38;552,25;938,7;0;0;-479,29;73,62
20.07.2025;19:00;44527,55;11376,49;9807,37;4351,07;1554,72;10099,42;4989,16;137,64;90,44;918,44;163,38;552,71;924,91;0;0;-510,03;71,83
20.07.2025;20:00;46362,41;11501,15;11467,97;4378,78;1714,08;10093,28;4863,63;3,79;89,53;947,88;161,17;579,42;928,84;0;0;-433,22;66,11
20.07.2025;21:00;46403,51;11561,14;11512,49;4395,21;1753,52;10098,33;4717,24;0,01;89,82;965,82;163,38;581,1;918,53;0;0;-421,01;67,93
20.07.2025;22:00;45358,66;11487,32;10650,15;4392,37;1658,78;10084,78;4699,11;0,01;89,6;984,43;163,38;580,75;920,45;0;0;-423,29;70,82
20.07.2025;23:00;43966,76;11592,9;9325,5;4402,87;1580,06;10085,31;4534,98;0,01;89,76;1007,79;174,43;570,76;895,16;0;0;-362,56;69,79
21.07.2025;00:00;42722,79;11264,61;8266,56;4475,68;1482,45;10112,06;4297,65;0,01;89,26;1036,59;200,92;573,58;940,5;0;0;-90,52;73,44
21.07.2025;01:00;40691,09;10532,01;7076,7;4363,78;1447,01;10121,67;4131,14;0,01;89,67;1048,2;225,2;566,81;950,69;0;0;60,8;77,4
21.07.2025;02:00;39113,53;10322,85;5963,53;4153,89;1409,8;10120,3;4094,07;0,01;90,37;1056,15;229,62;556,84;939,7;0;0;98,16;78,24
21.07.2025;03:00;38072,1;10238,39;5039,12;4177,79;1367,92;10124,35;4034,46;0,01;89,77;1058,48;229,62;561,26;942,49;0;0;113,07;95,37
21.07.2025;04:00;37214,07;10320,56;4186,84;4271,6;1253,31;10129,51;3959,78;1,38;90,66;1077,39;229,62;562,06;942,26;0;0;94,87;94,23
21.07.2025;05:00;36113,63;9730,98;3507,16;4485,44;1163,05;10124,64;3997,77;21,12;79,36;1085,2;229,62;552,71;942,89;0;0;100,81;92,88
21.07.2025;06:00;34974,03;9468,5;2240,88;4621,91;1183,89;10126,29;3998,18;407,11;90,15;1106,84;229,62;550,46;946,18;0;0;-89,85;93,87
21.07.2025;07:00;35763,41;9635,24;2411,31;4637,13;1178,07;10093,5;3601,82;1510,59;91,1;1088,25;229,62;561,37;944,79;0;0;-309,96;90,58
21.07.2025;08:00;39401,84;10770,26;4280,01;4664,23;1282,57;10119,05;3106,31;2425,91;92,3;1050;231,83;550,29;940,13;0;0;-201,8;90,75
21.07.2025;09:00;40533,63;10839,37;5264,07;4635,28;1348,33;10100,89;2880,93;2821,59;94,07;1019,76;223;554,94;924,01;0;0;-264,91;92,3
21.07.2025;10:00;40692,18;10983,82;5253,91;4635,69;1361,99;10141,03;2728,68;3030,44;92,61;987,8;229,62;558,26;931,14;0;0;-332;89,19
21.07.2025;11:00;40742,4;10833,14;5262,27;4638,77;1328,62;10134,57;2823,06;3162,46;89,9;956,12;234,04;566,25;929,94;0;0;-312,66;95,92
21.07.2025;12:00;39513,14;10326,23;4568,73;4618,87;1194,5;10146,45;2932,67;3198,12;90,1;936,25;229,62;571,68;912,8;0;0;-303,33;90,45
21.07.2025;13:00;41504,97;11048,67;5674,96;4592,34;1256,73;10131,7;3155,26;3126,48;89,49;915,51;231,83;571,53;898,16;0;0;-275,76;88,07
21.07.2025;14:00;43711,57;11816,47;6897,4;4623,17;1232,41;10106,3;3454,26;3075,28;91,05;903,44;231,83;571,84;898,71;0;0;-270,08;79,49
21.07.2025;15:00;45182,38;13434,97;6645,24;4606,13;1255,27;10119,92;3780,81;2895,27;91,41;892,69;227,41;548,36;944,73;0;0;-345,23;85,4
21.07.2025;16:00;47445,61;15094,59;7478,77;4493,99;1369,91;10125,8;3865,74;2579,76;89,39;881,21;231,83;565,28;943;0;0;-361,85;88,19
21.07.2025;17:00;49776,95;15265,34;10418,39;4192,68;1616,81;10094,4;3762,22;2056,03;89,59;882,75;227,41;560,7;941,8;0;0;-424,76;93,59
21.07.2025;18:00;51150,79;15778,58;12314,43;4211,76;1761,34;10087,59;3595,94;956,16;90,37;890,15;229,62;571,21;965,4;0;0;-394,24;92,48
21.07.2025;19:00;52678,84;15926,32;14266,02;4182,7;2013,2;10100,68;3589,2;137,57;91,29;908,95;234,04;565,52;978,07;0;0;-407,83;93,11
21.07.2025;20:00;53813,57;16018,03;15124,02;4299,96;2242,63;10095,54;3543,76;2,94;91,96;934,65;231,83;551,61;975,64;0;0;-395,03;96,03
21.07.2025;21:00;53457,65;15743,53;14723,63;4405,32;2297,02;10067,74;3552,78;0,01;92,19;966,91;231,83;572,65;984,15;0;0;-274,29;94,18
21.07.2025;22:00;51714,67;15941,7;12986,15;4501,71;2062,78;10067,53;3462,7;0,01;91,39;984,68;229,62;578,73;971,6;0;0;-257,98;94,05
21.07.2025;23:00;49629,88;16058,35;11230,92;4514,33;1773,39;10055,14;3221;0,01;90,39;1005,53;231,83;576,58;938,99;0;0;-160,94;94,36
22.07.2025;00:00;46846,59;16042,28;8461,73;4518,02;1641,6;10060,81;3088,56;0,01;90,41;1039,62;227,41;558,48;975,61;0;0;51,99;90,06
22.07.2025;01:00;44766,1;16206,6;6523,29;4785,87;1500,26;10084,99;2767,78;0,01;91,4;1055,83;225,2;554,32;964,27;0;0;-79,31;85,59
22.07.2025;02:00;42926,76;15695,21;5358,38;4849,2;1386,59;10095,47;2643,34;0,01;90,22;1070,81;225,2;543,92;950,81;0;0;-68,87;86,47
22.07.2025;03:00;41586;15398,35;4592,48;4785,55;1319,55;10102,02;2503,44;0,01;90,31;1086,59;234,04;528,99;947,04;0;0;-78,06;75,69
22.07.2025;04:00;40713,81;14410,56;4687,27;4717,95;1312,54;10116,71;2567,26;1,37;88,18;1103,77;231,83;532,6;937,02;0;0;-67,1;73,85
22.07.2025;05:00;39473,47;14165,11;3872,18;4625,92;1258,41;10123,36;2505,94;25,64;86,82;1118,71;231,83;541,28;935,18;0;0;-90,6;73,69
22.07.2025;06:00;37912,28;13429,67;2760,85;4629,63;1223,76;10116;2464,71;524,91;85,85;1122,97;231,83;535,56;940,25;0;0;-229,3;75,59
22.07.2025;07:00;37837,77;12708,1;2699,39;4566,23;1182,13;10133,03;2309,37;1737,08;89,64;1104,61;229,62;538,16;954,42;0;0;-487,51;73,5
22.07.2025;08:00;40870,82;13291,58;4529,37;4584,48;1337,45;10138,39;1814,4;2562,87;89,57;1066,24;229,62;541,88;945,75;0;0;-335,9;75,12
22.07.2025;09:00;41596,35;12629,27;5987,21;4592,41;1348,77;10125,37;1477,78;2921,29;91,48;1022,84;223;534,48;938,81;0;0;-369,19;72,83
22.07.2025;10:00;41178,21;12809,98;5279,78;4466,39;1293,84;10126,42;1534,8;3119,13;91;986,7;229,62;542,61;953,28;0;0;-327,1;71,76
22.07.2025;11:00;41395,95;12843,03;5438,88;4356,2;1276,74;10144,94;1613,07;3236,15;91,04;949,83;229,62;548,46;946,24;0;0;-350,25;72
22.07.2025;12:00;40145,99;12666,2;4376,67;4362,92;1167,16;10120,08;1697,07;3259,52;90,55;914,4;229,62;537,06;941,69;0;0;-290,96;74,01
22.07.2025;13:00;41967,88;12958,34;5565,72;4290,23;1193,22;10133,78;1924,13;3137,13;90;887,72;231,83;542,7;925,91;0;0;15,55;71,62
22.07.2025;14:00;44346,47;12772,96;7796,88;4308,54;1227,61;10132,15;2034,5;3077,75;88,9;875,25;229,62;538,67;921,14;0;0;270,19;72,31
22.07.2025;15:00;45818,24;13730,21;8477,63;4319,15;1338,86;10117,35;1994,08;2832,24;89,22;862,07;229,62;546,31;921,87;0;0;267,48;92,15
22.07.2025;16:00;48196,76;14102,47;11109,53;4382,75;1493,51;10106,15;2081,02;2522,29;86,99;858,78;227,41;532,72;927,82;0;0;-327,86;93,18
22.07.2025;17:00;50801,03;14840,44;13408,73;4374,78;1700,67;10094,28;2296,9;1775,19;89,82;859,07;225,2;544,45;931,11;0;0;-434,19;94,58
22.07.2025;18:00;52336,5;15439,71;15118,63;4271,72;1882,97;10106,88;2422,31;836,04;90,06;876,26;227,41;529,68;928,26;0;0;-482,89;89,46
22.07.2025;19:00;53699,41;15667,09;16458,01;4307,32;2084,36;10128,59;2600,04;123,86;90,51;890,81;227,41;532,35;928,6;0;0;-423,76;84,22
22.07.2025;20:00;53589,68;15815,32;16117,04;4384,93;2185,13;10115,81;2685,31;1,17;90,63;911,27;231,83;551,16;906,31;0;0;-494,07;87,84
22.07.2025;21:00;53270,23;15896,28;16047,58;4166,2;2144,93;10120,35;2524,78;0,01;90,47;948,69;229,62;555,82;898,18;0;0;-444,75;92,07
22.07.2025;22:00;52655,28;15910,25;15720,26;4152,17;1939,3;10109,59;2363,69;0,01;93,68;985,75;234,04;558,8;897,39;0;0;-402,84;93,19
22.07.2025;23:00;50620,63;16168,21;13751,63;4144,14;1679,47;10106,45;2153,69;0,01;95,35;1014,21;234,04;564,85;914,66;0;0;-303,46;97,38
23.07.2025;00:00;47934,77;15918,07;11147,73;4176,09;1518,53;10129,27;2186,63;0,01;93,91;1033,37;227,41;576,84;950,67;0;0;-120,54;96,78
23.07.2025;01:00;45646,68;16071,2;8834;4200,12;1476,07;10114,25;2048,94;0,01;94,05;1053,25;225,2;567,44;970,37;0;0;-105,12;96,9
23.07.2025;02:00;43803,47;16286,29;6847,09;4205,83;1364,09;10121,16;1996,63;0,01;94,7;1080,09;227,41;567,41;977,85;0;0;-62,85;97,76
23.07.2025;03:00;42226,35;16387,78;5357,65;4175,37;1210,84;10123,13;1931,5;0,01;94,82;1094,43;231,83;580,93;986,05;0;0;-46,76;98,77
23.07.2025;04:00;41372,83;15905,72;4954,43;4216,89;1246,59;10124,78;1897;0,95;94,64;1099,09;231,83;578,49;980,27;0;0;-53,86;96,01
23.07.2025;05:00;40339,61;15696,75;4028,35;4408,67;1195,17;10122,82;1866,57;21,7;92,92;1113,77;227,41;565,65;976,97;0;0;-76,99;99,85
23.07.2025;06:00;38575,58;15145,23;2498,97;4526,65;1133,03;10117,31;1836,63;450,81;92,49;1123,24;227,42;561,28;980,01;0;0;-214;96,51
23.07.2025;07:00;38501,09;14871,39;2093,42;4509,82;1112,15;10139,31;1628,58;1535,02;91,37;1106,94;234,04;562,39;984,29;0;0;-466,22;98,59
23.07.2025;08:00;41597,02;15697,47;3492,36;4494,69;1188,88;10143,7;1511,73;2375,17;94,39;1065,95;229,62;553,79;976,57;0;0;-325,96;98,66
23.07.2025;09:00;42727,29;15259,82;4711,92;4522,71;1234,79;10139,53;1504,27;2868,6;93,4;1019,91;223;438,62;971;0;0;-353,61;93,33
23.07.2025;10:00;42615,6;15501,75;4195,5;4441,5;1243,67;10130,44;1519,06;3109,68;94,7;970,04;225,21;446,24;956,94;0;0;-310,51;91,38
23.07.2025;11:00;43154,38;15276,05;4729,6;4443,05;1226,14;10094,49;1681,34;3195,41;93,55;930,87;229,62;531,68;938,96;0;0;-308,71;92,33
23.07.2025;12:00;41979,71;14582,56;3978,36;4498,15;1132,86;10008,3;1978,61;3234,53;93,5;892,69;229,62;572,77;926,91;0;0;-236,79;87,64
23.07.2025;13:00;43517,94;14390,78;5103,49;4491,52;1176,25;10031,26;2447,58;3224,4;91,82;868,1;231,83;582,91;924,27;0;0;-133,52;87,25
23.07.2025;14:00;45738,64;13609,18;7648,23;4561,59;1160,28;10017,92;2911,55;3147,91;91,14;840,37;227,42;584,46;919,77;0;0;-64,63;83,45
23.07.2025;15:00;47110,26;13975,61;8398,85;4559,68;1168,13;10021,24;3557,11;2982,87;88,86;831,49;227,41;582,66;916,76;0;0;-288,57;88,16
23.07.2025;16:00;49664,3;14038,47;10068,38;4565,29;1566,38;9997,74;4348,6;2714,02;89,36;835,61;225,21;580,99;923,65;0;0;-374,97;85,57
23.07.2025;17:00;51117,58;13811,58;12196,82;4503,36;1764,92;9400,53;5083,8;2102,43;89,95;839,4;214,16;584,79;925,59;0;0;-485,18;85,43
23.07.2025;18:00;53155,69;14533,22;13552,73;4328,86;1765,67;10047,28;5671,92;967,75;89,79;853,19;227,42;576,65;938,42;0;0;-482,23;85,02
23.07.2025;19:00;53706,32;13657,95;15301,42;4307,03;1843,26;10060,12;6052,36;132,42;91,83;882,4;227,41;586,06;926,28;0;0;-448,23;86,01
23.07.2025;20:00;54728,13;13959,33;15664,85;4385,55;2061,88;10016,7;6245,36;2,3;92,33;919,82;227,42;566,78;936,06;0;0;-437,1;86,85
23.07.2025;21:00;54700,74;13887,74;15530,99;4499,21;1933,4;10092,47;6328,87;0,01;94,44;955,73;225,21;556,03;942,16;0;0;-433,79;88,27
23.07.2025;22:00;53104,51;14208,37;13906,3;4546,05;1790,89;10086,2;6086,87;0,01;92,18;977,38;227,41;573,95;938,52;0;0;-425,2;95,58
23.07.2025;23:00;51064,46;14257,51;12412,51;4578,45;1582,14;10081,55;5564,58;0,01;94,29;1002,09;227,41;571,94;940,74;0;0;-337,74;88,98
24.07.2025;00:00;48386,59;14654,96;9554,99;4603,34;1420,24;10044,71;5268,34;0,01;94,86;1029,59;227,42;573,24;941,56;0;0;-119,75;93,08
24.07.2025;01:00;46353,41;15476,31;6836,81;4604,53;1398,11;10053,23;5093,39;0,01;93,22;1055,33;218,59;570,58;938,41;0;0;-78,71;93,6
24.07.2025;02:00;44656,46;15297,63;5736,49;4605,38;1266,54;10036,66;4804,98;0,01;93,97;1079,29;225,21;561,82;915,72;0;0;-60,11;92,87
24.07.2025;03:00;43300,71;14822,09;4953,31;4597,44;1200,05;10093,05;4670,9;0,01;94,37;1091,66;227,41;567,98;928,1;0;0;-33,9;88,24
24.07.2025;04:00;42097,72;14395,83;4182,64;4588,43;1156,42;10087,55;4705,3;0,69;95,19;1107,85;227,41;569,91;931,77;0;0;-44,06;92,79
24.07.2025;05:00;41004,55;14287,49;3104,88;4569,3;1085,55;10063,77;4934,85;19,03;93,89;1121,13;225,21;574,32;925,67;0;0;-96,56;96,02
24.07.2025;06:00;39029,12;13200,75;2099,02;4605,51;1070,73;9485,23;5281,35;494,78;89,08;1128,53;227,41;573,83;929,62;0;0;-249,48;92,76
24.07.2025;07:00;39532,26;12050,67;2000,94;4638,49;1067,85;10083,1;5466,3;1615,52;88,82;1113,14;227,42;565,73;931,03;0;0;-416,23;99,48
24.07.2025;08:00;42847,17;13318,1;2807,29;4652,06;1172,03;10093,2;5685,44;2471;92,64;1070,69;214,17;572,65;930,56;0;0;-330,12;97,46
24.07.2025;09:00;43501,24;13395,2;2990,21;4659,45;1209,21;10082,78;5723,74;2856,03;91,9;1011,48;227,41;579,93;900,01;0;0;-325,67;99,56
24.07.2025;10:00;43245,43;13177,29;2910,02;4617,93;1185,31;10091,5;5625,82;3067,18;91,04;968,88;225,21;573,77;890,21;0;0;-277,1;98,37
24.07.2025;11:00;43559,78;13045,12;3289,27;4656,31;1206,08;10110,42;5650,9;3136;90,95;927,66;227,42;576,31;858,59;0;0;-313,97;98,72
24.07.2025;12:00;42614,61;12105,04;3083,61;4693,36;1116,24;10108,07;5903,68;3159,93;92,42;889,63;225,2;571;883,56;0;0;-314,62;97,49
24.07.2025;13:00;44496,64;13456,32;3600,26;4550,87;1143,45;10109;6046,06;3154,52;92,47;864,86;229,62;575,17;882,25;0;0;-292,97;84,76
24.07.2025;14:00;46434,94;13646,62;5272,86;4469,65;1217,48;10113,92;6275,42;3065,78;91,88;845,62;229,62;593,96;881,93;0;0;-357,43;87,63
24.07.2025;15:00;47769,1;14134,51;6008,46;4431,61;1280,69;10103,07;6555;2914,41;90,76;835,57;225,21;592,45;865,02;0;0;-354,26;86,6
24.07.2025;16:00;49922,08;15086,02;6986,07;4431,79;1444,64;10085,7;6928,13;2647,1;89,58;843,95;225,21;577,83;879,47;0;0;-389,58;86,17
24.07.2025;17:00;52210,26;15434,27;8833,76;4416,07;1650,29;10078,38;7409,25;2099,11;89,21;851,75;220,79;578,62;890,85;0;0;-431,56;89,47
24.07.2025;18:00;53471,27;15859,85;10414,67;4209,76;1661,13;10068,71;7954,26;995,14;88,99;872,2;227,41;582,34;913,55;0;0;-473,71;96,97
24.07.2025;19:00;54806,59;16119,4;11666,93;4185,12;1846,25;10035,96;8475,21;128,95;91,36;899,28;229,62;584,57;915,93;0;0;-462,17;90,18
24.07.2025;20:00;56219,06;16455,22;12301,52;4230,4;1948,46;10059,47;8830,82;2,02;92,11;933,3;231,83;597,46;923,23;0;0;-479,49;92,71
24.07.2025;21:00;55846,6;16414,48;11739,18;4287,05;1889,72;10069,88;9046,1;0,01;92,85;956,62;227,41;595,6;908,43;0;0;-474,41;93,68
24.07.2025;22:00;54181,96;16297,85;10175,59;4493,13;1729,13;10072,47;8928,52;0,01;95,36;978,34;229,62;595,94;921,74;0;0;-423,96;88,22
24.07.2025;23:00;52059,87;16417,74;8361,71;4546,03;1568,78;10061,33;8547,45;0,01;94,2;983,49;223;584,56;900,47;0;0;-321,29;92,39
25.07.2025;00:00;49474,07;16133,89;6435,74;4464,62;1361,65;10039,82;8211,56;0,01;95,84;1013,16;227,41;587,11;927,37;0;0;-116,76;92,65
25.07.2025;01:00;47186,08;15626,43;5064;4461,33;1249,11;10040,47;7867,02;0,01;95,01;1034,3;216,38;595,42;922,98;0;0;-83,79;97,41
25.07.2025;02:00;45253,52;15144,6;4023,51;4448,07;1120,44;10045,79;7556,62;0,01;94,35;1038,51;225,2;607,81;928,03;0;0;-77,66;98,24
25.07.2025;03:00;44037,15;14261,77;3876,18;4404,61;1123,62;10076,27;7321,84;0,01;94,32;1051,63;225,21;616,64;922,57;0;0;-35,06;97,54
25.07.2025;04:00;42753,01;13746,91;3453,41;4385,99;1136,05;10078,67;6994,11;1,04;94,19;1057,47;227,41;615,01;923,86;0;0;-56,4;95,29
25.07.2025;05:00;41546,4;13580,93;2674,27;4334,71;1119,06;10072,78;6764,4;13,09;93,69;1069,82;225,2;615,19;935,11;0;0;-49,5;97,65
25.07.2025;06:00;40225,61;12811,64;2033,85;4387,77;910,09;10082,75;6664,11;465,94;82,65;1076,32;227,41;598,36;950,39;0;0;-166,58;100,91
25.07.2025;07:00;39956,34;11846,31;2090,52;4449,36;1002,1;10089,81;6205,87;1677,51;87,28;1066,6;227,41;586,71;972,44;0;0;-445,71;100,13
25.07.2025;08:00;42843,98;13131,77;3288,62;4487,91;1089,44;10077,74;5600,55;2510,86;91,1;1027,86;223;558,76;964,8;0;0;-307,77;99,34
25.07.2025;09:00;43928,09;13236,62;4354,1;4510,62;1106,67;10099,39;5182,28;2855,58;56,01;981,42;223;561,9;949,1;0;0;-281,71;93,11
25.07.2025;10:00;43782,48;13150,74;4172,41;4481,78;1089,42;10088,58;5228,89;3067,38;55,57;940,15;225,21;565,49;939,65;0;0;-313,85;91,06
25.07.2025;11:00;43822,49;13519,95;3562,99;4377,41;1096,08;10107,16;5620,66;3131,14;55,27;910,84;227,41;559,01;907,86;0;0;-342,57;89,28
25.07.2025;12:00;42418,51;12867,74;2143,58;4333,41;990;10116,18;6469,73;3138,51;53,86;882,2;227,41;550,73;894,98;0;0;-342,5;92,68
25.07.2025;13:00;42920,91;12684,74;2391,59;4184,51;986,54;10004,55;7164,14;3109,96;52,89;860,68;225,21;558,25;889,03;0;0;-287,22;96,04
25.07.2025;14:00;46276,03;13723,3;3958,47;4174,76;1003,61;10094,25;7880,91;3042,13;53,94;841,79;227,41;552,42;924,74;0;0;-300,49;98,79
25.07.2025;15:00;47633,96;13859,3;4943,9;4223,98;1078,4;10064,2;8301,93;2826,88;53,99;799,2;227,41;587,48;909,16;0;0;-338,45;96,58
25.07.2025;16:00;49922,4;15100,4;5627,97;4272,49;1223,46;10051,96;8761,6;2563,09;54,59;827,48;225,21;593;911,86;0;0;-387,35;96,64
25.07.2025;17:00;51973,79;15514,12;7449,12;4114,13;1361,79;10047,16;9178,34;2014,88;54,58;836,71;216,38;601,29;924,56;0;0;-437,83;98,56
25.07.2025;18:00;52906,38;16042,31;8664,09;4069,6;1393,29;10066,36;9465;905,62;55,01;850,56;220,8;590,66;950,4;0;0;-467,57;100,25
25.07.2025;19:00;54284,1;16665,25;10015,99;4032,41;1738,64;10061,05;9307,26;124,39;54,76;871,69;223;597,61;961,86;0;0;-471,27;101,46
25.07.2025;20:00;55449,12;16853,59;10859,29;4044,2;1996,25;10054,83;9263,91;1,02;54,56;895,53;225,21;602,56;936,89;0;0;-442,55;103,83
25.07.2025;21:00;54916,38;16812,42;10733,96;4060,63;1872,66;10058,33;9018,85;0,01;54,52;915,52;225,2;580,93;936,25;0;0;-459,26;106,36
25.07.2025;22:00;53244,16;16649,94;9673,14;4139,51;1638,32;10045,79;8731;0,01;51,91;942,92;225,21;580,68;941,03;0;0;-476,28;100,98
25.07.2025;23:00;51472,24;16077,93;8549,07;4263,86;1491,86;10044,1;8505,09;0,01;55,3;955,68;227,41;588,71;926,39;0;0;-309,31;96,14
26.07.2025;00:00;48940,31;15374,89;6764,03;4245,46;1308,8;10070,06;8356,06;0,01;56,01;975,16;198,72;597,87;958,74;0;0;-64,41;98,91
26.07.2025;01:00;46900,57;15092,5;5200,63;4158,64;1279,7;10071,94;8396,89;0,01;56,04;1000,45;189,88;588,22;939,56;0;0;-174,37;100,48
26.07.2025;02:00;45130,95;14055,51;4421,81;4125,17;1184,31;10056,1;8564,73;0,01;55,05;1018,97;192,09;599,04;948,91;0;0;-191,7;100,95
26.07.2025;03:00;43794,92;13307,29;3888,26;4079,07;1121,76;10062,38;8591,45;0,01;54,62;1044,16;189,88;598,49;959,06;0;0;-203,78;102,27
26.07.2025;04:00;42780,44;13054,59;3403,75;4025,59;1131,64;10038,14;8368,85;0,79;54,92;1063;194,3;598,33;958,4;0;0;-202,38;90,52
26.07.2025;05:00;41557,41;12436,97;3084,15;4012,73;1115,55;10047,88;8072,65;18,47;54,82;1074,06;192,09;596,12;944,61;0;0;-195,04;102,35
26.07.2025;06:00;39589,75;11767,34;1850,07;4046,22;1064,42;10042,98;7645,91;411,44;55,12;1085,47;194,3;597,92;947,55;0;0;-221,3;102,31
26.07.2025;07:00;38278,41;10258,27;1963,35;4060,32;1063,64;9996,89;7005,64;1558,57;55,62;1063,07;196,51;607,35;949,95;0;0;-602,85;102,08
26.07.2025;08:00;38966,28;10045,38;2356,22;4102,05;1095,67;10043,67;6568,72;2338,05;54,82;1036,06;192,09;578,97;921,51;0;0;-469,55;102,62
26.07.2025;09:00;39030,44;9739,98;2431,16;4138,02;1137,05;10060,23;6409,87;2694,74;55,03;997,18;194,3;578,8;930,08;0;0;-438,05;102,05
26.07.2025;10:00;38074,77;8529,44;2420,64;4167,85;1070,74;10065,72;6483,55;2948,39;54,2;959,39;194,3;580,06;954,91;0;0;-458,27;103,85
26.07.2025;11:00;38886,48;8741,82;2201,94;4157,79;1067,52;10077,56;7213,14;3072,34;53,01;934,91;189,88;585,48;947,05;0;0;-459,85;103,89
26.07.2025;12:00;38001,9;8039,59;1598,49;4138,69;899,98;10086,97;7908,53;3034,1;53,61;914,19;194,3;574,45;927,21;0;0;-471,7;103,49
26.07.2025;13:00;39289,02;8795,8;1790,36;4113,29;985,81;9934,08;8364,49;2997,55;55,01;895,42;194,3;573,64;920,95;0;0;-432,76;101,08
26.07.2025;14:00;40951,33;8848,79;3080,88;4144,92;965,59;10065,37;8677,43;2881,48;54,61;877,21;189,88;570,01;926,62;0;0;-432,66;101,2
26.07.2025;15:00;42174,41;8677,78;4373,66;4261,92;987,61;10025,72;8836,31;2766,89;55,45;862,73;192,09;562,52;912,8;0;0;-440,42;99,35
26.07.2025;16:00;44464,29;10128,89;5145,9;4348,64;1130,33;10034,79;9001,29;2500,41;54,45;848,53;192,09;569,18;919,37;0;0;-506,96;97,38
26.07.2025;17:00;47327,18;12485,53;6181,56;4366,23;1311,25;10032,79;8930,63;1832,18;54,65;830,44;192,09;586,16;925,47;0;0;-501,04;99,24
26.07.2025;18:00;50329,63;13844,83;8920,11;4404,7;1478,14;10043,97;8850,15;579,7;55,55;853,31;192,09;584,2;930,91;0;0;-506,37;98,34
26.07.2025;19:00;52048,95;14071,79;10923,64;4469,14;1594,71;10052,15;8628,12;102,79;56,55;880,59;192,09;587,48;943,96;0;0;-553,51;99,45
26.07.2025;20:00;53249,92;14479,4;11801,42;4513,11;1679,66;10041,9;8493,37;1,22;56,06;918,99;192,09;582,36;947,8;0;0;-559,88;102,42
26.07.2025;21:00;51839,73;13819,31;11071,95;4600,48;1726,58;10043,95;8417,79;0,01;61,46;934,79;192,09;473,89;954,61;0;0;-559,04;101,86
26.07.2025;22:00;51020,66;14748,83;10097,3;4528,24;1568,14;10036,58;7728,98;0,01;83,56;949,13;192,09;569,17;943,29;0;0;-528;103,34
26.07.2025;23:00;49228,78;14710,83;8945,34;4423,05;1523,02;10038,86;7165,74;0,01;55,62;983,81;192,09;587,65;951,66;0;0;-450,97;102,07
27.07.2025;00:00;46840,64;14518,88;7173,62;4470,23;1298,21;10064,25;6689,99;0,01;55,12;1027,81;170,01;587,36;944,66;0;0;-260,75;101,24
27.07.2025;01:00;45000,37;14284,06;6302,2;4508,71;1166,12;10043,66;6042,71;0,01;93,12;1044,47;158,97;599,22;938,49;0;0;-282,13;100,76
27.07.2025;02:00;43070,24;14047,44;5076,11;4492,4;1149,48;10037,68;5585,62;0,01;93,83;1072,75;163,38;596,85;934,12;0;0;-282,8;103,37
27.07.2025;03:00;41529,59;13568,36;4326,74;4518,05;1118,85;10042,29;5257,53;0,01;94,73;1091,91;163,38;592,48;930,31;0;0;-276,83;101,78
27.07.2025;04:00;40634,55;13652,08;3675,53;4597,53;1064,38;10053,11;4856,46;0,5;95,13;1105,8;165,59;599,07;935,26;0;0;-268,97;103,08
27.07.2025;05:00;39293,32;13665,11;2819,98;4613,12;1038,92;10034,34;4363,26;12,06;96,68;1119,27;167,8;587,51;935,19;0;0;-262,2;102,28
27.07.2025;06:00;36949,04;12371,8;2179,28;4615,95;1111,53;10035,53;3604,11;325,82;96,44;1123,04;163,38;595,54;930,95;0;0;-308,9;104,57
27.07.2025;07:00;34792,66;10800,51;1645,2;4629,72;1007,6;10023,79;3010,22;1371;95,02;1114;163,38;596,05;943,72;0;0;-709,19;101,64
27.07.2025;08:00;32710,28;8581,4;1867,75;4613,15;933;9894,31;2323,45;2253,85;91,13;1057,04;165,59;594,79;940,32;0;0;-707,32;101,82
27.07.2025;09:00;31622,84;7673,56;1820,83;4598,96;883,7;9747,4;1944,87;2746,22;83,21;1014,41;165,59;584,97;944,39;0;0;-687,33;102,06
27.07.2025;10:00;31374,43;7540,67;1993,17;4351,69;840,6;9792,78;1702,8;2960,35;83,8;962;165,59;589,68;938,15;0;0;-650,12;103,27
27.07.2025;11:00;31756,47;7320,29;2029,11;4548,11;928,06;9878,19;1682,41;3103,5;92,53;933,04;163,38;594,23;946,2;0;0;-563,21;100,63
27.07.2025;12:00;32141,22;7529,92;1962,76;4527,18;877,33;9941,78;1831,02;3143,61;88,85;898,51;163,38;595,2;937,76;0;0;-454,49;98,41
27.07.2025;13:00;33625,04;8010,02;2298,48;4501,87;896,23;9949,03;2150,97;3109,09;87,2;869,43;161,17;589,99;937,82;0;0;-35,03;98,77
27.07.2025;14:00;35020,74;8295,34;3114,09;4494,18;835,76;9936,97;2519,72;2966,52;87,5;848,87;161,17;588,6;930,41;0;0;142,42;99,19
27.07.2025;15:00;37025;9882,81;3495,32;4480,33;765,39;10023,93;2815,26;2734,59;89,2;833,59;163,38;595,86;934,82;0;0;108,3;102,22
27.07.2025;16:00;39565,61;11652,72;4473,56;4453,78;830,95;10034,62;3001,44;2407,4;88,45;802,43;167,8;577,75;933,97;0;0;40,9;99,84
27.07.2025;17:00;42880,17;13478,22;6808,16;4442,39;1026,1;10050,13;3123,36;1787,79;90,65;829,55;167,8;580,28;935,2;0;0;-541,73;102,27
27.07.2025;18:00;46099,3;15123,33;9450,68;4472,29;1388,51;10080,15;2747,88;715,67;91,75;859,83;194,29;587,37;933,39;0;0;-645,69;99,85
27.07.2025;19:00;48294,36;15714,15;11944,69;4305,06;1619,36;10050,24;2378,28;96,74;93,24;898,78;192,08;589,6;938,66;0;0;-624,1;97,58
27.07.2025;20:00;50259,81;16446,1;13543,35;4172,23;1742,16;10071,35;2063,07;2,31;93,24;941,48;189,88;598,37;938,45;0;0;-639,9;97,72
27.07.2025;21:00;50060,67;16639,03;13323,13;4201,15;1742,12;10072,13;1732,49;0,01;93,13;989,36;187,67;601,06;935,68;0;0;-555,61;99,32
27.07.2025;22:00;49106;16711,38;12887,84;4234,23;1583,24;10063,1;1237,63;0,01;92,25;1014,46;192,08;594,35;937,87;0;0;-538,45;96,01
27.07.2025;23:00;47105,47;16203,04;11851,37;4219,33;1470,85;9920,71;922,46;0,01;93,95;1046,8;189,88;591,75;932,94;0;0;-436,12;98,5
28.07.2025;00:00;45643,69;16406,68;10174,44;4247,32;1308,42;10071,9;693,18;0,01;93,95;1078,11;187,67;600,67;950,01;0;0;-268,87;100,2
28.07.2025;01:00;43729,84;16380,52;8264,85;4176,02;1335,28;10079,65;621;0,01;93,75;1094,75;185,46;593,97;943,84;0;0;-140,21;100,95
28.07.2025;02:00;41952,85;16634,35;6139,7;4202,73;1320,91;10075,45;634,55;0,01;90,75;1114,73;185,46;598,83;932,39;0;0;-77,14;100,13
28.07.2025;03:00;40706,59;16612,54;4958,71;4217,87;1271,88;10096,19;587,13;0,01;88,75;1124,57;189,88;607,23;940,59;0;0;-90,34;101,58
28.07.2025;04:00;39823,24;16509,27;4228,6;4297,46;1096,84;10090,14;613,12;0,78;89,05;1148,29;187,67;602,15;945,18;0;0;-89,77;104,46
28.07.2025;05:00;38518,55;16147,5;3409,14;4340,45;984,94;10092,87;546,36;11,86;92,05;1161,82;189,88;579,08;943,7;0;0;-80,44;99,34
28.07.2025;06:00;37354,74;15767,39;2415,97;4368,19;994,68;10095,01;575,8;284,68;94,46;1162,27;192,09;585,06;938,88;0;0;-221,33;101,59
28.07.2025;07:00;38187,32;15753,5;2387,44;4382,53;1053,64;10109,2;691,03;1243,26;91,75;1142,19;192,09;591,46;932,12;0;0;-483,15;100,26
28.07.2025;08:00;42379,33;16201,17;5382,36;4337,11;1174,42;10106,97;642,34;1929,24;93,64;1104,95;194,29;586,5;922,32;0;0;-393,22;97,24
28.07.2025;09:00;43804,42;15868,74;6755,11;4210,19;1196;10088,04;604,28;2498,89;91,54;1063,48;223;582,33;915,93;0;0;-387,19;94,08
28.07.2025;10:00;44148,82;16176,05;6155,93;4364,4;1165,59;10121,22;690,63;2885,46;91,26;1015,9;227,41;568,36;937,8;0;0;-347,72;96,53
28.07.2025;11:00;44621,26;16026,13;6610,95;4282,82;1144,61;10103,78;849,06;3051,49;90,16;971,68;236,24;573,96;931,23;0;0;-346,7;95,85
28.07.2025;12:00;43422,95;15689,6;5404,14;4295,74;1063,49;10111,62;1188,22;3102,55;90,65;943,07;251,69;561,85;931,21;0;0;-306,65;95,77
28.07.2025;13:00;45415,88;16146,22;6676,9;4281,03;1003,98;10113,92;1590,72;3036,41;91,24;919,61;249,49;582,54;908,92;0;0;-271,2;86,1
28.07.2025;14:00;48044,12;15860,34;9325,99;4246,14;1167,2;10099,63;1928,67;2870,74;90,05;905,6;253,91;584,12;917,9;0;0;-292,49;86,32
28.07.2025;15:00;49539,63;15959,15;10383,89;4246,98;1317,88;10054,08;2411,08;2696,5;90,65;912,01;251,7;588,82;911,36;0;0;-370,18;85,71
28.07.2025;16:00;51855,36;16073,98;12613,14;4256,02;1341,04;10051,55;2665,97;2361,97;89,86;917,5;238,45;578,69;924,55;0;0;-343,9;86,54
28.07.2025;17:00;53699,75;15473,88;15237,22;4445,05;1544,43;10039,55;2841,63;1735,51;90,45;935,24;227,41;584,03;926,45;0;0;-469,16;88,06
28.07.2025;18:00;53876,03;15916,44;15332,32;4514,01;1744,34;10068,09;3072,01;812,99;90,23;956,67;218,57;591,95;941,18;0;0;-468,08;85,31
28.07.2025;19:00;54678,3;16123,38;16111,86;4564,21;1929,37;10076,31;3034,59;107,07;89,37;986,58;218,58;589,69;934,54;0;0;-178,96;91,71
28.07.2025;20:00;54982,78;16279,62;16109,67;4632,63;2083,8;10092,89;2832,37;0,82;90,22;1019,52;214,17;585,97;941,17;0;0;12,9;87,03
28.07.2025;21:00;54446,29;16186,48;15931,35;4648,91;2021,95;10081,88;2565,82;0,01;91,32;1044,33;220,79;594,75;949,12;0;0;23,5;86,08
28.07.2025;22:00;53532,49;16297,26;15567,6;4517,94;1806,1;10081,56;2321,17;0,01;91,14;1061,59;220,79;593,89;951,36;0;0;-65,25;87,33
28.07.2025;23:00;51860,23;16373,69;14089,89;4557,08;1592,72;10094,47;2191,71;0,01;91,35;1086,3;222,99;593,81;951,53;0;0;-73,18;87,86
29.07.2025;00:00;49219,2;16212,68;11886,76;4674,92;1334,75;10093,74;2171,86;0,01;91,15;1107,01;223;449,97;974,35;0;0;-88,05;87,05
29.07.2025;01:00;46983,64;16290,37;9526,03;4699;1298,99;10092,11;2224,14;0,01;91,56;1116,46;227,41;450,22;982,36;0;0;-96,36;81,34
29.07.2025;02:00;45070,21;16388,84;7775,12;4677,3;1237,24;10073,73;2054,54;0,01;91,66;1134,76;247,28;439,29;968,08;0;0;-100,38;82,74
29.07.2025;03:00;43800,45;16717,15;6256,46;4714,82;1121,97;10064,1;1990,55;0,01;90,96;1146,59;291,45;445,02;969,5;0;0;-85,53;77,4
29.07.2025;04:00;42450,36;16511,81;5558,08;4514,86;1003,62;10073,18;1850;0,36;90,26;1161,95;300,27;424,3;972,3;0;0;-89,6;78,97
29.07.2025;05:00;41641,27;16516,71;4643,48;4689,52;985,44;10075,13;1778,14;8,88;92,16;1174,02;298,07;442,67;969,88;0;0;-118,8;85,97
29.07.2025;06:00;40038,74;16480,54;3039,33;4700;970,01;10062,05;1662,47;310,37;85,57;1178,68;304,7;445,88;962,72;0;0;-246,54;82,96
29.07.2025;07:00;40324,4;16307,04;2870,97;4752,64;1005,82;10059,15;1496,01;1273,82;91,66;1161,74;300,28;446,78;953,94;0;0;-480,81;85,36
29.07.2025;08:00;43672,67;16783,98;5059,19;4745,58;1112,62;10072,38;1136,84;2146,6;87,8;1132,06;295,86;445,3;957,69;0;0;-389,4;86,17
29.07.2025;09:00;44842,35;16589,41;6068,9;4767,98;1159,09;10058,23;982,74;2667,52;88,1;1092,61;293,66;417,5;935,12;0;0;-363,57;85,06
29.07.2025;10:00;44787,59;16456,02;5748,73;4939,29;1091,36;10082,85;1082,02;2843,45;89,28;1052,02;298,07;444,32;938,22;0;0;-356,13;78,09
29.07.2025;11:00;44900;16408,67;5644,94;4980,71;1081,03;10081,69;1231,67;2917,15;90,16;1014,68;298,07;453,55;955,97;0;0;-339,31;81,02
29.07.2025;12:00;43597,17;15826,12;4544,93;4950,59;923,19;10092,28;1587,75;2907,5;89,36;984,29;295,86;436,94;948,98;0;0;-71,77;81,15
29.07.2025;13:00;45100,2;16060,48;5064,52;4865,4;976,25;10090,03;2188,15;2987,92;89,74;946,08;292,86;436,25;925,76;0;0;92,68;84,08
29.07.2025;14:00;47208,19;15841,14;7048,23;4803,16;1136,12;10083,15;2558,93;2853,1;89,44;931,56;295,86;439,27;902,33;0;0;145,45;80,45
29.07.2025;15:00;48895,44;15837,94;8621,14;4827,62;1164,46;10077,84;3019,48;2641,65;90,35;938,94;306,89;437,22;907,35;0;0;-66,68;91,24
29.07.2025;16:00;50781,08;16145,46;10547,18;4801,93;1269,89;10068,59;3090,38;2444,17;90,65;934,77;302,49;438,21;907,97;0;0;-355,54;94,93
29.07.2025;17:00;52638,54;16159,66;12899,97;4668,09;1505,66;10069,14;3201,99;1805,25;89,35;953,16;295,86;442,75;905,4;0;0;-446,93;89,19
29.07.2025;18:00;53705,43;16499,48;14513,89;4685,67;1657,72;10070,49;3120,82;788,68;89,85;974,09;302,48;450,8;923,67;0;0;-465,68;93,47
29.07.2025;19:00;54887,69;16707,14;16203,37;4727,59;1799,13;10073,25;2830,7;104,19;91,45;998,99;302,49;444,23;937,31;0;0;-425,08;92,93
29.07.2025;20:00;55318,61;16826,54;16722,49;4723,08;1926,94;10104,05;2517,54;0,86;92,54;1031,65;302,49;439,02;954,38;0;0;-418,07;95,1
29.07.2025;21:00;54927,22;16932,06;16382,06;4747,32;1933;10095,84;2294,03;0,1;92,94;1059,71;300,27;436,74;950,27;0;0;-391,49;94,37
29.07.2025;22:00;53761,58;17025,24;15576,06;4657,86;1761,79;10069,84;2171,68;0,01;92,85;1083,09;302,48;337,74;963,44;0;0;-376,99;96,49
29.07.2025;23:00;51891,56;17028,01;13640,19;4733,21;1486,93;10086,07;2296,19;0,01;92,68;1104,98;300,28;294,08;947,59;0;0;-219,91;101,25
30.07.2025;00:00;49297,88;16595,75;11674,32;4723,37;1239,4;10062,87;2282,01;0,01;92,75;1125,52;291,44;295,6;938,19;0;0;-117,79;94,44
30.07.2025;01:00;47056,67;16458,12;9825,02;4682,77;1118,54;10074,29;2205,63;0,01;91,68;1137,3;262,75;294,69;921,1;0;0;-104,38;89,15
30.07.2025;02:00;45230,15;16539,64;7985,47;4695,12;1037,25;10062,79;2226,25;0,01;91,58;1152,4;223;293,12;923,32;0;0;-88,59;88,79
30.07.2025;03:00;43917,37;16632,69;6735,52;4703,52;1041,93;10068,66;2025,79;0,01;91,77;1171,21;223;282,94;927,25;0;0;-76,69;89,77
30.07.2025;04:00;42828,29;16495,67;5917,93;4809,08;968,07;10075,51;1837,75;0,63;92,27;1178,64;223;282,37;941,19;0;0;-70,67;76,85
30.07.2025;05:00;42062,31;16566,86;4968,76;4898,57;1006,2;10085,64;1811,87;12,02;90,48;1191,96;220,8;293,33;938,31;0;0;-101,05;78,56
30.07.2025;06:00;40631,3;16295,26;3791,11;5016,87;926,15;10067,18;1695,26;267,74;92,57;1191,67;220,79;301,1;940,91;0;0;-257,07;81,76
30.07.2025;07:00;40591,76;16019,89;3481,82;5065,41;863,27;9986,1;1673,42;1203,91;94,57;1174,55;223;292,61;942,69;0;0;-506,85;77,37
30.07.2025;08:00;43601,41;16138,69;5040,77;5008,47;1082,47;10016,37;1723,05;2240,88;91,47;1139,55;220,8;280,6;937,94;0;0;-399,42;79,77
30.07.2025;09:00;44304,37;15649,65;5596,45;5018,14;1210,23;10071,67;1811,46;2649,67;92,57;1105,62;220,79;253,08;940,26;0;0;-394,17;78,95
30.07.2025;10:00;44153,29;15328,04;5330,82;4807,65;1202,33;10071,76;2170,03;2901,53;92,86;1062,34;220,8;267,05;913,91;0;0;-289,23;73,4
30.07.2025;11:00;44356,12;15483,08;4502,65;4843,74;1207,22;10076,52;2349,97;3027,48;90,38;1024,93;223;265,25;919,64;0;0;267,44;74,82
30.07.2025;12:00;42946,69;15110,16;3586,35;4710,88;951,69;10076,78;2686,19;3000,14;90,65;992,08;225,2;254,29;923,54;0;0;264,87;73,87
30.07.2025;13:00;44350,64;15229,04;3997,79;4872,59;963,64;10080,05;3337,46;2935,63;89,55;968,34;223;295,21;919,78;0;0;364,66;73,9
30.07.2025;14:00;47017,23;15319,78;6293,93;4849,06;1038,41;10065,1;3968,64;2789,22;88,04;946,29;225,2;313,16;899,02;0;0;145,84;75,54
30.07.2025;15:00;48469,59;15378,06;7235,4;4809,52;1169,1;10099,44;4526,24;2608,02;89,59;939,42;220,8;312,73;909,07;0;0;97,45;74,75
30.07.2025;16:00;50348,9;15781,63;8659,05;4748,26;1250,15;10086,47;5088,49;2118,42;88,94;941,91;220,79;311,1;915,82;0;0;62,1;75,77
30.07.2025;17:00;52342,57;15950,6;11556,54;4738,33;1341,52;10080,17;5458,23;1123,71;89,85;953,72;218,59;313,12;905,99;0;0;-461,57;73,77
30.07.2025;18:00;53191,77;16299,6;12494,85;4755,51;1410,51;10082,23;5593,38;469,4;91,65;974,35;220,79;314,15;911,8;0;0;-500,22;73,77
30.07.2025;19:00;54103,61;16384,86;13466,92;4813,78;1722,78;10085,95;5439,63;69,62;91,95;1004,03;225,2;308,24;897,64;0;0;-483,5;76,51
30.07.2025;20:00;55489,2;16568,6;14386,84;4901,35;1837,91;10072,16;5560,59;1,88;91,35;1032,83;218,59;313,29;869,75;0;0;-447,28;81,34
30.07.2025;21:00;54813,42;16362,86;13767,49;4924,47;1797,34;10077,71;5642,69;0,01;92,13;1061,19;220,79;309,1;902,56;0;0;-447,04;102,12
30.07.2025;22:00;53066,49;16576,2;11648,25;4954,88;1659,06;10069,12;5775,77;0,01;92,85;1082,39;225,2;306,84;920,38;0;0;-352,86;108,4
30.07.2025;23:00;51154,4;16101,1;10297,6;4971,57;1471,68;10100,03;5666,91;0,01;93,45;1104,24;227,41;306,57;922,95;0;0;-212,16;103,04
31.07.2025;00:00;48666,45;15985,66;7963,84;4962,97;1253,66;10091,9;5754,07;0,01;94,66;1123,91;218,59;272,51;923,95;0;0;-82,4;103,12
31.07.2025;01:00;46459,77;15529,6;6180,49;4955,77;1167,13;10079,84;5937,26;0,01;93,26;1139,21;218,59;272,68;921,17;0;0;-137,4;102,16
31.07.2025;02:00;44626,5;15263,79;4637,03;4918,31;1034,34;10084,14;6021,24;0,01;93,16;1152,86;218,58;271,68;928,84;0;0;-97,26;99,78
31.07.2025;03:00;43396,81;15048,98;3519,34;4977,55;857,66;10061,22;6273,49;0,01;92,96;1161,86;218,59;269,33;897,28;0;0;-81,26;99,8
31.07.2025;04:00;42191,05;14088,73;3163,01;4888,8;815,08;10065,49;6484,64;0,63;92,97;1170,77;223;263,84;918,18;0;0;-85,32;101,23
31.07.2025;05:00;41381,88;13799,66;2440,3;4934,58;864,17;10075,09;6613,54;14,16;92,97;1175,06;223;272,76;910,18;0;0;-132,24;98,65
31.07.2025;06:00;39812,77;12691,67;1665,74;5036,07;849,27;10059,49;6708,46;273,76;94,96;1182,96;223;280,01;911,76;0;0;-261,38;97
31.07.2025;07:00;40230,25;12642,23;1845,04;5004,24;833,38;10078,4;6453,04;1151,27;87,75;1163,99;183,25;268,7;902,67;0;0;-484,6;100,89
31.07.2025;08:00;43717,52;13799,74;3312,45;4994,31;922,93;10082,27;6287,49;2003,97;91,95;1135,42;172,22;298,29;921,75;0;0;-404,31;99,04
31.07.2025;09:00;44595,24;13936,6;3780,12;4970,95;937,45;10072,41;6009,98;2523,22;92,45;1090,12;170,01;383,98;920,5;0;0;-375,69;83,14
31.07.2025;10:00;43860,35;14157,31;3119,85;4964,41;954,48;10055,35;5665,95;2708,37;56,88;1061,77;164,21;385,02;922,4;0;0;-427,53;71,88
31.07.2025;11:00;43641,23;13413,91;3415,73;4992,27;1048,07;10086,57;5387,19;2834,3;54,96;1024,12;194,3;396,07;916,07;0;0;-196,3;73,97
31.07.2025;12:00;42516,52;12076,02;3368,52;4884,98;981,16;10098,23;5415,55;3000,78;55,36;994,27;223;389,26;922,45;0;0;31,91;75,03
31.07.2025;13:00;44438,98;13365,46;3679,35;4872,56;955,7;10086;5729,88;2910,15;54,56;963,27;218,59;417,89;920,76;0;0;194,09;70,72
31.07.2025;14:00;46683,46;14246,01;4736,15;4902,68;979,15;10091,32;6145,89;2674,07;55,34;946,64;220,79;421,3;922,31;0;0;270,05;71,76
31.07.2025;15:00;48173,63;14546,79;5670,67;4926,73;1074,79;10078,18;6592,8;2414,7;89,94;938,66;216,38;420,86;930,51;0;0;198,17;74,45
31.07.2025;16:00;50071,27;15524,53;6777;4814,89;1168,7;9973,82;7026,19;2125,04;90,35;943,2;220,8;423,31;929,43;0;0;-40,02;94,03
31.07.2025;17:00;51953,49;15506,74;9106,39;4819,65;1366,41;10072,15;7288,74;1507,13;91,14;953,57;220,8;425,34;936,58;0;0;-440,09;98,94
31.07.2025;18:00;52431,45;16043,4;9840,61;4855,85;1483,01;10083,46;7250,66;617,7;90,54;970,65;218,59;423,97;938,55;0;0;-481,44;95,9
31.07.2025;19:00;53597,32;16188,43;11003,78;4904,09;1692,64;10077,93;7337,47;84,06;91,03;991,99;220,79;425,44;934,28;0;0;-450,74;96,13
31.07.2025;20:00;54693,31;16372,08;12082;4739,05;1840,21;10077,16;7250,03;0,44;92,73;1017,3;225,21;424,9;934,22;0;0;-459,71;97,69
31.07.2025;21:00;53953,71;16187,47;11169,24;4733,99;1816,41;10084,87;7472,02;0,01;93,46;1037,41;223;425,18;940,96;0;0;-328,61;98,3
31.07.2025;22:00;52210,01;16269,08;9442,05;4764,51;1641,47;10088,28;7510,22;0,01;93,57;1060,98;225,21;422,47;919,7;0;0;-325,72;98,18
31.07.2025;23:00;50254,35;15871,51;8277,98;4823,31;1412,69;10099,82;7322,5;0,01;93,27;1079,24;225,2;410,07;899,7;0;0;-357,6;96,65
1.08.2025;00:00;47812,82;15472,62;6855,79;4859,82;1207,36;10086,02;7089,08;0,01;92,86;1095,07;223;417,15;920,22;0;0;-597,74;91,56
1.08.2025;01:00;45682,27;15080,11;5299,55;4837,1;1139,26;10074,2;7039,75;0,01;92,96;1105;216,38;418,61;911,57;0;0;-625,64;93,41
1.08.2025;02:00;44061,47;14350,51;4469,61;4907,21;890,21;10065,86;7080,73;0,01;93,37;1114,64;225,2;421,88;928,99;0;0;-579,82;93,07
1.08.2025;03:00;42556,83;13384,19;3857,76;4916,51;887,71;10051,99;7147,59;0,01;93,87;1112,28;223;439,21;941,57;0;0;-591,82;92,96
1.08.2025;04:00;41573,15;12609,14;3316,48;4772,84;861,45;10058,64;7500,72;0,64;93,57;1122,45;227,41;548,32;949,84;0;0;-583,6;95,25
1.08.2025;05:00;39393,53;11655,98;2908,63;4801,6;911,25;8719,29;7901,41;14,62;93,5;1132,64;223;555,14;940,17;0;0;-564,24;100,54
1.08.2025;06:00;39300,79;10791,22;1869,16;4868,45;927,15;10064,12;8020,93;280,66;91,7;1137,89;223;566,73;941,34;0;0;-581,76;100,2
1.08.2025;07:00;39555,64;10000,54;1913,31;4999,45;851,23;10059,2;8081,01;1180,91;84,3;1129,73;225,2;570,31;936,88;0;0;-574,04;97,61
1.08.2025;08:00;43054,83;11198,21;3193,52;4995,14;962,8;10056,63;8185,91;1928,91;93,4;1104,26;220,8;575,1;948,99;0;0;-508,27;99,43
1.08.2025;09:00;43554,17;10672,75;3700,58;4999,22;1037,68;10057,76;8125,58;2433,92;92,4;1071,01;218,59;582,88;950,18;0;0;-487,08;98,7
1.08.2025;10:00;43133,48;10602,15;3257,73;4837,22;945,42;10051,41;8133,66;2733,34;95,36;1045,73;220,8;580,89;940,99;0;0;-407,17;95,95
1.08.2025;11:00;41478,64;10219,15;3087,3;4830,28;898,32;8766,34;8149,81;2840,04;94,65;1022,57;220,8;592,19;922,36;0;0;-261,2;96,03
1.08.2025;12:00;40454,41;9064,62;2034,57;4885,86;780,61;9974,06;8284,3;2745,54;89,8;1001,91;220,8;581,15;932,42;0;0;-240,6;99,37
1.08.2025;13:00;40269,76;9260,15;2229,47;4892,1;826,44;8737,11;8531,46;2835,37;89,6;990,94;211,96;568,93;939,44;0;0;59,04;97,75
1.08.2025;14:00;44270,16;10380,68;3431,01;4906,98;1044,22;9940,88;8830,06;2824,06;90,3;976,81;223;586,58;943,32;0;0;-8,21;100,47
1.08.2025;15:00;46140,18;11291,98;4116,38;4924,42;1023,2;10038,96;9028,55;2637,28;93,12;954,25;220,8;618,5;952,39;0;0;139,47;100,88
1.08.2025;16:00;48214,72;12679,03;4955,85;4918,24;1119,37;10060,45;9390,55;2174,32;92,7;949,43;223;604,42;913,98;0;0;30;103,38
1.08.2025;17:00;49842,2;14039,45;6194,8;4856,46;1280,9;10035,2;9649,69;1478,32;93,64;955,29;220,79;607,14;924,33;0;0;-595,5;101,69
1.08.2025;18:00;50395,77;13736,41;7723,85;4728,09;1533,54;10045,95;9715,3;635,62;93,84;963,38;218,59;616,76;935,95;0;0;-650,36;98,85
1.08.2025;19:00;51331,13;14585,77;8421,34;4860,1;1621,32;10062,53;9466,8;70,36;95,03;975,29;220,8;593,35;911,31;0;0;-653,08;100,21
1.08.2025;20:00;52493,76;15256,63;9100,11;4842,56;1725,88;10085,22;9214,08;0,42;94,13;1013,58;220,8;588,3;912,15;0;0;-659,75;99,65
1.08.2025;21:00;51636,33;14967,61;8701,62;4826,55;1738,6;10094,78;9027,01;0,01;93,93;1039,05;218,59;583,57;909,44;0;0;-663,53;99,1
1.08.2025;22:00;50058,77;14435,49;7962,03;4842,55;1455,97;10098,12;8930,1;0,01;92,6;1062,56;220,8;581,08;923,28;0;0;-645,15;99,33
1.08.2025;23:00;48247,06;13731,94;7290,88;4903,21;1301,28;10095,57;8552,75;0,01;93,8;1082,38;227,41;581,22;903,72;0;0;-610,43;93,32
2.08.2025;00:00;46034,95;13130,52;6192,68;4663,53;1268,12;10090,19;8230,75;0,01;90,9;1104,95;223;582,12;932,53;0;0;-572,08;97,73
2.08.2025;01:00;44408,16;12649,29;5359,85;4730,03;1206,68;10085,59;7989,04;0,01;91,6;1122,81;220,79;584,81;933,64;0;0;-665,33;99,35
2.08.2025;02:00;42741,17;12196,8;4484,43;4781,92;1037,25;10089,47;7732,96;0,01;91,5;1134,56;220,8;581,46;941,31;0;0;-647,15;95,85
2.08.2025;03:00;41466,5;11577,2;4102,52;4776,93;1017,96;10078,52;7481,24;0,01;92,9;1146,63;225,2;585,18;937,81;0;0;-655,02;99,42
2.08.2025;04:00;40496,86;11464,92;3273,16;4723,46;990,8;10088,43;7555,06;0,32;92,3;1156,4;223;571,34;937,21;0;0;-677,19;97,65
2.08.2025;05:00;39679,11;10770,31;3067,99;4674,66;1030;10070,58;7642,17;11,49;90,6;1158,01;223;572,06;929,05;0;0;-658,09;97,28
2.08.2025;06:00;37766,52;9768,56;1989,04;4662,87;899,49;10071,38;7728,02;269,41;87,1;1148,26;225,21;575,99;937,52;0;0;-692,43;96,1
2.08.2025;07:00;37141,92;8728,86;2089,29;4694,31;845,22;9893,77;7378,15;1076,27;93,5;1151,34;223;564,98;944,76;0;0;-636,36;94,83
2.08.2025;08:00;38621,8;9068,18;2741,8;4759,89;980,83;9999,35;7180,87;1492,18;93;1125,73;225,2;560,43;906,62;0;0;-608,46;96,18
2.08.2025;09:00;38875,06;9010,11;2666,92;4650,19;1092,61;10008,97;6835,06;2078,95;93;1098,01;220,8;557,29;917,04;0;0;-449,98;96,09
2.08.2025;10:00;38744,96;8722,64;2137,37;4631,34;1091,99;10002,28;6564,86;2520,87;87,8;1070,1;220,8;566,24;929,51;0;0;107,98;91,18
2.08.2025;11:00;38798,8;8698,62;2266,51;4654,96;993,42;10042,86;6457,22;2690,29;80,8;1042,17;218,58;563,44;935,31;0;0;63,29;91,33
2.08.2025;12:00;37877,12;8194,45;2444,86;4337,4;771,61;10061,53;6457,46;2608,14;83,24;1017,06;223;578,01;921,02;0;0;87,2;92,14
2.08.2025;13:00;38879,33;8779,02;2760,12;4305,67;847,67;10076,08;6495,52;2584,35;88,44;995,81;223;576,58;920,9;0;0;131,08;95,09
2.08.2025;14:00;40402,49;8666,43;4212,86;4345,03;914,92;10076,66;6638,14;2548,25;87,95;978,79;223;572,98;918,06;0;0;122,3;97,12
2.08.2025;15:00;41967,8;8991,23;5119,3;4364,85;1021,01;10047,55;7219,7;2244,07;87,35;971,63;223;574,35;927,4;0;0;80,65;95,71
2.08.2025;16:00;43905,45;10359,89;5517,97;4382,54;1097,57;10046,64;7618,75;2002,97;84,62;976,76;220,79;581,1;911,45;0;0;6,89;97,51
2.08.2025;17:00;46229,64;12234,47;6263,65;4323,56;1177,51;10044,77;8092,91;1314,26;88,33;983,31;218,59;571,35;919,97;0;0;-101,81;98,77
2.08.2025;18:00;47893,56;13049,7;8372,32;4305,09;1322,88;10078,25;8138,46;355,02;92,73;997,72;223;578,1;925,99;0;0;-641,83;96,13
2.08.2025;19:00;48776,52;13433,8;9230,97;4267;1478,59;10086,3;8067,91;45,68;90,6;1019;223;571,27;931,13;0;0;-764,79;96,06
2.08.2025;20:00;50255,39;13706,61;10898,8;4306,12;1587,56;10081,27;7422,73;0,37;71,3;1048,78;220,8;573,16;939,92;0;0;-698,76;96,73
2.08.2025;21:00;49589,98;13425,84;11117,79;4477,69;1577,85;10092,05;6670,19;0,01;73,41;1073,59;223;572,13;938,95;0;0;-747,36;94,84
2.08.2025;22:00;47964,28;13581,14;10089,94;4536,74;1439,41;10084,49;5913,45;0,01;91,74;1099,09;220,8;593,04;913,91;0;0;-694,6;95,12
2.08.2025;23:00;46095,17;13904,41;8575,07;4531,14;1272,81;10102,55;5344,19;0,01;92,34;1112,34;225,2;605,42;929,1;0;0;-695,08;95,67
3.08.2025;00:00;43239,56;13036,02;7401,45;4442,21;1177,94;10089,42;4720,66;0,01;94,43;1122,11;220,79;596,59;930,23;0;0;-689,98;97,68
3.08.2025;01:00;41306,6;12690,05;5997,07;4496,29;1032,63;10086,86;4383,84;0,01;94,15;1138,22;216,38;601,03;930,49;0;0;-458,31;97,89
3.08.2025;02:00;39790,2;12569,53;4944,45;4474,3;941,26;10100,19;4108,02;0,01;94,56;1156,22;223;604,34;938,91;0;0;-460,16;95,57
3.08.2025;03:00;38754,03;12770,71;4096,47;4431,37;930,06;10075,4;3788,88;0,01;93,67;1164,16;220,8;607,94;938,15;0;0;-460,01;96,42
3.08.2025;04:00;37648,5;12675,14;3359,77;4334,86;894,23;10072,83;3646,33;0,68;93,47;1171,13;218,59;598,31;933;0;0;-445,91;96,07
3.08.2025;05:00;36795,19;12483,82;2752,95;4339,52;861,05;10083,83;3527,68;73,08;93,17;1178,49;223;594,94;930,37;0;0;-444,04;97,33
3.08.2025;06:00;34316,91;10784,53;1695,16;4340,38;853,54;10081,91;3497,57;377;88,47;1182,22;223;602,82;910,05;0;0;-416,24;96,5
3.08.2025;07:00;32440,08;8229,61;1733,44;4304,39;728,94;9888,08;3282,54;1421,25;85,44;1167,62;225,2;596,84;897,67;0;0;-219,78;98,84
3.08.2025;08:00;30403,52;5493,56;1773,03;4221,41;773,01;9810,67;3113,28;2289,48;83,06;1117,98;223;593,83;907,51;0;0;-91,71;95,41
3.08.2025;09:00;29142,43;4634,96;1473,68;4112,89;827,68;9034,89;3157,17;2798,1;83,27;1115,81;218,59;597,95;885,9;0;0;103,53;98,01
3.08.2025;10:00;28900,29;4927,34;1602,05;4097,31;783,67;8117,77;3209,21;3030,72;82,06;1089,08;220,8;597,39;898,52;0;0;144,55;99,82
3.08.2025;11:00;29532,75;5044,05;1871,04;4091,96;808,72;8360,81;3166,94;3101,57;82,55;1056,89;223;582,81;897,76;0;0;155,43;89,22
3.08.2025;12:00;29767,39;5051,34;1813,59;4119,25;651,85;8661,87;3245,58;3139,86;80,7;1009,67;220,79;589,33;897,61;0;0;187,06;98,89
3.08.2025;13:00;30967,01;5053,47;2076,6;4085,46;668,39;9622,67;3338,29;3086,7;79,4;985,85;223;588,3;890,46;0;0;168,94;99,48
3.08.2025;14:00;32360,66;5011,29;3140,01;4026,21;727,25;9807,61;3585,84;3057,71;79,5;974,44;223;583,34;903,6;0;0;141,49;99,37
3.08.2025;15:00;33996,13;5332,82;4195,96;4095,91;728,7;9835,95;3954,45;2863,93;88,9;970,86;223;587,08;905,71;0;0;112,89;99,97
3.08.2025;16:00;36566,24;7045,24;4607,44;4260,03;893,88;9874,45;4313,69;2626,87;92,7;971,94;223;584,53;905,74;0;0;62,65;104,08
3.08.2025;17:00;39927,27;10053,28;5126,62;4431,07;1014,59;9806,7;4696,96;1955,8;93,3;986,45;218,59;557,7;906,7;0;0;-22,92;102,43
3.08.2025;18:00;43080,99;12799,52;6930,6;4297,43;1135,48;10065,46;4801,36;828,62;89,8;1004,48;223;587,16;920,09;0;0;-700,93;98,92
3.08.2025;19:00;45254,65;13529,76;8555,13;4500,91;1347,77;10087,67;4982,4;96,13;90,5;1033,89;223;585,62;922,16;0;0;-801,66;101,37
3.08.2025;20:00;47209,72;13591,52;10459,37;4537,15;1442,22;10103,56;4931,56;0,14;90,7;1055,42;225,2;576,11;916,46;0;0;-817,64;97,95
3.08.2025;21:00;46539,79;13464,29;10215,01;4510,59;1461,48;10089,42;4739,93;0,01;90,6;1064,83;122;595,84;922,82;0;0;-836,27;99,24
3.08.2025;22:00;45486,67;13676,32;9504,1;4517,84;1263,77;10102,57;4223,66;0,01;91,07;1077,98;225,2;586,81;919,05;0;0;-803,01;101,3
3.08.2025;23:00;44129,42;13860,13;8439,38;4540,43;1144,7;10093,65;3798,79;0,01;92,02;1108,77;225,2;590,89;915,67;0;0;-780,84;100,62
4.08.2025;00:00;42506,76;14118,18;7242,88;4404,18;1141,44;10095,97;3214,21;0,01;92,91;1120,57;222,4;589,31;920,9;0;0;-758,42;102,22
4.08.2025;01:00;40613,27;13938,79;5982,49;4357,84;1079,06;10092,97;2729,88;0,01;93,01;1133,52;220,79;572,96;921,27;0;0;-611,56;102,24
4.08.2025;02:00;39115,27;13807,16;5013,7;4274,37;983,59;10104,24;2460,2;0,01;93,39;1147,35;225,2;571,97;932,51;0;0;-597,97;99,55
4.08.2025;03:00;37790,69;13778,36;3787,73;4462,01;881,01;10106,75;2323,89;0,01;93,29;1154,72;225,2;579,81;917,59;0;0;-620,84;101,16
4.08.2025;04:00;36981,34;13485,19;3081,49;4470,95;838,58;10106,71;2526,16;0,61;90,9;1163,03;223;579,72;919,68;0;0;-603,56;98,88
4.08.2025;05:00;36207,59;13130,97;2535,36;4455,19;839,81;10097,87;2669,86;11,88;89,5;1170,23;223;576,55;908,89;0;0;-603,46;101,94
4.08.2025;06:00;34873,81;12172,34;1686,05;4516,63;861,87;10100,09;2740,58;374,89;87,8;1164,99;220,8;582,53;909,39;0;0;-644,97;100,82
4.08.2025;07:00;35239,05;11480,63;1745,36;4454,32;946,32;10113,24;2532,66;1482,34;93,82;1139,42;223;588,34;915,54;0;0;-574,29;98,35
4.08.2025;08:00;38806,51;13018,17;3185,32;4457,11;1037,53;10108,41;2167,36;2348,79;90,57;1111,97;223;579,59;911,12;0;0;-529,24;96,81
4.08.2025;09:00;39727,85;12824,76;3691,42;4455,7;1087,73;10102,7;2301,93;2775,49;91,57;1101,68;223;575,27;915,18;0;0;-514,61;96,03
4.08.2025;10:00;39515,02;12420,54;3454,1;4526,21;957,82;10107,71;2638,37;2983,5;91,66;1049,15;220,8;557,99;921,18;0;0;-511,7;97,69
4.08.2025;11:00;39757,25;11732,56;3809,4;4538,52;860,93;10114,61;2926,79;3094,84;92,26;1012,78;223;556,71;930,81;0;0;-234,73;98,77
4.08.2025;12:00;38751,05;10584,8;3970,96;4613,05;852,47;9622,5;3126,98;3197,59;90,2;980,3;220,8;558,47;922,64;0;0;-88,26;98,55
4.08.2025;13:00;40509,36;11587,24;4109,84;4653,11;838,59;9862,08;3317,22;3153,25;89,8;956,78;218,59;565,01;902,33;0;0;153,68;101,84
4.08.2025;14:00;42963,13;12464,48;5055,24;4624,16;954,82;10138,48;3740,82;3046,81;90;935,37;220,8;579,51;908,29;0;0;101,9;102,45
4.08.2025;15:00;44751,27;13369,77;5859,22;4473,38;1062,59;10122,2;4112,67;2835,96;91,1;924,14;220,8;575,09;906,24;0;0;99,43;98,68
4.08.2025;16:00;47119,13;14833,4;6593,22;4565,68;1083,22;10104,87;4507;2526,7;90;938,35;220,8;568,07;916,78;0;0;68,87;102,17
4.08.2025;17:00;49255,34;15741,14;8340,87;4631,78;1273,58;10055,73;4900,31;1842,12;91,79;961,87;220,8;580,91;916,86;0;0;-400,83;98,41
4.08.2025;18:00;50338,1;16238,56;9800,99;4660,61;1371,87;10051,72;5231,22;774,48;92,74;986,85;220,8;576,06;923,1;0;0;-692,44;101,54
4.08.2025;19:00;51604,15;16414,45;11547,6;4647,86;1572;10061,87;5016,67;79,27;93,44;1010,39;220,8;584,58;923,94;0;0;-669,77;101,05
4.08.2025;20:00;52945,97;16489,21;12959,51;4628,6;1775,62;10075,56;4741,91;0,2;93,62;1035,59;223;583,77;914,14;0;0;-670,8;96,04
4.08.2025;21:00;52166,58;16358,69;12322,57;4704,48;1792,83;10074,83;4574,53;0,01;94,22;1061,64;220,8;586,42;923,71;0;0;-637,82;89,67
4.08.2025;22:00;50569,56;16292,77;11056,79;4820;1521,47;10053,77;4478,36;0,01;94,22;1063,02;227,41;574,14;922,38;0;0;-630,8;96,02
4.08.2025;23:00;48589,78;16293,62;9662,32;4919,39;1434,36;10074,95;3974,65;0,01;94,43;1100,55;225,2;427,69;907,25;0;0;-623,04;98,4
5.08.2025;00:00;46059,03;16402,63;7838,78;4892,28;1195,33;10058,93;3423,26;0,01;94,12;1116,68;223;435,6;879,7;0;0;-600,57;99,28
5.08.2025;01:00;44018,82;16295,67;6463,89;4822,91;1124,11;10053,54;2960,2;0,01;93,04;1134,26;225,2;431,27;885,71;0;0;-569,96;98,97
5.08.2025;02:00;42324,87;16197,27;5299,07;4799,13;931,01;10042,35;3007,48;0,01;93,15;1146,36;225,2;421,12;880,37;0;0;-816,91;99,26
5.08.2025;03:00;40934,34;15036,36;4590,37;4797,93;833,51;10069,83;3163,11;0,01;93,75;1160,87;227,41;425,73;886,28;0;0;-451,7;100,88
5.08.2025;04:00;39757,91;14619,18;3489,07;4841,81;800,95;10074,13;3401,17;0,51;93,45;1169,71;223;426,61;879,24;0;0;-361,91;100,99
5.08.2025;05:00;39243,85;14678,24;2701,53;4848,31;845,1;10064;3648,49;11,77;93,31;1171,72;225,2;426,09;875,66;0;0;-444,76;99,19
5.08.2025;06:00;37767,45;13551,02;1733,77;4928,99;857,3;10058,39;4010,63;374,46;90,01;1181,04;225,2;429,89;874,34;0;0;-646,35;98,76
5.08.2025;07:00;38028,39;12520,39;1568,1;4946,41;789,04;10071,88;4328,62;1512,56;92,62;1173,85;225,2;437,33;871,23;0;0;-606,76;97,92
5.08.2025;08:00;40942,53;13243,59;2399,88;5004,14;997,31;10082,16;4444,51;2458,89;90,12;1148,12;223;458,29;881,25;0;0;-587,84;99,11
5.08.2025;09:00;40750,94;13229,5;2170,47;4545,27;1048,49;10069,4;4530,39;2830,47;87,88;1107,67;220,79;456,69;874,02;0;0;-519,9;99,8
5.08.2025;10:00;40934,81;12391,34;1739,66;5116,45;821,92;10074,32;4802,36;3029,06;88,61;1072,05;220,8;472,92;889,64;0;0;116,1;99,58
5.08.2025;11:00;40764,21;12151,2;1718,61;5115,71;756,3;10098,93;4934,85;3103,98;90,18;1033,85;223;480,29;873,62;0;0;84,32;99,37
5.08.2025;12:00;39545,17;11057,18;1741,76;5163,76;698,31;9891,06;5054,21;3052,63;87,57;994,01;223;468,65;883,36;0;0;133,25;96,42
5.08.2025;13:00;41369,01;12493;1822,52;5154,73;874,36;10064,06;5393,31;3029,54;91,01;961,83;223;464,8;882,13;0;0;-187,13;101,85
5.08.2025;14:00;43973,28;12550,25;4140,98;5165,6;931,18;10096,24;5611,85;2972,42;90,78;941,55;220,8;452,8;876,73;0;0;-180,36;102,46
5.08.2025;15:00;45708,76;13296,14;5164,22;5083,43;979,49;10078,66;5815,99;2840,03;90,78;933,57;223;428,66;886,74;0;0;-216,61;104,66
5.08.2025;16:00;47946,02;14334,7;6166,87;5098,63;995,49;10057,07;6251,83;2624,91;91,48;934,3;218,59;428,29;887,87;0;0;-247,43;103,42
5.08.2025;17:00;50108,76;14427,18;8620,24;5168,26;1220,61;10060,26;6422,5;1926,59;90,97;951,21;223;421,14;874,93;0;0;-403,51;105,38
5.08.2025;18:00;51204,66;15322,35;10366,95;5128,06;1459,01;10038,33;6380,28;783,42;92,28;974,33;218,59;420,06;881,67;0;0;-960,42;99,75
5.08.2025;19:00;52720,95;16160,98;11592,53;5227,18;1680,89;10056,04;6190,56;77;92,09;993,78;225,2;422,61;873,58;0;0;-971,12;99,63
5.08.2025;20:00;54109,57;16339,08;12920,35;5126,36;1747,48;10053,64;6179,92;0,26;92,29;1022,38;223;414,8;858,69;0;0;-970,05;101,37
5.08.2025;21:00;52973,4;16180,04;12207,22;4965,91;1705,29;10052,9;6092,18;0,01;91,89;1038,02;220,8;412,82;865,04;0;0;-959,53;100,81
5.08.2025;22:00;51330,56;16244,4;10999,17;4996,1;1421,25;10052,28;5776,46;0,01;94,07;1070,85;223;419,75;864,41;0;0;-934,52;103,33
5.08.2025;23:00;49278,75;16075,44;9627,66;5006,98;1281,63;10056,88;5342,32;0,01;94,2;1092,65;225,21;417,62;872,16;0;0;-915,62;101,61
6.08.2025;00:00;46906,75;16015,77;7402,99;5135,4;1159,51;10036,78;5240,72;0,01;92,7;1106,29;223;415,69;883,11;0;0;-900,83;95,61
6.08.2025;01:00;44796,67;15654,23;5874,82;5089,27;1033,42;10044,08;5181,56;0,01;94,5;1118;225,2;415,99;882;0;0;-906,75;90,34
6.08.2025;02:00;43360,85;15730,05;4210,15;5098,1;930,91;10052,38;5193,69;0,01;93,7;1131,07;223;426,46;885,64;0;0;-699,37;85,06
6.08.2025;03:00;42127,12;15533,53;3186,44;5111,54;882,33;10046,6;5407,74;0,01;93,01;1142,71;223;425,62;886,18;0;0;-890,03;78,44
6.08.2025;04:00;41084,53;14210,49;3093,77;5158,58;842,01;10056,37;5760,96;2,33;92,51;1147,26;220,79;427,3;889,13;0;0;-890,12;73,15
6.08.2025;05:00;40340,76;13862,22;2506,89;5164,34;832,07;10040,23;5963,29;10,83;90,81;1154,09;223;427,16;863,04;0;0;-872,61;75,4
6.08.2025;06:00;38856,81;12984,09;1589,84;5192,22;742,19;10059,23;6011,81;359,93;91,01;1159,38;220,8;433,85;858,27;0;0;-916,95;71,14
6.08.2025;07:00;38798,63;11790,72;1855,86;5149,8;854,22;10047,33;5624,69;1530,81;91,72;1148,48;223;431,56;884,13;0;0;-906,16;72,47
6.08.2025;08:00;41786,85;12660,28;3154,98;5211,31;1004,65;10057,38;5326,55;2380,42;89,59;1127,67;227,41;436,17;909,11;0;0;-858,48;59,81
6.08.2025;09:00;42299,35;12346,51;4114,55;5064,24;997,64;10040,7;5088,06;2656,87;89,59;1093,69;220,8;429,62;900,13;0;0;-808,02;64,97
6.08.2025;10:00;41725,16;12318,94;3122,95;4745,89;930,96;10070,49;5028,73;2901,52;90,09;1066;227,41;429,43;880,1;0;0;-152,05;64,7
6.08.2025;11:00;41895,6;12109,83;3559,12;4625,06;878,16;10061,68;5123,69;2998,69;90,19;1030,85;220,8;430,95;873,7;0;0;-176,09;68,97
6.08.2025;12:00;40801,86;11754,98;3024,22;4494,07;807,6;10071,8;5139,67;3042,78;90,29;992,58;220,8;429,44;878,93;0;0;-208,23;62,93
6.08.2025;13:00;42625,02;12669,85;3655,57;4492,61;879,3;10058,5;5351,7;3007,95;90,1;961,4;225,2;423,74;877,44;0;0;-135,84;67,5
6.08.2025;14:00;44858,45;13621,66;4624,4;4479,03;897,44;10045,68;5793,88;2930,82;89,99;943,08;225,2;421,19;901,43;0;0;-181,24;65,89
6.08.2025;15:00;46171,5;14601,11;5174,29;4509,07;947,29;9637,5;6135,07;2728,98;89,78;930,71;223;426,78;909,46;0;0;-208,24;66,7
6.08.2025;16:00;48885,83;15452,34;6602,25;4472,27;972,24;10005,23;6590,63;2378,28;89;938,33;220,8;407,31;896,5;0;0;-208,33;68,98
6.08.2025;17:00;50876,34;15418,25;9142,95;4196,35;1314,47;9963,38;7031,72;1822,99;90,69;951,98;218,59;415,12;902,23;0;0;-663,2;70,82
6.08.2025;18:00;52022,94;15711,22;10625,18;4255,08;1474,74;10010,83;7478,6;735,71;92,4;969,82;225,2;426,27;903,04;0;0;-952,95;67,8
6.08.2025;19:00;53341,41;15951,74;11977,71;4416,72;1468,61;10035,7;7689,3;64,39;92,79;991,38;223;446,47;906,14;0;0;-995,32;72,78
6.08.2025;20:00;54471,35;16004,85;12699,12;4473,7;1545,37;10043,06;7918,99;0,06;93;1025,22;220,8;443,67;913,96;0;0;-981,11;70,66
6.08.2025;21:00;53529,53;15860,94;11937,17;4495,74;1512,45;10048,58;7856,55;0,01;92,36;1046,09;223;446,89;898,64;0;0;-955,57;66,68
6.08.2025;22:00;52030,95;15856,33;10880,24;4410,42;1380,69;10040,72;7616,15;1,31;91,96;1058,34;225,2;448,02;899,3;0;0;-949,37;71,64
6.08.2025;23:00;49885,94;15771,59;8904,55;4436,32;1275,51;10052,66;7554,31;0,01;92,25;1068,34;220,8;457,71;894,92;0;0;-920,53;77,5
7.08.2025;00:00;47310,65;14764,02;7290,1;4418,21;1180,8;10021,83;7747,04;0,01;93,35;1075,55;225,2;438,67;880,95;0;0;-911,19;86,11
7.08.2025;01:00;45329,31;14585,03;5287,19;4410,37;1039,89;10033,41;8132,28;0,45;93,46;1074,89;220,79;435,72;877,53;0;0;-955,1;93,4
7.08.2025;02:00;43555;13617,27;4103,93;4490,94;900,47;10044,3;8495,27;0,01;93,86;1108;223;443,59;874,63;0;0;-924,89;84,62
7.08.2025;03:00;42131,89;12384,49;3455,1;4606,68;821,1;10038,24;8896,74;0,01;94,32;1125,12;198,72;440,27;879,61;0;0;-891,79;83,28
7.08.2025;04:00;41002;11599,99;2946,02;4817,36;823,75;10030,97;8837,31;0,11;94,36;1130,08;198,72;440,38;888,17;0;0;-887,79;82,57
7.08.2025;05:00;40276,11;11154,23;2656,24;4957,63;809,4;10038,31;8709,93;7,83;93,26;1134,26;225,2;437,61;880,07;0;0;-908,48;80,62
7.08.2025;06:00;38934,53;10280,91;1708,6;4991,18;780,04;10041,51;8868,06;332,35;88,06;1141,84;225,21;431,23;871,93;0;0;-905,97;79,58
7.08.2025;07:00;38703,6;9778,75;1493,24;4744,06;845,25;10055,21;8510,89;1386,71;93,36;1122,42;225,21;436,21;875,87;0;0;-944,58;81
7.08.2025;08:00;41368,57;10876,39;1903,78;4849,87;911,98;9971,68;8495,64;2212,72;89,86;1093,96;223;442,84;883,79;0;0;-666,09;79,15
7.08.2025;09:00;41797,71;10741,8;1835,99;4853,6;923,9;10065,65;8363,54;2519,55;90,76;1049,48;220,8;425,33;888,84;0;0;-265,12;83,59
7.08.2025;10:00;41161,22;9997,6;1483,32;4937,72;822,04;10057,71;8616,54;2696,11;90,84;1019,81;223;437,37;875,49;0;0;-179,92;83,59
7.08.2025;11:00;41085,59;10094,38;1335,35;4900,9;811,31;9870,92;8738,74;2791,34;91,24;984,42;223;426,02;874,7;0;0;-143,14;86,41
7.08.2025;12:00;39977,56;8917,88;1389,79;4612,24;705,1;9899,69;9071,8;2836,43;91,73;959,04;223;419,8;905,76;0;0;-136,59;81,89
7.08.2025;13:00;41274,12;9928,52;1896,74;4666,12;817,3;9288,87;9242,49;2903,96;90,73;933,96;220,8;414,18;893,81;0;0;-111,3;87,94
7.08.2025;14:00;44285,89;10757,77;3169,97;4642,97;943,61;9880,38;9573,42;2859,67;89,73;920,66;223;424,24;903,16;0;0;-197,44;94,75
7.08.2025;15:00;45654,74;10508,66;4679,87;4606,49;966;10028,48;9752,08;2692,76;89,82;896,5;223;425,58;900,83;0;0;-206,43;91,1
7.08.2025;16:00;48104,12;11865,92;5928,89;4594,8;903,68;10038,5;10006;2407,41;93,44;895,75;223;423,56;894,02;0;0;-263,51;92,66
7.08.2025;17:00;50601,13;13565,17;7062,91;4608,49;974,13;10034,77;10264,83;1786,3;91,74;911,26;220,8;427,14;888,38;0;0;-329,17;94,38
7.08.2025;18:00;51628,1;14460,09;8771,15;4614,83;1206,12;9973,49;10303,49;582,78;92,34;925,94;220,79;450,1;907,52;0;0;-976,23;95,69
7.08.2025;19:00;53143,56;14915,93;10083,26;4613,23;1456,15;9884,64;10427,48;63,78;94,54;943,72;225,2;441,57;885,91;0;0;-987,2;95,35
7.08.2025;20:00;54461,03;15330,93;10801,06;4528,74;1653,14;9917,03;10490,79;0,4;95,34;965,55;223;426,51;894,04;0;0;-960,44;94,94
7.08.2025;21:00;53479,8;14884,71;10092,58;4534,09;1644,64;9937,96;10612,45;0,01;94,65;995,8;223;424,4;892,36;0;0;-953,9;97,05
7.08.2025;22:00;51666,59;14406,47;9157,32;4575,89;1301,78;9935,91;10452,84;0,01;94,35;1017,45;223;417,87;901,33;0;0;-915,38;97,75
7.08.2025;23:00;49329,07;13493,15;8252,31;4663,85;1086,24;9953,32;10033,16;0,01;94,15;1035,54;223;416,31;897,59;0;0;-914,9;95,34
8.08.2025;00:00;47496,27;13883,61;6121,75;4768,32;1126,15;9944,74;9716,32;0,01;93,56;1047,91;223;423,05;912,98;0;0;-858,83;93,7
8.08.2025;01:00;45470,96;13368,92;4775,35;4878,66;1119,32;9935,59;9496,46;0,01;94,05;1063,69;220,79;422,71;907,65;0;0;-906,2;93,96
8.08.2025;02:00;43654,31;12183,65;4102,06;4925,95;949,56;10024,44;9527,05;0,01;94,46;1073,23;225,2;419,66;913,93;0;0;-877,16;92,27
8.08.2025;03:00;42423,76;11421,67;3710,78;4892,58;879,07;10034,55;9515,15;0,01;94,26;1082,82;220,8;423,52;928,36;0;0;-872,64;92,83
8.08.2025;04:00;40973,82;10586,03;3001,75;4900,89;823,05;10037,61;9658,51;0,51;93,06;1094,12;225,2;427,78;925,67;0;0;-896,85;96,49
8.08.2025;05:00;40434,76;10490,08;2609,13;4757,79;812,88;10031,37;9779;10,94;93,77;1089,57;223;421,99;923,77;0;0;-905,74;97,21
8.08.2025;06:00;39232,71;9778,29;1698,47;4764,84;819,19;10041,1;9804,03;321,32;89,87;1093,12;220,8;437,2;931,23;0;0;-865,71;98,96
8.08.2025;07:00;39073,88;8788,09;1618,44;4808,83;827,83;10007,81;9556,03;1421,91;85,18;1089,07;225,2;471,72;937,9;0;0;-861,33;97,2
8.08.2025;08:00;41716,46;9694,22;2126,68;4882,98;943,08;10047,08;9471,64;2389,25;89,68;1070,13;218,59;559,79;928,16;0;0;-800,21;95,39
8.08.2025;09:00;42431,01;9358,28;2246,46;4895,67;934,56;10035,67;9490,77;2701,94;94,77;1040,37;218,59;569,35;935,79;0;0;-186,65;95,44
8.08.2025;10:00;42296,24;9362,75;1818,22;4954,09;841,35;10052,41;9592,14;2880,26;91,27;1013,08;223;582,32;915,68;0;0;-125,39;95,06
8.08.2025;11:00;42568,15;9426,2;1864,23;4946,57;870,37;9971,94;9746,6;2966,73;92,95;986,8;220,8;581,85;914,65;0;0;-116,62;95,08
8.08.2025;12:00;41056,59;8188,08;1528,38;5012,42;737,87;9983,2;9879,09;2977,01;86,45;959,61;223;590,34;911,34;0;0;-110,55;90,35
8.08.2025;13:00;41043,67;8364,54;1772,21;5007,77;847,48;9418,22;9961,27;2951,33;92,44;940,23;223;592,8;903,22;0;0;-126,06;95,22
8.08.2025;14:00;45511,68;10108,37;3641,53;5102,06;1035,33;10052,79;9997,08;2899,12;88,14;917,56;220,79;588,05;890,05;0;0;-121,37;92,18
8.08.2025;15:00;47601,37;10970,47;5022,29;5033,4;961,18;10059,81;10214,01;2729,79;90,63;880,33;225,2;595,17;900,07;0;0;-172,83;91,85
8.08.2025;16:00;49690,2;12016,03;6203,72;5095,55;990,59;10055;10437,51;2371,49;91,58;875,33;225,2;588,11;896,95;0;0;-245,5;88,64
8.08.2025;17:00;51532,06;12873,41;7754,62;4963,54;1126,62;10049,8;10500,78;1768,98;90,48;878,38;218,59;570,63;912,12;0;0;-268,22;92,33
8.08.2025;18:00;51764,65;13663,19;8868,27;4906,1;1301,3;10034,21;10430,05;697,14;93,46;898,63;223;573,93;908,53;0;0;-925,08;91,92
8.08.2025;19:00;51913,98;13209,95;10100,59;4924,47;1543,53;10051,78;10163,87;57,03;93,75;919,13;223;573,26;902,02;0;0;-942,05;93,65
8.08.2025;20:00;53662,34;13858,75;11036,95;4932,25;1721,77;10034,36;10211,37;0,15;94,34;945,23;223;574,47;891,36;0;0;-954,91;93,25
8.08.2025;21:00;52681,71;13942,14;10346,29;4765,21;1585,5;10040,57;10083,93;0,01;94,14;960,66;223;577,76;891,46;0;0;-923,38;94,42
8.08.2025;22:00;51007,17;13764,05;9211,22;4745,14;1380,53;10036,72;9925,67;0,01;92,65;985,33;220,8;588,6;890,43;0;0;-926,45;92,47
8.08.2025;23:00;49127,2;13789,33;7715,6;4765,27;1199,04;10056,09;9631,31;0,01;93,66;1004,46;223;587,36;887,08;0;0;-919,64;94,63
9.08.2025;00:00;46917,05;13570,65;6149,68;4799,44;1103,34;10063,34;9299,4;0,01;93,16;1021;223;545,92;881,54;0;0;-929,81;96,38
9.08.2025;01:00;44618,71;12854,28;4751,89;4805,07;1039,84;10067,03;9197,46;0,01;93,35;1030,15;223;563,84;888,21;0;0;-992,56;97,14
9.08.2025;02:00;42982,19;12837,97;3226,65;4860,18;883,62;10076,5;9157,32;0,01;93,35;1039,1;223;563,88;886,33;0;0;-961,61;95,89
9.08.2025;03:00;41798,45;12616,78;2368,23;4934,96;840,6;10058,74;9039,84;0,01;93,88;1056,91;220,8;562,85;900,52;0;0;-991,58;95,91
9.08.2025;04:00;40845,47;11979,58;2133,58;4956,86;849,94;10064,72;8856,31;0,3;93,08;1084,56;220,8;567,64;912,91;0;0;-971,91;97,1
9.08.2025;05:00;39884,84;11170,22;2132,45;4927,25;868,27;10060,37;8741,89;8,82;95,09;1086,64;223;551,15;885,83;0;0;-960,92;94,78
9.08.2025;06:00;38049,31;9537,11;1600,9;4934,02;839,07;10067,79;8809,36;329,44;89,87;1096,73;223;558,7;881,92;0;0;-1014,43;95,83
9.08.2025;07:00;37149,88;7737,43;1532,42;4955,05;871,05;9948,42;8696,74;1482,82;93,87;1087,16;223;564,58;871,16;0;0;-1015,35;101,53
9.08.2025;08:00;37938,93;7123,34;1731,51;4949,91;954,92;9950,54;8559,33;2472,82;85,15;1065,14;223;569,52;880,72;0;0;-727,98;101,01
9.08.2025;09:00;37537,06;6269,76;1792,67;4937,57;908,85;9977,38;8385,76;2780,61;85,16;1034,06;189,88;552,05;875,79;0;0;-349,4;96,92
9.08.2025;10:00;37368,22;5993,09;1818,4;4838,13;889,33;9977,75;8273,27;2954,87;85,66;1006,67;174,43;561,98;866,35;0;0;-164,98;93,27
9.08.2025;11:00;37406,85;5965,55;1870,01;4845,31;755,84;10052,71;8248,78;3039,22;85,26;971,4;220,8;563,95;863,08;0;0;-167,05;91,99
9.08.2025;12:00;36609,59;5507,73;1506,11;4904,57;685,6;10028,67;8354,23;3061,98;85,06;943,52;218,59;553,84;862,53;0;0;-199,52;96,68
9.08.2025;13:00;37732,28;6102,41;1994,51;4924,92;705,73;10062,04;8366,89;3023,95;85,36;916,15;225,2;546,88;864,24;0;0;-181,2;95,2
9.08.2025;14:00;38951,38;6282,77;3164,62;4732,78;793,67;10017,02;8493,37;2965,54;90,26;897,15;223;551,24;865,77;0;0;-227,04;101,23
9.08.2025;15:00;40524,9;7337,75;3493,24;4907,46;932,72;10061,28;8502;2823,53;88,66;884,73;223;550,97;868,12;0;0;-249,31;100,75
9.08.2025;16:00;42910,94;8321,57;4938,06;4870,82;959,11;10071,91;8768,71;2553,62;92,65;873,86;223;550,83;862,43;0;0;-277,74;102,11
9.08.2025;17:00;46313,01;10951,74;6106,17;4912,7;999,66;10057,73;8934,82;1938,4;93,75;880,18;218,59;554,23;868,38;0;0;-304,68;101,34
9.08.2025;18:00;49658,73;13009,97;8529,9;4892,89;1304,63;10085,83;9172,44;747,14;92,65;891,48;223;552,14;874,48;0;0;-817,25;99,43
9.08.2025;19:00;51475,79;13120,58;10876,08;4920,07;1525,83;10076,14;9160,6;64,12;92,57;915,3;223;550,5;882,75;0;0;-1034,37;102,62
9.08.2025;20:00;52692,28;13271,6;11914,5;4744,8;1681;10079,26;9218,31;0,17;94,25;944,43;223;543,04;886,67;0;0;-1009,6;100,85
9.08.2025;21:00;51764,64;13110,53;11275,59;4755,89;1609,29;10077,39;9138,38;0,01;94,12;968,85;223;558,85;894,07;0;0;-1041,05;99,72
9.08.2025;22:00;50194,85;13197,93;9849,57;4879,5;1413,46;10087,64;8912,34;0,01;95,75;983,43;223;572,42;908,58;0;0;-1025,33;96,55
9.08.2025;23:00;48161,06;12907,51;8386,17;4869,89;1221,86;10035,11;8875,43;0,01;94,05;1010,77;223;580,45;886,8;0;0;-1026,02;96,03
10.08.2025;00:00;46049,89;12972,24;6325,88;4832,41;1113,32;10012,7;8877,82;0,01;94,46;1031,87;223;579,17;918,52;0;0;-1028,08;96,57
10.08.2025;01:00;44105,07;13025,78;4519,85;4859,87;1090,76;10057,41;8737,29;0,01;94,06;1050,11;220,79;557,27;906,1;0;0;-1114,95;100,72
10.08.2025;02:00;42394,49;12889,68;3161,41;4866,65;970,65;10063,69;8594,94;0,01;94,96;1059,94;223;566,79;906,04;0;0;-1105,88;102,61
10.08.2025;03:00;40705,43;12346,45;2411,12;4791,67;874,75;10042,82;8395,58;0,01;94,76;1070,72;223;563,98;910,05;0;0;-1125,83;106,35
10.08.2025;04:00;39502,31;11075,01;2488,56;4916,93;807,37;10030,21;8275,46;0,2;93,86;1079,86;223;562,21;903,35;0;0;-1057,21;103,5
10.08.2025;05:00;38549,88;10300,46;2102,41;4942,44;862,6;10041,95;8402,81;9,86;94,56;1083,84;223;558,82;906,76;0;0;-1084,6;104,97
10.08.2025;06:00;36273,2;8172,82;1664,97;5020,75;814,47;10036,17;8369,44;338,06;90,46;1062,1;225,2;560,14;903,84;0;0;-1090,9;105,68
10.08.2025;07:00;33453,8;5475,45;1694,41;4816,53;714,17;9147,6;8157,82;1519,83;88,85;1079,13;223;567,75;911,65;0;0;-1048,03;105,64
10.08.2025;08:00;31201,59;4292,55;2732,97;4733,17;670,8;6306,45;7938,04;2505,9;83,85;1055,5;198,72;519,26;908,92;0;0;-851,42;106,88
10.08.2025;09:00;29876,2;4017,26;2550,59;4566,41;627,44;4962,79;7867,8;2810,02;83,68;1026,34;196,5;542,96;898,93;0;0;-378,51;103,99
10.08.2025;10:00;29693,16;3959,94;2502,28;4487,75;587,4;4694,57;7807,09;3028,73;83,95;989,66;189,88;537,75;910,64;0;0;-191,19;104,71
10.08.2025;11:00;29893,39;3823,84;2678,15;4370,83;589,24;4732,78;8012,67;3120,17;83,65;953,79;185,47;532,56;910,03;0;0;-206,59;106,8
10.08.2025;12:00;30163,95;3867,3;2652,73;4399,82;584,13;4763,16;8230,44;3129,88;83,24;917,23;187,68;521,57;891,23;0;0;-170,37;105,91
10.08.2025;13:00;31840,85;4011,1;3029,92;4494,11;787,27;5451,39;8471,98;3087,51;82,74;889,26;200,92;529,72;871,61;0;0;-172,35;105,67
10.08.2025;14:00;32567,47;3995,48;3508,18;4563,42;883,94;5486,58;8641,47;3022,04;82,93;871,38;220,79;532,11;868,74;0;0;-212,95;103,36
10.08.2025;15:00;34761,05;4037,76;4003,58;4628,61;802,8;7060,89;8895,73;2854,33;82,81;859,4;223;529,39;883,74;0;0;-204,67;103,68
10.08.2025;16:00;37783,64;4470,07;4758,7;4708,04;837,69;8793,02;9123,94;2643,36;86,52;857,91;218,59;536,09;895,96;0;0;-255,26;109,01
10.08.2025;17:00;41417,25;6334,95;5820,82;4769,94;906,49;9665,18;9449,12;1990,07;94,63;858,43;216,37;572;905,68;0;0;-272,84;106,41
10.08.2025;18:00;45414,1;9838;7016,76;4798,44;1123,74;10023,55;9494,24;761,69;93,3;858,48;223;566,15;897,37;0;0;-384,89;104,27
10.08.2025;19:00;47979,49;11630,42;9025,45;4820,22;1306,63;10025,64;9485,17;68,58;93,3;883;216,38;573,59;879,61;0;0;-1134,75;106,25
10.08.2025;20:00;49047,27;11959,09;9666,16;4908,7;1531,03;9998,18;9335,88;0,14;93,39;931,12;225,2;573,99;866,93;0;0;-1147,41;104,87
10.08.2025;21:00;48786,64;12167,85;9302,92;4925,79;1434,87;10017,63;9214,13;0,01;93,09;953,1;223;574,05;888,13;0;0;-1111,37;103,44
10.08.2025;22:00;47791,55;12201,58;8706,85;4984,03;1309,47;10005,95;8793,2;0,01;92,29;971;220,8;585,52;908,55;0;0;-1092,2;104,5
10.08.2025;23:00;46243,86;12226,34;7674,65;5047,08;1206,44;10012,49;8279,03;0,01;92,19;971,34;223;570,06;906,97;0;0;-1071,28;105,54
11.08.2025;00:00;44364,17;12125,38;6548,9;4927,62;931,03;10028,36;7986,49;0,01;92,33;1021,07;223;577,12;917,67;0;0;-1118,64;103,83
11.08.2025;01:00;42576,21;12287,1;4614,47;5037,38;938,49;10042,31;7665,02;0,01;92,42;1055,27;218,59;578,43;899,68;0;0;-959,02;106,06
11.08.2025;02:00;41198,23;12161,27;3253,51;5124,11;931,87;10037,11;7664,14;0,01;92,71;1070,03;223;574,47;910,09;0;0;-949,45;105,36
11.08.2025;03:00;39766,81;11413,41;2675,56;5074,7;898,11;10036,1;7609,96;0,01;92,61;1079,08;223;560,4;911,55;0;0;-910,77;103,09
11.08.2025;04:00;38656,57;10695,62;2366,97;5100,79;906,87;10053,77;7472,49;0,28;92,36;1089,88;220,8;565,4;910,97;0;0;-921,23;101,6
11.08.2025;05:00;38016,31;10538,58;2044,04;5126,9;747,75;10022,36;7415,43;10,37;92,35;1095,66;223;565,61;911,76;0;0;-882,05;104,55
11.08.2025;06:00;36891,5;9782,23;1398,05;5205,62;703,76;9825,03;7563,89;356,16;87,85;1105,03;220,8;560,64;895,8;0;0;-917,64;104,28
11.08.2025;07:00;36956,04;8965,77;1224,62;5283,8;696,02;10025,46;7143,53;1561,62;90,94;1097,48;223;561,59;899,9;0;0;-921,12;103,43
11.08.2025;08:00;40288,36;10791,56;1758,43;5312,29;920,86;10077,32;6816,62;2560,85;88,24;1072,77;220,8;560,72;896,32;0;0;-894,19;105,77
11.08.2025;09:00;40716,13;10470,81;1734,92;5273,96;924,6;9976,56;6783,63;2907,21;87,43;1032,49;218,59;566,34;884,88;0;0;-249,51;104,22
11.08.2025;10:00;40651,02;10237,55;1671,64;5281,85;870,79;9966,54;6870,06;3078,59;91,22;996,06;218,59;566,76;896,15;0;0;-198,26;103,48
11.08.2025;11:00;40869,92;10582,5;1544,63;5292,93;822,59;9968,52;6924,97;3120,33;89,44;960,79;220,8;554,97;879,32;0;0;-195,85;103,98
11.08.2025;12:00;39783,88;9617,93;1245,28;5320,36;691,71;10032,53;7140,69;3133,91;90,84;925,96;218,59;559,92;884,29;0;0;-186,94;108,81
11.08.2025;13:00;41603,55;10657,5;1701,26;5310,35;765,71;10062,35;7427,8;3123,36;89,82;891,52;223;548,32;868,14;0;0;-174,37;108,79
11.08.2025;14:00;43760,75;10969,78;3253,06;5284,04;888,7;10039,02;7765,02;3045,34;89,74;869,23;218,5;560,17;871,72;0;0;-201,31;107,74
11.08.2025;15:00;45363,02;11534,4;4334,88;5221,21;942,2;10037,51;7890,75;2878,6;89,85;844,83;242,86;557,04;869,46;0;0;-180,58;100,01
11.08.2025;16:00;48000,91;12660,28;5708,87;5034,86;1000,64;10029,68;8318,26;2602,17;92,86;845,04;267,16;564,67;853,12;0;0;-78,82;102,12
11.08.2025;17:00;50558,39;14155,11;7242,9;4959,38;1082,06;10027,02;8522,16;1981,64;91,15;865,2;280,37;557,1;886,05;0;0;-190,08;98,33
11.08.2025;18:00;52280,08;15370,22;8894,37;4967,81;1304,28;10025,38;8732,65;752,01;95,25;883,59;289,24;562,84;899,08;0;0;-594,95;98,31
11.08.2025;19:00;53888,39;15431,59;10784,27;4965,38;1570,71;10030,82;8753,77;58,45;93,26;928,1;293,65;568,14;896,34;0;0;-585,03;98,94
11.08.2025;20:00;54904,52;15411,66;11288,11;5051,7;1735,02;10025,81;8941,63;0,62;93,44;956,14;291,44;564,62;896,59;0;0;-451,7;99,44
11.08.2025;21:00;53842,38;15119,98;10444,95;5154,88;1639,62;10011,01;9115,08;0,01;93,54;998,13;289,23;562,62;894,04;0;0;-576,85;96,14
11.08.2025;22:00;52071,98;15231,42;8533,61;5235,86;1347,36;10029,87;9107,03;0,01;93,44;1017,44;295,85;565,38;920,62;0;0;-400,37;94,46
11.08.2025;23:00;49891,32;14682,06;7301,38;5350,93;1205,85;10020,24;8898,18;0,01;93,64;1014,59;291,45;568,59;915,19;0;0;-548,22;97,43
12.08.2025;00:00;47469;14209,34;5424,17;5431,9;1022,86;10044,42;8735,35;0,01;93,45;1018,93;295,87;573,27;916,57;0;0;-394,51;97,37
12.08.2025;01:00;45381,47;13561,8;4244,25;5337,46;973,97;10015,33;8648,86;0,01;93,35;1040,66;293,65;578,18;916,29;0;0;-418,1;95,76
12.08.2025;02:00;43532,73;12978,99;3526,92;5326,91;857,62;10008,96;8705,61;0,01;93,65;1061,62;295,87;564,92;900,15;0;0;-884,78;96,28
12.08.2025;03:00;42116,2;11980,2;3063,22;5409,09;818,58;10016,8;8717,15;0,01;93,75;1072,54;295,86;571,04;915;0;0;-932,53;95,49
12.08.2025;04:00;41031,93;11031,46;2837,38;5463,3;811,25;10019,49;8760,98;1,08;93,25;1079,91;295,86;582,5;920,25;0;0;-961,26;96,48
12.08.2025;05:00;40212,84;10796,75;2264,93;5589,88;860,29;10049,06;8534,52;11,87;93,86;1088,06;295,86;572,22;913,38;0;0;-953,72;95,88
12.08.2025;06:00;39188,24;10377,4;1385,54;5737,45;818,35;10054,31;8295,43;392,95;89,06;1094,86;298,06;578,37;900,91;0;0;-926,02;91,57
12.08.2025;07:00;38808,87;9489,01;1218,98;5638,69;768,36;10077,51;7841,69;1665,96;86,29;1079,85;295,86;571,48;908,99;0;0;-927,94;94,14
12.08.2025;08:00;40854,91;10289,26;1666,59;5599,71;831,59;10092,57;7591,14;2637,45;92,29;1046,4;300,28;539,31;919,37;0;0;-849,11;98,06
12.08.2025;09:00;40997,44;9921,35;1430,91;5592,08;840,28;10105,85;7533,83;2939;93,84;1015,21;298,07;532,61;920,32;0;0;-332,16;106,25
12.08.2025;10:00;40552,83;9145,93;1572,34;5577,12;830,37;10083,57;7598,55;3080,83;94,42;967,62;302,49;532,56;869,52;0;0;-202,52;100,03
12.08.2025;11:00;40903,29;9044,11;1660,57;5623,86;824,96;10100,17;7831,59;3165,66;94,11;925,99;302,49;521,48;883,3;0;0;-178,17;103,17
12.08.2025;12:00;39582,84;8215,65;1258,06;5591,38;744,34;9804,95;8177,13;3161,55;95,01;892,55;300,28;516,93;883,73;0;0;-164,23;105,51
12.08.2025;13:00;41359,98;9083,78;1622,33;5554,52;775,97;10044,94;8552,48;3132,29;94,83;863,74;304,69;524,69;861,54;0;0;-160,32;104,5
12.08.2025;14:00;43434,13;8912,26;3559,42;5558,64;877,59;10112,1;8825,83;3057,42;93,43;837,07;300,28;525,54;852,11;0;0;-181,23;103,67
12.08.2025;15:00;45037,59;9538,83;4632,61;5529,66;862,67;10100,82;8918,2;2919;92,95;838,6;300,28;550,25;873,48;0;0;-220,86;101,1
12.08.2025;16:00;47610,46;11267,21;5640,25;5516,44;861,99;10075,58;9074,96;2685,64;90,45;844,15;300,28;551,11;882,69;0;0;-288,01;107,72
12.08.2025;17:00;50421,72;13510,05;6859,04;5532,07;938,48;10021,32;9369,87;2031,99;93,86;851,63;295,86;561,15;885,69;0;0;-636,3;107,01
12.08.2025;18:00;52269,04;14403,39;8986,71;5558,32;1147,01;10091,41;9443,91;756,65;92,87;882,38;300,28;558,8;891,61;0;0;-952,69;108,39
12.08.2025;19:00;53542,22;14411,53;11794,8;5476,32;1405,38;9632,04;8819,15;55,88;96,24;922,2;300,28;569,89;920,54;0;0;-969,68;107,65
12.08.2025;20:00;54913,29;14452,97;13307,72;5402,9;1656,17;9335,89;8771,39;0,1;99,14;955,77;304,69;566,7;926,05;0;0;-974,59;108,39
12.08.2025;21:00;53424,18;14081,06;12276,43;5447,3;1647,55;9328,03;8600,17;0,01;98,54;994;302,49;560,32;920,75;0;0;-939,53;107,06
12.08.2025;22:00;51856,21;14130,85;10927,09;5525,98;1462,5;9319,64;8393,18;0,01;97,03;1021,35;298,07;563,26;925,46;0;0;-917,2;108,99
12.08.2025;23:00;49799,69;13977,48;9611,11;5542,92;1271,82;9347,77;7986,05;0,01;56,14;1045,15;309,11;558,74;926,58;0;0;-942,82;109,63
13.08.2025;00:00;47035,39;14230,5;6789,91;5418,03;937,68;9340,17;8178,94;0,01;97,36;1065,95;315,73;561,84;932,15;0;0;-927,4;94,52
13.08.2025;01:00;45219,12;13998,48;4753,75;5482,31;910,2;9785,16;8166,67;0,01;97,35;1083,64;317,94;560,91;934,36;0;0;-962,6;90,94
13.08.2025;02:00;42131,24;12929,81;3825,76;5481,73;864,76;8772;8196,36;0,01;97,05;1106,04;231,36;564,19;919,6;0;0;-947,2;89,77
13.08.2025;03:00;42386,68;12275,04;3394,16;5457,63;855,73;10093,85;8088,99;0,01;97,45;1118,97;324,56;575,11;922,15;0;0;-903,24;86,27
13.08.2025;04:00;41100,14;11645,01;2901,88;5460,26;832,11;10081,07;8014,46;0,8;97,55;1126,9;322,36;558,66;914,6;0;0;-936,53;81,01
13.08.2025;05:00;40343,22;11374,52;2402,84;5544,43;728,69;10113,94;7985,1;12,12;95,86;1135,99;322,36;569,19;920,44;0;0;-944,43;82,17
13.08.2025;06:00;38917,41;10458,74;1609,7;5737;713,81;10115,1;7767,97;358,61;91,46;1135,52;326,77;566,36;910,03;0;0;-956,96;83,3
13.08.2025;07:00;38791,61;9491,72;1517,84;5653,8;696,28;10128,95;7513,28;1604,92;96,26;1123,66;326,76;568,81;912,9;0;0;-924,25;80,68
13.08.2025;08:00;41070,65;10406,32;2081,48;5608,23;834,11;10127,49;7213,61;2558,16;94,16;1085,95;326,77;562,11;922,16;0;0;-829,78;79,88
13.08.2025;09:00;41477,8;10133,09;1992,97;5598,05;842,23;10150,07;7089,42;2916,96;95,44;1036,25;317,95;553,99;918,11;0;0;-244,93;78,2
13.08.2025;10:00;40804,85;9998,71;1703,91;5407,14;769,12;10151,35;6855,57;3126,88;94,34;1009,37;322,35;548,57;924,71;0;0;-185,73;78,56
13.08.2025;11:00;40882,81;10376,28;1759,93;5025,85;685,5;10153,82;6914,1;3175,3;94,12;960,76;324,56;566,98;928,67;0;0;-162,69;79,63
13.08.2025;12:00;39756,27;9384,09;1526,3;5134,09;656,78;10150,02;6974,94;3194,63;94,29;925,24;326,77;565,07;918,71;0;0;-174,24;79,58
13.08.2025;13:00;41415,99;10446,76;2026,09;5177,74;722,16;10134,56;7037,38;3153,96;94,04;901,43;324,56;557,56;916,79;0;0;-159,42;82,38
13.08.2025;14:00;43639,25;11237,53;3560,95;5153,78;807,05;10148,51;7107,24;2996,19;94,24;881,67;324,56;559,21;907,08;0;0;-217,97;79,21
13.08.2025;15:00;45454,62;11810,99;4532,05;5159,06;878,52;10142,12;7401,84;2938,01;94,74;875,52;322,36;553,39;921,92;0;0;-253,5;77,6
13.08.2025;16:00;47984,73;13486,08;5599,88;5082,66;930,73;10125,12;7583,75;2646,12;93,16;887,15;322,35;531,26;919,17;0;0;-301,73;79,03
13.08.2025;17:00;50877,52;15243,94;7621,49;5101,21;1059,42;10106,08;7707,04;1925,57;93,56;903,34;320,16;559,51;927,92;0;0;-773,15;81,43
13.08.2025;18:00;52176,61;15639;9675,74;5121,85;1282,78;10090,42;7698,78;688,54;93,25;924,02;322,35;562;931,45;0;0;-954,24;100,67
13.08.2025;19:00;53614,85;15633,3;11282,61;5108,27;1436,64;10077,73;8008,94;49,74;95,75;954,59;324,56;574,4;935,57;0;0;-971,63;104,38
13.08.2025;20:00;54556,01;15375,11;12353,51;5036,37;1587,94;10076,64;8081,2;0,08;94,36;985,55;317,95;573,49;924,84;0;0;-953,7;102,67
13.08.2025;21:00;53390,72;15337,33;11351,44;5099,01;1422,5;10087,52;8004,14;0,01;95,07;1014,03;324,56;569,71;936,76;0;0;-959,36;108
13.08.2025;22:00;51645,26;15604,39;9745,77;5104,01;1339,5;10070,51;7632,52;0,01;95,75;1044,24;324,56;558,24;940,18;0;0;-921,02;106,6
13.08.2025;23:00;49631,92;15522,95;8439,5;5084,09;1194,21;10034,67;7197,43;0,01;94,85;1036,78;324,57;556,07;944,82;0;0;-902,8;104,77
14.08.2025;00:00;47170,49;15718,07;6387,34;4824,67;1002,5;10101,91;6994,52;0,01;94,55;1060,93;337,8;563,69;920,21;0;0;-941,32;105,61
14.08.2025;01:00;45157,43;15331,33;5082,44;4784,49;894,78;10076,72;6833,8;0,01;94,46;1074,17;326,78;556,12;914,01;0;0;-917,61;105,93
14.08.2025;02:00;43450,76;14436,93;4300,89;4848,51;808,44;10104,85;6815,52;0,01;94,16;1085,35;333,4;564,25;905,05;0;0;-950,07;103,47
14.08.2025;03:00;42084,51;13877,06;3411,61;4941,86;777,12;10119,61;6799,23;0,01;95,57;1099,06;333,4;562,53;904,61;0;0;-942,99;105,83
14.08.2025;04:00;41123,99;13035,4;3236,83;5111,96;746,88;10120,87;6688,24;0,9;95,32;1105,01;337,8;556,3;918,17;0;0;-933,31;103,62
14.08.2025;05:00;40460,46;12906,22;2752,49;5153,5;742,08;10116,9;6578,83;6,71;94,43;1125,86;337,8;582,82;909,04;0;0;-949,2;102,98
14.08.2025;06:00;39035,34;12333,4;1647,21;5134,77;773,65;10115,88;6526,5;315,59;95,83;1137,29;335,6;556,95;909,34;0;0;-942,31;95,64
14.08.2025;07:00;38556,33;11213,25;1358,3;5161,21;718,56;10137,27;6324,19;1449,9;88,33;1130,62;331,2;560,36;906,77;0;0;-923,71;100,08
14.08.2025;08:00;40881,73;12206,36;2010,57;5104,1;838,85;10139,3;5922,47;2461,47;89,63;1100;333,4;554,98;910,78;0;0;-884,93;94,75
14.08.2025;09:00;40987,7;11996,48;1937,31;5162,91;856,96;10138,92;5534,51;2852,41;95,23;1061,86;333,4;580,62;908,21;0;0;-566,35;95,23
14.08.2025;10:00;40439,37;11526,92;1574,46;5147,16;770,36;10146,92;5386,08;3079,52;94,33;1023,74;333,4;574,03;925,72;0;0;-245,15;101,88
14.08.2025;11:00;40485,18;11549,15;1669,22;5131,54;699,82;10153,37;5332,28;3170,03;95,5;981,81;331,2;579,26;903,32;0;0;-211,07;99,75
14.08.2025;12:00;39385,46;11004,88;1450,98;4999,05;608,79;10141,19;5203,97;3214,93;95,25;948,73;335,6;572,64;894,76;0;0;-185,93;100,62
14.08.2025;13:00;40933,94;11515,8;2189,04;5093,35;673,99;10149,64;5346,87;3225;93,54;924,2;333,4;571,03;898,51;0;0;-185,5;105,07
14.08.2025;14:00;43511,84;11936,63;4348,75;5069,24;744,81;10144,66;5427,51;3132,96;94,24;905,67;333,4;584,96;885,4;0;0;-198,52;102,13
14.08.2025;15:00;44999,18;12223,95;5633,15;5071,08;798,95;10101,36;5612,38;2894,56;93,96;892,52;331,19;562,84;875,07;0;0;-193,55;101,72
14.08.2025;16:00;47690,17;13753,62;7432,17;4819,03;962,28;10111,23;5979,41;2463,77;94,94;894,08;333,2;564,7;877,77;0;0;-695,83;99,8
14.08.2025;17:00;50149,81;14891,04;9111,5;4722,75;1176,35;10097,12;6411,34;1757,71;93,24;921,17;328,99;559,46;891,45;0;0;-916,67;104,36
14.08.2025;18:00;51796,64;15017,78;11146,17;4768,3;1455,34;10070,86;6745,36;617,98;94,83;945,8;328,98;567,2;910,1;0;0;-974,41;102,35
14.08.2025;19:00;53192,29;15126,62;12505,04;4854,63;1561,85;10057,19;7020,2;51,24;95,84;974,13;331,19;557,02;891,09;0;0;-939,31;105,56
14.08.2025;20:00;54334,04;15571,04;12998,4;4833,4;1720,36;10059,95;7071,54;1,56;94,04;1001,94;333,4;561,81;896,74;0;0;-913,28;103,14
14.08.2025;21:00;53080,33;15428,36;12087,74;4883,94;1662,49;10066,48;6889,18;0,01;94,84;1027,64;333,4;574,06;881,99;0;0;-953,93;104,13
14.08.2025;22:00;51287,89;15237,54;10816,67;4924,71;1430,07;10071,32;6713,11;0,01;94,55;1051,25;328,99;566,98;882,98;0;0;-933,7;103,41
14.08.2025;23:00;49102,06;15300,7;9006,33;4920,7;1196,51;10079,36;6500,47;0,01;95,15;1063,36;331,19;555,33;878,62;0;0;-933,15;107,48
15.08.2025;00:00;46930,69;15335,81;7095,13;4957,71;1050,47;10076,17;6270,54;0,01;94,31;1077,48;333,4;572,87;892,85;0;0;-928,43;102,37
15.08.2025;01:00;44939,7;15197,64;5491,78;5016,27;985,52;10087,2;6039,83;0,01;95,31;1092,16;326,77;558,49;898,94;0;0;-954,09;103,87
15.08.2025;02:00;43132,34;14758,21;4277,08;4985,52;826,64;10055,77;6061,29;0,01;94,62;1102,95;333,4;564,66;892,54;0;0;-928,32;107,97
15.08.2025;03:00;41894,37;14276,18;3483,05;4960,49;827,56;10084,45;6079,25;0,01;94,82;1108,88;333,4;564,09;885,91;0;0;-908,49;104,77
15.08.2025;04:00;40912,47;13436,06;3201,26;4957,51;801,39;10071,15;6241,11;0,92;95,33;1115,48;328,63;570,47;893,56;0;0;-909,14;108,74
15.08.2025;05:00;40299,94;12940,05;2819,33;4988,15;796,2;10097,09;6450,7;9,67;95,04;1122,31;333,4;567,85;898,4;0;0;-927,08;108,83
15.08.2025;06:00;38776,43;12298,85;1653,7;5068,55;700,08;10114,14;6443,47;327,51;88,14;1128,17;333,4;562,29;896,17;0;0;-942,95;104,91
15.08.2025;07:00;38521,54;10969,36;1474,12;5069,13;657,1;10128,67;6518,79;1509,98;92,97;1124,52;324,57;556,65;888,82;0;0;-895,94;102,8
15.08.2025;08:00;40587,56;10937,85;2429,87;5020,5;780,28;10148,75;6441,47;2531,38;93,87;1104,32;335,6;561,8;903,24;0;0;-800,96;99,59
15.08.2025;09:00;40558,44;10353,88;2310,42;4991,27;770,17;10139,73;6434,52;2900,29;93,8;1071,89;326,78;552,26;913,68;0;0;-395,53;95,28
15.08.2025;10:00;40092,87;9969,5;1857,11;4858,91;854,79;10126,13;6474,06;3108,8;94,78;1045,94;333,4;568,25;904,65;0;0;-202,9;99,45
15.08.2025;11:00;39837,14;9622,35;1983,24;4750,35;886,43;10124,77;6379,84;3204,88;90,38;1013,96;333,39;562,48;898,67;0;0;-108,23;94,63
15.08.2025;12:00;38163,51;8344,46;1635,34;4660,37;701,94;10121,85;6666,66;3210,32;85,48;983,5;331,2;548,93;910,22;0;0;-132,62;95,86
15.08.2025;13:00;38419,92;8004,72;1894,4;4676,93;728,29;10097,88;7006,19;3203,77;95,56;955,31;330,9;561,12;908,25;0;0;-139,41;96,01
15.08.2025;14:00;42180,58;9148,7;4216,14;4711,11;777,41;10124,48;7342,52;3091,89;93,87;939,74;333,4;564,72;906,6;0;0;-167,89;97,89
15.08.2025;15:00;43867,24;9757,95;5203,16;4555,88;830,14;10093;7770,15;2918,86;94,87;933,12;333,4;577,76;902,61;0;0;-201,92;98,26
15.08.2025;16:00;46019,34;11177,68;6132,07;4445,43;924,28;9819,84;8197,47;2643,59;95,58;934,1;333,4;559,9;912,15;0;0;-255,41;99,26
15.08.2025;17:00;48940,4;12892,75;8097,56;3993,14;990,29;9799,84;8630,93;1929,31;96,18;946,4;326,78;559,83;912,03;0;0;-337,69;103,05
15.08.2025;18:00;50322,28;13368,87;10185,54;3999,77;1303,36;9798,26;8938,04;667,73;95,67;967,31;320,16;576,59;908,04;0;0;-910,24;103,18
15.08.2025;19:00;51889,1;13744,01;11550,02;4018,18;1492,41;9787,53;9124,96;41,28;94,25;995,64;331,19;579,41;892,17;0;0;-865,69;103,74
15.08.2025;20:00;52821,71;13799,66;12199,94;4142,94;1618,62;9807,95;9171,17;0,06;93,85;1023,63;331,2;577,24;888,91;0;0;-936,48;103,02
15.08.2025;21:00;51550,93;13538,77;10977,29;4470,3;1512,73;9771,64;9187,91;0,01;93,85;1019,51;331,2;566,89;887,57;0;0;-908,79;102,05
15.08.2025;22:00;50085,35;13231,81;9743,22;4618,66;1248,3;9788,63;9314,39;0,01;93,86;1063,59;337,8;560,23;894,62;0;0;-909,76;99,99
15.08.2025;23:00;48050,15;13103,85;7976,12;4692,13;1075,7;9792,11;9301,35;0,01;93,68;1076,77;335,6;566,15;879,72;0;0;-944,53;101,49
16.08.2025;00:00;45873,37;12681,05;6207,45;4717,5;1066,58;9795,42;9275,38;0,01;93,37;1090,07;331,2;567,65;900,95;0;0;-954,6;101,34
16.08.2025;01:00;43856,07;11830,63;5094,51;4684,53;1076,98;9801,88;9249,58;0,01;93,47;1103,48;328,98;570,52;893,01;0;0;-972,9;101,39
16.08.2025;02:00;42312,08;11525,17;3956,52;4644,43;986,3;9790,76;9237,06;0,01;93,02;1113,23;333,4;581,8;892,77;0;0;-945,11;102,72
16.08.2025;03:00;40851,28;11376,23;3219,55;4270,36;898,8;9802,38;9097,44;0,01;93,23;1119,11;333,4;567,62;894,29;0;0;-923,19;102,05
16.08.2025;04:00;39888,81;10572,74;3135,73;4231,64;820,16;9784,31;9177,01;0,26;93,13;1133,43;337,8;561,72;876,48;0;0;-935,64;100,04
16.08.2025;05:00;39069,79;10273,67;2971,35;4164,71;795,63;9796,07;8895,38;7,78;91,87;1145,67;331,2;558,36;883,88;0;0;-940,78;95
16.08.2025;06:00;37238,43;9546,55;1820,57;4228,27;763,39;9752,13;8693,45;308,06;88,99;1153,6;331,19;546,84;895,71;0;0;-978,85;88,53
16.08.2025;07:00;35970,22;7182,12;1946,14;4379,64;831,41;9579,25;8361,98;1483,52;90,94;1145,52;337,8;550,18;906,82;0;0;-923,22;98,12
16.08.2025;08:00;36121,23;5991,62;2115,12;4443,41;905,42;9614,25;8133,99;2523,82;90,64;1120,89;333,4;547;904,08;0;0;-703,28;100,87
16.08.2025;09:00;35593,12;5671,98;2054,98;4371,91;795,31;9613,05;7775,42;2880,37;83,42;1085,32;322,36;560,48;897,51;0;0;-621,78;102,79
16.08.2025;10:00;34695,25;4759,08;2152,32;4249,99;636,52;9432,71;7548,91;3044,85;83,92;1052,46;328,99;559,97;906,52;0;0;-158,88;97,89
16.08.2025;11:00;34166,58;4538,42;2117,39;4302,07;661,62;9134,39;7431,49;3132,06;84,22;1020,39;333,4;564,39;906,77;0;0;-161,38;101,35
16.08.2025;12:00;33590,25;4520,55;2058,46;4396,86;581,01;8625,25;7511,37;3126,59;84,42;981,88;333,4;547,33;903,38;0;0;-179,45;99,2
16.08.2025;13:00;34793,34;4555,44;2447,32;4467,47;761,17;8997,46;7712,69;3102,01;84,2;952,59;331,2;541,11;904,72;0;0;-163,98;99,94
16.08.2025;14:00;35559,26;4392,03;4087,4;4714,38;661,72;8075,61;8004,56;3014,88;84,3;931,76;324,57;551,5;903,22;0;0;-288,64;101,97
16.08.2025;15:00;37375,11;5502,04;4739,97;4906,03;658,04;7807,21;8236,5;2897,02;83,11;920,31;295,86;551,93;906,14;0;0;-230,96;101,91
16.08.2025;16:00;39991,03;6345,61;5728,72;5129,84;716,78;8298,64;8469,75;2630,24;86,7;925,19;331,2;558,47;909,46;0;0;-241,2;101,63
16.08.2025;17:00;43426,06;8537;6552,81;5086,73;867,77;9367,57;8556,65;1861,44;92,7;941,75;328,98;551,44;914,48;0;0;-337;103,74
16.08.2025;18:00;46798,7;11955,59;7583,5;4984,59;1228,01;9811,19;8652,87;620,95;93,59;964,61;331,2;564,94;913,53;0;0;-1003,83;97,96
16.08.2025;19:00;48960,89;12729,97;9292,91;5090,49;1436,62;9810,6;8560,78;36,36;93,58;994,5;331,2;562,78;918,53;0;0;-997,62;100,19
16.08.2025;20:00;49805,71;12590,48;10354,66;5112,3;1500,23;9801,39;8461,21;0,03;93,4;1028,38;333,4;555,75;901,28;0;0;-1026,87;100,07
16.08.2025;21:00;48644,88;12580,4;9376,61;5063,8;1381,46;9815,64;8377,8;0,01;94,29;1054,27;333,4;559,8;911,36;0;0;-1003,54;99,58
16.08.2025;22:00;47115,59;12592,9;8235,99;5049,09;1312,72;9760,07;8063,22;0,01;93,29;1076,97;326,78;565,49;921,81;0;0;-980,83;98,08
16.08.2025;23:00;45105,03;12313,8;7321,63;5149,19;1127,58;9757,69;7333,64;0,01;95,21;1096,39;333,4;545,8;920,18;0;0;-990,07;100,58
17.08.2025;00:00;43172;12759,49;5621,27;5145,77;980,34;9752,42;6777,7;0,01;94,96;1110,62;298,08;572,22;922,14;0;0;-964,41;101,39
17.08.2025;01:00;41472,05;12696,95;4475,9;5368,34;938,44;9769,91;6207,88;0,01;95,66;1123,93;249,49;554,08;926,73;0;0;-1036,8;101,53
17.08.2025;02:00;39830,9;11934,23;3776,09;5448,78;851,89;9786,83;5988,39;0,01;94,35;1129,42;247,28;566,43;926,12;0;0;-1020,98;102,06
17.08.2025;03:00;38551,78;11521,74;3050,33;5504,92;734,01;9796,6;5885;0,01;93,76;1144,63;240,65;565,39;934,25;0;0;-1023,16;103,65
17.08.2025;04:00;37521,27;10623,51;2906,8;5530,42;754,66;9808,26;5795;0,28;93,46;1158,06;242,86;563,94;933,91;0;0;-986,57;96,68
17.08.2025;05:00;36598,88;10183,46;2607,3;5550,15;825,92;9821,74;5517,6;9,01;93,36;1161,81;247,28;569,63;933,61;0;0;-1012,56;90,57
17.08.2025;06:00;34729,29;9362,37;1622,51;5548,17;802,58;9818,86;5189,43;307,04;86,76;1164,15;242,86;567,23;932,5;0;0;-1006,01;90,84
17.08.2025;07:00;31954,53;6670,02;1537,08;5530,11;618,81;9393,31;4633,92;1501,75;84,06;1158,35;240,65;558,56;920,98;0;0;-982,59;89,52
17.08.2025;08:00;29349,24;4502,58;2552,63;5350,92;587,41;7597,96;4171,41;2551,43;82,06;1128,93;242,86;527,69;917,36;0;0;-956,94;92,94
17.08.2025;09:00;27145,65;3832,83;2439,37;5317,93;549,11;5887,85;3918,21;2925,62;80,25;1088,23;240,65;527,34;916,43;0;0;-673,54;95,37
17.08.2025;10:00;26934,56;3824,03;2342,92;5199,61;553,76;5484,43;3827,36;3080,79;80,84;1054,14;234,83;526,32;901,82;0;0;-270,88;94,59
17.08.2025;11:00;26837,53;3816,31;2441,43;5035,25;568,31;5295,99;3711,73;3237,7;81,15;1012;229,62;546,54;910,09;0;0;-141,44;92,85
17.08.2025;12:00;26991,88;3615,52;2689,71;5005,23;523,6;5416,49;3749,83;3273,08;81,95;990,3;236,45;545,6;915,35;0;0;-147,94;96,71
17.08.2025;13:00;28252,46;3697,03;2898,6;4953,51;638,84;6259,39;3864,15;3260,51;85,13;968,66;236,25;557,31;898,69;0;0;-164,66;99,05
17.08.2025;14:00;29579,45;3920,98;3323,12;5185,19;624,33;6801,24;3970,38;3157,67;85,74;952,75;236,25;461,51;893,36;0;0;-131,43;98,36
17.08.2025;15:00;32061,95;4336,72;4579,77;5289,41;613,76;7699,99;4011,53;3006,31;90,83;947,07;242,86;456,3;887,88;0;0;-197,4;96,92
17.08.2025;16:00;34962,57;5626,23;4901,96;5364,32;603,1;9099,62;4077,79;2695,75;94,13;954,77;236,24;583,88;893,66;0;0;-263,57;94,69
17.08.2025;17:00;38855,22;9171,38;5602,05;5229,24;780,17;9543,8;4233,85;1872,2;91,63;973,74;245,07;597,2;900,82;0;0;-480,74;94,81
17.08.2025;18:00;42793,1;12986,74;6830,89;5244,03;1107,39;9797,5;4299,04;608,01;93,33;995,54;242,86;592,21;907,76;0;0;-1007,8;95,6
17.08.2025;19:00;45326,21;13757,89;9394,2;5225,87;1241,21;9794,46;3944,52;33,15;92,73;1022,95;242,86;588,48;901,61;0;0;-1014,27;100,55
17.08.2025;20:00;46903,39;14050,64;11081,7;5135,45;1476,91;9810,17;3425,14;0,05;93,13;1049,41;245,07;585,9;894,06;0;0;-1042,23;97,99
17.08.2025;21:00;46008;14175,61;10773,87;4970,2;1362,15;9801,34;2988,88;0,01;93,03;1070,05;240,65;595,59;885,14;0;0;-1051,35;102,83
17.08.2025;22:00;43351,55;13353,57;9452,98;5102,32;1175,9;9791,59;2468,62;0,01;93,43;1084,02;245,07;585,68;910,61;0;0;-1015,31;103,06
17.08.2025;23:00;43333,68;15212,73;7738,73;5324,66;1121,12;9791,57;2132,91;0,01;92,04;1087,7;256,12;562,88;900,66;0;0;-992,4;104,95
18.08.2025;00:00;41647,7;15166,68;6479,85;5411,98;951,16;9816,8;1795,28;0,01;92,25;1112,17;295,87;581,35;877,28;0;0;-1029,99;97,01
18.08.2025;01:00;39903,44;14973,38;4967,83;5551,69;931,75;9808,22;1473,59;0,01;92,25;1121,58;328,99;591,7;868,91;0;0;-906,6;100,14
18.08.2025;02:00;38501,67;14463,95;4025,55;5715,94;947,28;9825,37;1311,63;0,01;91,81;1130,5;331,19;588,42;871,18;0;0;-900,99;99,83
18.08.2025;03:00;37493,83;14052,75;3472,85;5766,56;874,94;9822,09;1294,54;0,01;92,11;1125,13;331,2;588,9;861,64;0;0;-889,44;100,55
18.08.2025;04:00;36985,11;13860,61;3202,62;5774,85;796,72;9815,9;1340,21;0,29;91,81;1133;331,2;575,01;861,9;0;0;-898,5;99,49
18.08.2025;05:00;36280,01;13818,18;2681,79;5808,64;722,46;9818,86;1240,29;9,05;93,41;1097,86;333,4;577,8;864,58;0;0;-886,5;100,19
18.08.2025;06:00;35627,04;13518,51;2149,98;5840,1;676,8;9813,62;1189,45;262,49;87,91;1105,42;333,04;580,26;859,87;0;0;-891,53;101,12
18.08.2025;07:00;35603,75;12506,3;2181,98;5930,33;683,14;9710,92;1055,5;1374,33;95,21;1103,11;331,19;584,5;866,24;0;0;-916,61;97,61
18.08.2025;08:00;38878,95;13666,74;3230,61;5799,56;914,75;9725,18;926,06;2461,1;91,43;1077,64;328,98;577,43;864,15;0;0;-888,02;103,34
18.08.2025;09:00;39103,13;13151,06;3510,32;5806,62;957,17;9715,21;932,55;2871,05;94,83;1048,04;326,78;594,76;870,97;0;0;-880,18;103,95
18.08.2025;10:00;38678,87;12892,63;2749,18;5694,74;869,55;9759,1;1023,55;3052,4;95,1;1017,09;331,2;630,47;871,53;0;0;-409,34;101,67
18.08.2025;11:00;38832,07;12722,43;2546,67;5697,61;770,9;9848,04;1187,61;3209,66;96,2;994,46;331,19;639,26;868,57;0;0;-182,77;102,24
18.08.2025;12:00;37619,92;11820,54;2218,76;5535,63;628,14;9822,62;1588,88;3251,3;96;956,61;331,19;612,71;872,23;0;0;-219,98;105,29
18.08.2025;13:00;39510,94;12341,88;2972,58;5544,63;707,02;9831,17;2082,56;3245,17;95,58;925,64;328,99;610,06;865,29;0;0;-142,1;102,47
18.08.2025;14:00;41823,37;12369,6;4796,39;5595,19;833,93;9819,23;2535,84;3165,22;95,39;912,78;331,2;604,94;862,7;0;0;-196,87;97,83
18.08.2025;15:00;43538,19;13080,52;5778,37;5557,4;875,03;9782,36;2916,25;2947,02;96,3;909,99;331,19;603,34;863,86;0;0;-301,34;97,9
18.08.2025;16:00;46192,48;14687,27;6951,33;5519,27;955,07;9755,32;3199,36;2642,06;94,59;910,04;335,6;598,76;878,84;0;0;-438,03;103
18.08.2025;17:00;48832,48;15151,53;9999,07;5593,56;1184,37;9752,71;3348,65;1861,61;95,29;906,81;326,78;591,99;891,61;0;0;-973,25;101,75
18.08.2025;18:00;50331,75;15478,94;12235,98;5607,36;1387,24;9801,02;3280,89;589,34;95,39;940,13;335,6;591,42;880,76;0;0;-996,43;104,11
18.08.2025;19:00;51504,82;15730,95;13594,69;5653,97;1447,59;9815,13;3272,95;36,06;95,89;962,39;333,4;580,17;857,24;0;0;-980,88;105,27
18.08.2025;20:00;52415,97;15910,23;14169,35;5728,2;1565,61;9802,99;3278,49;0,12;94,83;984,52;335,6;569,9;847,43;0;0;-974,43;103,13
18.08.2025;21:00;50873,81;15799,65;12678,93;5755,2;1470,12;9795,85;3380,78;0,01;95,49;1005,91;335,6;578,63;836,02;0;0;-960,05;101,67
18.08.2025;22:00;49136,27;15873,82;10848,22;5793,5;1335,5;9789,92;3423,58;0,01;95,59;1027,83;331,19;579,41;869,09;0;0;-933,24;101,85
18.08.2025;23:00;46940;15744,71;8921,61;5870,89;1261,61;9767,59;3334,15;0,01;94,74;1015,93;331,2;564,26;865,56;0;0;-932,12;99,86
19.08.2025;00:00;44737,05;15537,53;6621,95;5853,23;1138,63;9819,86;3692,41;0,01;93,84;1041,06;331,2;579,78;866,56;0;0;-938,71;99,7
19.08.2025;01:00;42936,17;14639,54;5253,08;5917,35;1112,29;9845,12;4085,43;0,01;93,74;1062,76;326,77;572,03;852,37;0;0;-923,31;98,99
19.08.2025;02:00;41403,44;13646,29;4271,99;5978,84;948,94;9794,22;4655,83;0,01;94,04;1074,78;335,6;574,88;859,21;0;0;-931,13;99,94
19.08.2025;03:00;40223,84;12943,57;3316,09;6019,76;780,44;9742,8;5268,13;0,01;93,64;1090,78;333,39;565,49;873,27;0;0;-903,46;99,93
19.08.2025;04:00;39466,02;11882,14;2999,47;5993,01;760,27;9732,65;5918,89;0,2;92,84;1097,44;335,6;557,55;891,55;0;0;-890,96;95,37
19.08.2025;05:00;38751,97;11298,31;2699,92;5968,9;674,59;9727,05;6209,16;7,48;93,74;1104,56;333,4;558,17;886,01;0;0;-900,43;91,11
19.08.2025;06:00;37370,59;10671,89;1868,86;5977,2;625,07;9734,86;6085,89;243,29;90,24;1110,18;333,4;591,06;857,74;0;0;-911,93;92,84
19.08.2025;07:00;37142,53;10147,65;1770,45;5977,97;609,14;9508,1;5656,63;1242;90,14;1103,74;337,8;613,06;874,66;0;0;-879,75;90,94
19.08.2025;08:00;39724,5;11146,57;2339,76;5975,5;865,83;9726,83;5223,96;2247,38;94,04;1074,97;333,4;599,77;892,61;0;0;-888,27;92,15
19.08.2025;09:00;39710,47;11092,84;2401,73;5977,08;792,03;9718,94;4796,76;2794,77;94,2;988,6;328,98;617,48;887,7;0;0;-873,85;93,21
19.08.2025;10:00;38680,1;9729,56;2704,09;5940,05;724,59;9796,14;4560,92;3009,23;93,88;984,18;306,89;607,22;900,05;0;0;-764,63;87,93
19.08.2025;11:00;38827,43;9712,93;2403,73;5891,33;649,48;9837,54;4585,32;3191,88;94,08;961,26;269,87;624,21;906,62;0;0;-385,15;84,33
19.08.2025;12:00;37348,37;8934,43;1708,28;5865,57;566,06;9666,76;4695,53;3236,63;94,59;932,22;223;611,99;897,27;0;0;-176,25;92,29
19.08.2025;13:00;39214,21;9856,2;2337,53;5907,87;633,89;9718,67;4824,85;3225,9;93,99;915,43;223;615,14;912,51;0;0;-146,63;95,86
19.08.2025;14:00;41568,11;9707,46;4410,22;5940,47;678;9849,84;5220,78;3117,29;93,38;897,77;220,8;611,08;900,93;0;0;-172,36;92,45
19.08.2025;15:00;43215,89;10699,63;4925,44;5889,54;756,02;9832,03;5602,51;2889,64;94,68;886,35;245,08;614,1;910,64;0;0;-226,75;96,98
19.08.2025;16:00;46143,85;12911,16;5648,28;5861,52;790,12;9823,67;6194,84;2491,1;92,69;878,56;280,41;615,32;929,52;0;0;-472,25;98,91
19.08.2025;17:00;48872,3;14569,52;7278,64;5775,61;1023,16;9799,12;6741,64;1658,79;94,38;882,63;314,69;606,38;919,91;0;0;-890,19;98,02
19.08.2025;18:00;50194,61;14831,55;8896,03;5602,18;1279,31;9826,24;7299,44;492,48;93,57;891,27;324,57;621,85;939,03;0;0;-1002,27;99,36
19.08.2025;19:00;51477,54;15324;9612,85;5470,61;1377,52;9797,03;7872,19;30,55;92,37;910,34;333,4;618,99;918,27;0;0;-979,86;99,28
19.08.2025;20:00;52540,43;15585,9;9940,93;5580,74;1428,03;9817,07;8194,91;0,06;93,48;922,02;333,39;610,1;923,96;0;0;-984,52;94,36
19.08.2025;21:00;51062,64;15031,72;9370,71;5561,44;1303,93;9823,69;7902,78;0,01;94,58;955,4;331,19;611,91;936,63;0;0;-952,67;91,32
19.08.2025;22:00;49378,2;14556,83;8541,42;5582,04;1221,49;9820,38;7582,48;0,01;93,89;981,57;333,39;563,7;931,19;0;0;-929,27;99,08
19.08.2025;23:00;47263,61;14177,59;7698,95;5416,45;1075,51;9836,69;7038,89;0,01;92,89;1007,81;331,2;565,57;878,99;0;0;-952,45;95,51
20.08.2025;00:00;45122,13;13536,37;6479,27;5412,41;1038,54;9813,28;6688,95;0,01;93,41;1029,25;331,19;570,18;928,22;0;0;-897,45;98,5
20.08.2025;01:00;43179,99;13129,38;5463,31;5320,07;950,06;9833,31;6327,76;0,01;94,12;1041,09;326,77;550;928,28;0;0;-883,6;99,43
20.08.2025;02:00;41747,01;13015,94;4398,42;5288,42;833,63;9805,42;6213,38;0,01;93,12;1051,23;337,8;568,43;933,69;0;0;-889,87;97,39
20.08.2025;03:00;40527,37;12600,22;3724,55;5296,31;717,07;9799,99;6226,34;0,01;93,52;1061,79;335,6;569,36;927,11;0;0;-911,49;86,99
20.08.2025;04:00;39378,31;11915,91;3325,08;5296,8;672,73;9807,98;6167,04;0,22;92,83;1074,2;333,4;556,25;930,29;0;0;-867,54;73,12
20.08.2025;05:00;39123,95;12086,36;2896,92;5311,52;647,5;9831,37;6179,26;8,88;93,33;1081,02;331,19;557,48;923,99;0;0;-898,1;73,23
20.08.2025;06:00;37900,8;11637,63;1967,75;5302,2;638,78;9815,06;6118,11;244,18;96,23;1088,71;335,6;547,74;927,42;0;0;-893,4;74,79
20.08.2025;07:00;37872,88;10972,75;1967,17;5317,19;608,87;9815,08;5737,94;1277,65;97,03;1069,06;331,2;579,08;924,14;0;0;-898,18;73,9
20.08.2025;08:00;40262,65;11560,3;2923,55;5273,96;740,38;9830,96;5430,43;2328,17;91,93;1043,49;335,6;560,38;922,7;0;0;-854,05;74,85
20.08.2025;09:00;39886,31;11022,01;3176,99;5148,67;748,3;9795,32;5061,36;2823,88;96,16;1015,78;284,16;566,88;931,78;0;0;-862,45;77,47
20.08.2025;10:00;39321,48;10468,88;2814,04;5103,2;705,86;9826,03;4571,7;3115,55;96,24;985,81;331,2;574,05;935,33;0;0;-283,39;76,98
20.08.2025;11:00;39059,82;10481,59;2789,8;5080,9;701,3;9831,99;4180,72;3201,14;95,34;960,18;331,2;577,89;934,68;0;0;-179,86;72,95
20.08.2025;12:00;37442,33;9702,06;2198,27;5137,3;600,01;9843,06;3924,43;3226,23;95,44;943,7;333,4;573,86;931,77;0;0;-140,35;73,15
20.08.2025;13:00;39220,39;10881,15;2786,03;5081,75;642,14;9828,24;3963,05;3208,67;94,44;926,99;335,6;571,71;929,72;0;0;-100,88;71,78
20.08.2025;14:00;41596,11;11693,26;4231,23;5085,73;728,2;9805,96;4224,69;3090,61;93,6;911,51;328,99;561,42;927,57;0;0;-161,71;75,05
20.08.2025;15:00;43425,51;12923,54;4863,33;5081,89;768,18;9796,8;4455,37;2877,69;93,12;891,41;335,6;555,56;929,55;0;0;-220,64;74,11
20.08.2025;16:00;45808,78;14280,34;6295,4;4962,66;807,37;9798,7;4727,9;2504,53;92,82;901,04;328,98;565,98;924,17;0;0;-455,1;73,99
20.08.2025;17:00;48428,83;15363,15;8558,89;4892,12;998,39;9812,77;5146,09;1648,58;92,61;927,3;328,99;564,15;911,47;0;0;-889,08;73,4
20.08.2025;18:00;49725,64;15526,8;10417,12;4831,77;1297,18;9812,07;5370,95;496,62;93,71;941,55;331,2;574,65;910,5;0;0;-953,44;74,96
20.08.2025;19:00;51348,83;15835,28;12002,27;4878,35;1478,96;9816,52;5278,99;29,55;93,32;965,91;335,6;574,07;916,33;0;0;-933,16;76,84
20.08.2025;20:00;52166,37;15948,23;12716,27;4880,01;1647,28;9826,68;5094,91;0,03;93,72;992,25;335,6;564,9;927,11;0;0;-937,45;76,83
20.08.2025;21:00;50877,61;15643,09;12316,41;4797,58;1429,1;9805,5;4783,83;0,01;93,41;1010,6;328,98;566,21;931,54;0;0;-925,06;96,41
20.08.2025;22:00;49331,81;15207,46;11276,9;4814,53;1374,57;9807,11;4691,34;0,01;93,91;1032,96;333,4;574,38;928,15;0;0;-910,75;107,84
20.08.2025;23:00;45789,12;15049,82;9770,08;4777,16;1228,26;8482,13;4392,04;0,01;93,12;1060,96;331,2;532,53;902,42;0;0;-935,87;105,26
21.08.2025;00:00;44782,87;15232,64;7436,19;4799,52;1063,92;9841,1;4245,02;0,01;93,22;1081,97;328,99;575,37;896,63;0;0;-920,09;108,38
21.08.2025;01:00;42897,65;15272,63;5675,46;4778,37;1047,19;9825,55;4090,17;0,01;93,53;1103,41;326,77;572,28;898,61;0;0;-898,34;112,01
21.08.2025;02:00;41196,29;14949,89;4531,43;4774,52;992,37;9824,93;3870,1;0,01;93,84;1118,96;333,4;557,48;914,12;0;0;-876,74;111,98
21.08.2025;03:00;39929,6;14955,48;3767,9;4580,44;897,96;9818,14;3643,85;0,01;93,64;1132,17;333,4;569,53;918,97;0;0;-890,7;108,81
21.08.2025;04:00;39455,15;14720,19;3516,3;4562,14;751,83;9823,31;3784,51;0,25;93,06;1146,4;333,4;574,65;917,96;0;0;-878,85;110
21.08.2025;05:00;38905,18;14453,44;3315,11;4339,66;762,91;9843,44;3903,87;9,26;93,41;1160,79;333,4;574,78;908,98;0;0;-904,58;110,71
21.08.2025;06:00;37741,15;13692,48;2395,76;4555,71;769,94;9830,28;3954,84;244,52;90,32;1165,78;331,2;573,41;913,92;0;0;-882,46;105,45
21.08.2025;07:00;37310,01;12723,66;2123,99;4559,05;663,57;9836,5;3803,77;1324,18;94,31;1162,97;333,39;572,51;913,23;0;0;-904,3;103,18
21.08.2025;08:00;39201,31;12866,18;2875,41;4603,86;794,71;9844,59;3505,77;2469,49;89,6;1135,28;331,2;566,07;893,36;0;0;-877,67;103,46
21.08.2025;09:00;39109,76;12666,75;2826,42;4683,13;766,06;9853,13;3118,93;2941,63;91,1;1096,37;328,98;609,3;863,27;0;0;-836,77;101,46
21.08.2025;10:00;38283,54;11745,8;2603,03;4741,72;603,11;9846,57;3017,63;3181,41;94,58;1054,98;335,6;595,27;860,1;0;0;-497,56;101,3
21.08.2025;11:00;38206;10889,75;2727,7;4723,51;560,92;9858,81;3306,24;3306,58;92,28;1024,76;333,4;600,93;863,74;0;0;-178,79;96,17
21.08.2025;12:00;36730,87;10872,14;2267,9;4710,51;506,39;8984,76;3234,27;3338,88;93,68;996,2;331,2;590,28;870,05;0;0;-169,32;103,93
21.08.2025;13:00;38429,66;11585,96;2478,15;4726,63;513,66;9793,73;3213,07;3317,5;92,69;971,68;331,2;590,59;872,93;0;0;-162,13;104
21.08.2025;14:00;40757,57;11540,48;4726,67;4688,8;616,19;9857,82;3367,26;3204,07;92,59;953,26;328,98;595,1;864,14;0;0;-182,79;105
21.08.2025;15:00;42740,55;13024,77;5280,69;4739,13;661,33;9843,61;3492,2;3024,88;92,49;939,42;331,2;625,38;870,7;0;0;-288,9;103,65
21.08.2025;16:00;45489,7;15111,54;6397,88;4769,14;863,14;9840,91;3652,77;2685,44;92,9;940,61;335,6;581,24;880,71;0;0;-767,8;105,62
21.08.2025;17:00;48428,49;15918,98;9360,9;4761,64;1135,79;9816,88;3640,92;1806,99;92,1;941,38;324,57;576;871,78;0;0;-925,27;105,83
21.08.2025;18:00;50108,08;16209,3;11813,25;4840,17;1361,29;9791,62;3575,41;546,63;93,9;954,72;333,4;577,09;870,07;0;0;-964,65;105,88
21.08.2025;19:00;51578,22;16320,85;13575,51;4863,04;1471,82;9802,51;3520,81;28,25;94,39;979,76;333,4;570,29;876,25;0;0;-963,91;105,25
21.08.2025;20:00;52472,68;16421,86;14119,3;4875,3;1623;9821,89;3552,65;0,03;93,57;1023,33;333,4;568,18;891,84;0;0;-959;107,33
21.08.2025;21:00;51042,04;16140,96;13299,82;4905,29;1449,76;9782,92;3372,48;0,01;94,26;1052,95;331,2;571,94;890,68;0;0;-957,47;107,24
21.08.2025;22:00;49221,31;16295,66;11784,26;4999,83;1398,17;9647,13;2937,61;0,01;93,76;1077,2;335,6;568,13;901,69;0;0;-921,35;103,61
21.08.2025;23:00;46842,22;16315,65;10524,84;4632,02;1262,37;9506,11;2423,82;0,01;92,98;1099,73;331,19;578,68;893,01;0;0;-922,91;104,72
22.08.2025;00:00;44842,52;16636,75;8459,69;4916,46;1245,3;9517,63;1891,1;0,01;92,86;1118,65;331,2;565,61;885,18;0;0;-922,25;104,33
22.08.2025;01:00;42902,98;16856,02;6672,25;4862,99;1198,41;9529,2;1624,55;0,01;92,78;1134,12;326,77;530,04;892,43;0;0;-918,61;102,02
22.08.2025;02:00;41172,18;16888,39;5033,85;4845,46;1044,33;9625,42;1513,26;0,01;93,18;1154,33;328,99;558,33;895,87;0;0;-909,05;99,81
22.08.2025;03:00;39928,43;16817,01;3876,58;4851,05;866,84;9766,44;1444,7;0,01;94,28;1170,49;335,6;575,35;907,74;0;0;-878,2;100,54
22.08.2025;04:00;39176,55;16586,61;3414,33;4969,08;754,56;9768,12;1370,64;0,19;94,37;1190,57;335,6;567,16;911,6;0;0;-891,9;105,62
22.08.2025;05:00;38778,3;16724,44;2826;5016,28;724,1;9767,31;1389,58;7,6;94,48;1194,11;335,6;575,45;910,13;0;0;-893,01;106,23
22.08.2025;06:00;37603,22;16002,55;1874,69;5199,57;716,58;9775,2;1465,72;271,23;93,08;1202,42;331,2;587,58;898,61;0;0;-920,87;105,66
22.08.2025;07:00;37140,17;14167,96;1780,78;5249,86;768,76;9780,85;1573,28;1474,07;94,07;1182,35;337,8;614,41;912,65;0;0;-902,54;105,87
22.08.2025;08:00;39107,11;14263,7;2509,63;5285,14;905,11;9839,83;1347,89;2585,5;93,47;1152,84;331,2;596,81;913,27;0;0;-826,65;109,37
22.08.2025;09:00;39040,59;13479,92;2479,1;5314,41;904,06;10039,33;1253,27;2980,81;93,96;1106,61;328,98;612,07;925,52;0;0;-585,56;108,11
22.08.2025;10:00;38335,09;12535,07;2113,93;5417,16;741,25;10084,23;1316,19;3209,88;93,75;1051,99;331,2;617,45;922,56;0;0;-207,85;108,28
22.08.2025;11:00;38429,44;12869,82;1715,77;5236,73;717,37;10099,5;1508,01;3318,17;94,74;1011,04;331,19;612,16;914,54;0;0;-109,26;109,66
22.08.2025;12:00;36695,46;11370,86;1554,62;5173,2;644,37;9997,06;1653,22;3369,4;92,05;989,67;328,99;610,29;911,53;0;0;-108,87;109,07
22.08.2025;13:00;37235,7;11628,16;2011,32;5095,72;710,5;9728,03;1802,98;3347,95;93,64;940,89;328,99;601,64;908,64;0;0;-72,51;109,75
22.08.2025;14:00;41063,84;13201,79;3681,92;5127,91;773,11;10116,6;2111,3;3241,07;92,51;915,51;328,99;568,6;903,76;0;0;-109,23;110
22.08.2025;15:00;42832,12;13303,8;5097,73;5052,54;873,04;10095,97;2557,11;3069,94;90,59;908,64;333,4;571,39;910,89;0;0;-142,88;109,96
22.08.2025;16:00;45851,36;14419,66;6913,93;4784,09;1037,35;10093,01;3096,1;2736,49;93,79;919,39;326,78;580,16;944,31;0;0;-203,69;109,99
22.08.2025;17:00;48955,17;15401,83;9561,72;4718,02;1222,53;10084,73;3409,8;1853,29;88,3;932,34;326,78;564,7;954,76;0;0;-273,56;109,93
22.08.2025;18:00;50644,13;16321,97;11920,05;4813,01;1486,07;10076,72;3369,42;555,04;92,89;963,7;333,4;570,85;954,23;0;0;-921,54;108,32
22.08.2025;19:00;52059,18;16415,32;13856,93;4818,8;1580,09;10082,99;3222,83;20,57;94,07;998,24;331,2;564,56;944,56;0;0;-977,51;106,53
22.08.2025;20:00;52553,09;16464,16;14045,98;4907,02;1554,91;10075,88;3369,83;0,02;94,88;1027,58;331,19;569,56;959,34;0;0;-955;107,74
22.08.2025;21:00;51115,62;16411,13;12393,51;5098,51;1369,88;10074,83;3560;0,01;94,48;1057,92;337,8;580,6;970,26;0;0;-942,93;109,62
22.08.2025;22:00;49105,55;16569,17;10456,44;5080,53;1314,86;10067,32;3370,01;0,01;94,29;1069,96;335,6;568,55;976,09;0;0;-908,22;110,94
22.08.2025;23:00;45847,18;15673,66;9043,96;4357,99;1236,11;10085,29;3220,3;0,01;93,68;1089,86;333,4;564,35;970,84;0;0;-930,62;108,35
23.08.2025;00:00;44777,88;16446,94;7026,36;5021,37;1036,36;10091,29;2907,8;0,01;94,18;1116,81;331,19;557,86;955,51;0;0;-914,54;106,74
23.08.2025;01:00;42716,7;16721,74;5399,46;4775,36;994,2;10074,16;2510,82;0,01;93,99;1143,35;328,99;569,88;958,74;0;0;-960,14;106,14
23.08.2025;02:00;41173,35;16538,52;4198,17;4703,15;1055,79;10090,59;2332,5;0,01;93,29;1149,67;335,6;583,28;958,66;0;0;-971,31;105,43
23.08.2025;03:00;39815,07;16212,65;3247,05;4716,44;858,96;10081,49;2443,11;0,01;94,04;1163,25;331,2;583,06;945,75;0;0;-969,02;107,08
23.08.2025;04:00;38840,34;15685,36;3028,66;4679,67;781,1;10098,21;2343,28;0,17;94,93;1166,39;335,6;575,71;932,95;0;0;-988,09;106,4
23.08.2025;05:00;38414,15;15840,99;2721,09;4699,71;678,87;10109,67;2115,8;9,83;93,52;1179,65;337,8;572,36;930,85;0;0;-984,32;108,33
23.08.2025;06:00;36702,39;14848,51;1749,44;4681,16;696,88;10102,3;2135,69;255,43;89,11;1184,67;333,4;587,45;925,39;0;0;-995,87;108,83
23.08.2025;07:00;35383,84;12351,71;1736,84;4533,67;704,24;10098,52;2256,11;1393,04;92,5;1180,79;335,6;575,6;951,72;0;0;-931,07;104,57
23.08.2025;08:00;35696,45;11479,95;2083,62;4443,25;778,66;10109,25;2002,15;2490,27;93,81;1150,1;333,4;572,87;950,27;0;0;-894,28;103,13
23.08.2025;09:00;35638,56;10768,04;2012,19;4313,92;801,7;10101,49;1776,53;2937,67;93,01;1103,44;326,77;584,5;942,68;0;0;-226,9;103,52
23.08.2025;10:00;35234,1;9681,21;2068,43;4369,35;817,1;10090,32;2011,93;3185,03;92,56;1058,21;333,4;585,8;953,36;0;0;-118,73;106,13
23.08.2025;11:00;35119,17;9449,89;2093,52;4241,34;775,15;10125,9;2233,54;3265,54;94,86;1018,23;337,8;583,91;950,37;0;0;-157,07;106,19
23.08.2025;12:00;34352,55;8730;1836,8;4253,18;709,53;10134,07;2456,21;3349,55;93,45;977,78;333,4;576,92;952,72;0;0;-159,36;108,3
23.08.2025;13:00;35630,82;9227,13;2436,95;4293,42;723,41;10126,45;2660,13;3306,18;91,06;954,66;335,6;575,77;932,2;0;0;-140,57;108,43
23.08.2025;14:00;37122,13;9203,72;3856,55;4293,32;723,5;10130,16;2898,77;3213,05;85,07;942,23;331,19;574,22;933,09;0;0;-170,66;107,92
23.08.2025;15:00;38896,88;10004,25;4369,67;4502,41;750,78;10111,73;3392,69;3015,86;91,5;942,04;333,4;574,12;936,71;0;0;-238,64;110,36
23.08.2025;16:00;41321,23;11652,72;4826,79;4527,47;917,26;10096,23;3856,04;2664,34;92,9;947,31;331,19;577,41;945,17;0;0;-223,34;109,74
23.08.2025;17:00;44751,89;13851,53;6455,47;4518,08;982,7;10080,34;4399,66;1725,19;92,59;961,1;326,77;589,04;941,94;0;0;-282,85;110,33
23.08.2025;18:00;47887,21;16067,52;8910,72;4527,45;1249,56;10060,09;4538,24;479,33;93,29;981,74;331,2;567,15;948,61;0;0;-978,92;111,23
23.08.2025;19:00;49655,96;16269,69;10840,97;4526,12;1378,54;10055,49;4515,51;20,2;94,69;1010,01;335,6;570,7;946,88;0;0;-1019,74;111,3
23.08.2025;20:00;50348,13;16148,04;11575,16;4441,62;1458,67;10047,5;4645,11;0,03;95,4;1034,2;331,19;574,15;941,03;0;0;-1056,97;113
23.08.2025;21:00;48982,97;16158,89;10205,88;4499,65;1409,26;10039,3;4591,81;0,01;94,1;1052,1;331,19;561,56;950,48;0;0;-1021,32;110,06
23.08.2025;22:00;47302,39;16184,13;8686,34;4654,18;1337,12;10049,24;4283,6;0,01;93,6;1069,26;331,2;562,32;955,84;0;0;-1012,84;108,39
23.08.2025;23:00;45204,69;16030,93;7317,52;4483,81;1152,01;10039,11;4078,14;0,01;94,1;1088,09;335,6;556,57;941,03;0;0;-1020,82;108,59
24.08.2025;00:00;43222,63;15870,29;5729,81;4610,82;1033,59;10082,3;3792,07;0,01;94,31;1077,11;293,66;565,26;966,13;0;0;-1001,33;108,6
24.08.2025;01:00;41405,88;15428,49;4491,92;4604,79;1022,29;10102,18;3726,7;0,01;93,11;1113,54;251,7;566,21;971,89;0;0;-1074,72;107,77
24.08.2025;02:00;39501,28;14737,65;3362,98;4342,09;947,95;10022,53;4034,23;0,01;93,02;1124,92;245,07;575,63;975,1;0;0;-1066,12;106,22
24.08.2025;03:00;38428,23;14240,42;2496,9;4357,64;808,88;10002,93;4478,22;0,01;93,32;1137,29;240,65;579,94;960,8;0;0;-1072,15;103,38
24.08.2025;04:00;37339;13032,85;2408,44;4366,78;688,73;10001,85;4752,1;0,17;93,42;1143,41;247,28;579,31;976,05;0;0;-1058,57;107,18
24.08.2025;05:00;36451,1;12047,17;2269,1;4422,54;629,13;10006,23;4986,92;8,56;93,32;1148,01;242,86;580,17;975,06;0;0;-1066,35;108,38
24.08.2025;06:00;34188,36;10081,25;1883,45;4260,92;602,72;9987,61;5060,87;236,22;90,32;1156,01;245,07;569,29;970,78;0;0;-1063,52;107,37
24.08.2025;07:00;31917,78;6997,45;1676,24;4266,45;614,64;9937,37;4932,36;1327,76;86,39;1152,39;240,65;578,49;980,91;0;0;-978,58;105,26
24.08.2025;08:00;29751,55;4761,31;2338,88;4009,34;508,43;8716,24;4784,96;2458,37;80,69;1117,62;245,07;532,31;948,51;0;0;-853,97;103,79
24.08.2025;09:00;28038,87;4003,52;2619,16;3720,24;546,73;6873,36;4782,97;2843,81;83,99;1094,24;238,45;536,29;943,91;0;0;-355,48;107,68
24.08.2025;10:00;27424,54;3746,12;2490,16;3687,24;609,22;5880,29;5007,1;3098,85;83,88;1038,67;245,07;538,53;966,47;0;0;-70,5;103,44
24.08.2025;11:00;27390,93;3673,94;2632,76;3630,1;487,85;5716,49;5176,94;3255,27;84,37;1002,28;245,07;537,11;970,49;0;0;-128,29;106,55
24.08.2025;12:00;27548,47;3730,57;2529,45;3584,23;451,69;5879,28;5254,47;3284,15;84,45;976,88;245,07;539,14;971,34;0;0;-90,89;108,64
24.08.2025;13:00;28906,58;3961,56;2802,21;3537,71;484,33;6736,73;5351,69;3236,26;85,1;959,49;245,07;539,78;973,63;0;0;-115,16;108,18
24.08.2025;14:00;30275,42;4110,98;3171,66;3468,31;524,08;7314,87;5759,47;3158,45;85,2;966,74;242,86;532,77;973,47;0;0;-136,19;102,75
24.08.2025;15:00;32161,14;4402,92;3783,94;3408,76;473;8138,36;6255,04;2938;84,9;955,64;242,86;533,84;974,48;0;0;-132,56;101,96
24.08.2025;16:00;35247,18;5154,53;4483,42;3553,67;641,59;9088,04;6970,66;2642,24;89,38;952,17;240,65;566,8;953,96;0;0;-194,52;104,59
24.08.2025;17:00;39179,9;8613,51;4823,41;3546,24;681,09;9736,16;7451,81;1663,03;93,88;958,22;240,65;571,24;947,65;0;0;-249,17;102,18
24.08.2025;18:00;42771,68;12337,33;5651,37;3596,9;1012,52;10094,54;7677,21;454,1;94,08;972,7;245,07;568;977,07;0;0;-1015,99;106,78
24.08.2025;19:00;45151,99;13160,34;7575,76;3710,98;1148,69;10093,71;7573,78;17,75;93,47;995,95;245,07;581,13;969,73;0;0;-1121,42;107,05
24.08.2025;20:00;46123,8;12775,24;8478,93;3822,6;1187,57;10078,08;7890,77;0,01;93,17;1025,73;242,86;587,46;978,91;0;0;-1138,01;100,48
24.08.2025;21:00;44847,37;12658,92;6950,45;3880,32;1116,02;10069,15;8248,04;0,01;92,78;1044,87;240,65;573,91;982,9;0;0;-1119,3;108,65
24.08.2025;22:00;43792,87;12368,1;6062,85;3877,71;994,6;10063,05;8425,54;0,01;93,38;1075,37;242,86;575,65;979,64;0;0;-1078,44;112,55
24.08.2025;23:00;42452,63;11780,68;5378;4110;797,01;10084,34;8252,15;0,01;92,6;1100,17;256,12;584,05;974,32;0;0;-1068,37;111,55
25.08.2025;00:00;40879,7;10300,12;4851,79;4342,51;920,31;10105,44;8274,58;0,01;92,9;1103,7;298,07;576,74;976,5;0;0;-1069,76;106,79
25.08.2025;01:00;39113,77;9336,79;3418,4;4438,6;920,38;10116,71;8591,85;0,01;93,01;1122,49;322,36;572,92;980,17;0;0;-904,77;104,85
25.08.2025;02:00;37845,43;8606,12;2752,1;4644,19;850,83;10132,34;8546,57;0,01;92,61;1132,98;335,6;566,11;971,77;0;0;-889,67;103,87
25.08.2025;03:00;36822,4;7313,38;2609,2;4947,07;831,65;10113,65;8691,79;0,01;93,31;1149,16;333,4;581,49;959,06;0;0;-905,41;104,64
25.08.2025;04:00;36017,47;6961,41;2138,56;5024,77;695,08;10122,93;8744,62;0,19;92,51;1153,22;337,8;579,28;954,54;0;0;-895,67;108,23
25.08.2025;05:00;35694,74;6914,7;2157,9;5053,47;611,38;10124,85;8526,7;7,92;93,32;1156,57;331,2;560,87;940,47;0;0;-883,65;99,04
25.08.2025;06:00;34801,8;6765,86;1629,71;5027,43;600,41;10022,78;8223,44;214,06;88,62;1156,74;331,2;569,21;932,97;0;0;-869,24;108,61
25.08.2025;07:00;35080,34;6636,45;1526,26;4873,7;637,8;10043,29;7798,01;1248,69;89,37;1138,93;333,4;579,27;962,33;0;0;-895,27;108,11
25.08.2025;08:00;38210,63;7844,5;2769,78;4760,71;788,6;10041,41;7250,76;2437,99;84,8;1124,93;337,8;563,48;959,08;0;0;-862,57;109,36
25.08.2025;09:00;38268,75;7790,2;2544,82;4618,7;883,16;10022,59;7199,96;2920,18;86,2;1096,13;326,77;570,5;950,72;0;0;-850,34;109,16
25.08.2025;10:00;37563,57;7246,44;2171,44;4592,23;810,18;10054,63;7035,64;3127,38;88,1;1060,73;328,99;572;946,85;0;0;-581,97;110,93
25.08.2025;11:00;37298,02;7030,43;1963,04;4389,45;704,38;10060,45;7086,08;3212,27;91,7;1039,27;331,19;564,17;929,76;0;0;-217,08;112,91
25.08.2025;12:00;35968,59;6448,54;1581,44;4442,59;626;9516,2;7269,66;3234,8;92,5;1011,02;333,4;552,39;930,43;0;0;-184,28;113,9
25.08.2025;13:00;37495,83;6920,92;1731,62;4439,78;676,46;10003,99;7716,34;3158,41;91;988,25;331,19;544,56;922,44;0;0;-133,87;104,74
25.08.2025;14:00;39842,73;7867,02;2819,75;4511,2;768,96;10041,26;7982,7;3056,82;93,8;971,56;333,4;550,42;921,05;0;0;-181,76;106,55
25.08.2025;15:00;41628,32;8943,67;3387,31;4410,89;886,84;10105,12;8281,28;2831,19;93,7;957,79;333,4;557,06;955,83;0;0;-224,81;109,05
25.08.2025;16:00;44631,23;11028,76;4160,04;4603,12;1059,99;10094,8;8503,98;2458,14;96;952,88;333,4;562,75;957,27;0;0;-290,13;110,23
25.08.2025;17:00;47522,46;13307,44;5845,75;4607,63;1066,46;10096,16;8855,34;1598,21;94,1;951,93;322,36;576,24;970,36;0;0;-876,69;107,17
25.08.2025;18:00;48975,64;14085,04;7332,37;4667,26;1288,25;10109,73;8991,51;424,23;93,19;958,44;335,6;565,55;978,38;0;0;-963,77;109,86
25.08.2025;19:00;50363,53;14509,87;8737,97;4596,43;1448,24;10091,61;8866,78;18,7;93,9;982,04;328,99;564,17;967,11;0;0;-949,46;107,18
25.08.2025;20:00;50773,99;14785,99;8838,93;4608,21;1547,46;10115,17;8825,63;0,02;94,79;1015,04;331,19;553,15;928;0;0;-977,81;108,22
25.08.2025;21:00;49429,72;14517,59;8041,77;4700,79;1489,72;10108,82;8474,08;0,01;94,59;1024,78;333,4;550,27;945,85;0;0;-962,67;110,72
25.08.2025;22:00;47702,03;14261,36;7323,01;4440,5;1334,68;10095,36;8076,15;0,01;94,2;1061,14;331,2;551,57;961,95;0;0;-945,24;116,14
25.08.2025;23:00;45889,48;12976,13;6992,99;4448,03;1219,04;10110,36;7922,23;0,01;93,91;1088,86;333,4;560,34;976,32;0;0;-944,37;112,23
26.08.2025;00:00;43846,53;12739,07;5355,47;4476,87;1122,11;10118,09;7813,17;0,01;94,31;1099,78;328,99;547,8;974,05;0;0;-936,37;113,18
26.08.2025;01:00;42011,72;12225,35;3899,21;4693,12;1015,66;10126,11;7766,48;0,01;93,71;1110,32;326,78;566,82;978,44;0;0;-900,6;110,31
26.08.2025;02:00;40435,47;11590,44;3079,98;4812,41;952,82;10112,11;7583,69;0,01;94,31;1128,39;328,98;570,62;962,09;0;0;-890,05;109,67
26.08.2025;03:00;39330,16;11072,63;2455,55;4870,99;940,16;10113,23;7549,39;0,01;93,41;1134,68;337,8;557,66;979,99;0;0;-888,42;113,08
26.08.2025;04:00;38376,21;10531,63;2015,12;4946,04;843,39;10114,03;7589,19;0,09;93,91;1141,47;333,4;567,18;977,23;0;0;-889,06;112,59
26.08.2025;05:00;38008,92;10160,81;2000,44;5088,16;765,6;10114,61;7544,2;8,07;94,32;1139,38;335,6;578,55;973,58;0;0;-903,15;108,75
26.08.2025;06:00;36654,83;9503,29;1283,29;5059,38;732,61;10097,18;7439,4;212,67;88,92;1146,31;335,6;577,21;972,05;0;0;-902,76;109,68
26.08.2025;07:00;36728,83;8792,92;1412,23;5133,54;731,8;10117,46;6938,09;1293,74;91,83;1137,34;331,2;583,47;976,69;0;0;-921,73;110,25
26.08.2025;08:00;38706,06;9355,33;2016,72;5035,8;920,84;10116,08;6442,19;2458,41;89,63;1106,75;335,6;584,62;976,62;0;0;-843,85;111,32
26.08.2025;09:00;38599,74;8271,9;2012,31;5016,76;903,46;10112,59;6349,82;2937,51;95,32;1068,02;322,36;571,22;976,65;0;0;-149,51;111,33
26.08.2025;10:00;37075,06;6439,48;1836,25;5043,81;714,88;10097,24;6419,49;3143,92;86,11;1041,24;333,4;565,13;978,66;0;0;267,02;108,43
26.08.2025;11:00;37061,05;6392,03;1926,53;5099,1;690,87;9678,16;6565,05;3205,78;86,62;1015,03;335,6;561,14;981,79;0;0;418,34;105,01
26.08.2025;12:00;35569;6088,72;1693,14;4984,3;607,25;8644,2;6905,84;3169,32;85,62;985,21;331,2;567,2;990,44;0;0;412,03;104,53
26.08.2025;13:00;37318,92;6141,5;1914,99;4999,1;627,9;9956,16;7051,45;3153,57;87,13;967,58;333,4;568,83;979,96;0;0;428,07;109,28
26.08.2025;14:00;39537,91;7358,95;2893,82;4790,17;767,37;10118,24;7088,85;3056,14;92,7;951,86;337,8;569,87;973,7;0;0;434,01;104,43
26.08.2025;15:00;41434,75;8794,36;3301,45;4843,13;897,75;10105,84;7255,21;2850,13;91,1;941,48;328,98;561,6;992,16;0;0;362,03;109,53
26.08.2025;16:00;44482,62;10843,48;4170,41;4903,1;1009,5;10086,03;7792,04;2543,13;92,7;918,45;333,4;564,81;979,56;0;0;138,67;107,34
26.08.2025;17:00;47385,86;12646,37;5899,88;4770,86;1112,75;10088,2;8544,41;1649,08;93,4;931,42;324,56;560,71;991,46;0;0;-334,13;106,89
26.08.2025;18:00;48847,1;13031,97;7534,01;4876,8;1311,97;10084,82;8903,51;436,21;94,8;951,9;331,19;558,47;984,79;0;0;-359,85;106,51
26.08.2025;19:00;50306,69;13320,06;8934,94;4911,22;1447,71;10089,46;8914,06;14,15;93,4;980,04;333,4;564,26;994,46;0;0;-396,57;106,1
26.08.2025;20:00;50835,69;13424,9;9144,32;5002,31;1492,56;10098,57;8961,22;0,01;95;1016,52;335,6;553,18;974,71;0;0;-371,19;107,98
26.08.2025;21:00;49168,11;12685,86;8481,37;5093,36;1287,36;10096,1;8726,35;0,01;95,1;1053,09;331,19;564,16;975,24;0;0;-329,63;108,55
26.08.2025;22:00;47558,29;12308,57;7406,99;5231,03;1113,12;10100,36;8554,63;0,01;94,11;1073,04;333,4;570,14;986,25;0;0;-321,92;108,56
26.08.2025;23:00;45586,5;11303,58;6761,08;5357,6;1072,6;10103,72;8160,18;0,01;93,61;1090,88;331,2;567,36;985,29;0;0;-346,08;105,47
27.08.2025;00:00;43530,79;10373,5;5607,92;5416,79;1159,43;10117,51;8006,46;0,01;94,32;1106,31;333,4;562,81;967,36;0;0;-320,48;105,45
27.08.2025;01:00;41735,56;10342,95;4324,76;5305,3;1059,53;10090,46;7781,26;0,01;94,13;1119,66;328,98;569,5;956,29;0;0;-344,68;107,41
27.08.2025;02:00;40165,96;9883,34;3479,69;5194,76;1017,21;10101,52;7638,99;0,01;93,43;1122,71;331,2;560,79;963,39;0;0;-327,01;105,93
27.08.2025;03:00;38940,14;9098,37;3010,31;5182,26;929,15;10105,77;7695;0,01;92,53;1145,81;337,8;569,15;969,66;0;0;-300,18;104,5
27.08.2025;04:00;38100,08;8656,14;2622,56;5270,47;775,63;10104,26;7783,65;0,14;94,03;1145,57;328,99;562,32;976,48;0;0;-328,19;108,03
27.08.2025;05:00;37723,33;8498,45;2293,9;5342,38;749,37;10094,24;7852,34;8,04;93,43;1153,9;331,2;554,38;961,63;0;0;-319,36;109,43
27.08.2025;06:00;36478,94;7799,94;1495,2;5333,83;646,17;10105,55;8012,41;219,66;88,63;1162,87;333,4;557,58;958,39;0;0;-342,66;107,97
27.08.2025;07:00;36105,95;6597,34;1538,87;5218,91;635,39;9855,26;8053,19;1329,63;93,94;1154,92;333,4;568,07;973,15;0;0;-350,28;104,16
27.08.2025;08:00;38372,89;7097,59;1951,93;5242,24;827,93;10013,15;7812,31;2483,94;88,24;1137,41;333,4;562,44;981,47;0;0;-267,73;108,57
27.08.2025;09:00;38087,62;6054,64;1875,95;5245,16;849,95;10087,92;7705,67;2837,85;92,03;1104,69;328,98;557,06;1000,19;0;0;236,85;110,68
27.08.2025;10:00;36886,81;5366,05;1828,56;5241,71;683,23;9447,76;7694,02;3076,36;83,2;1075,04;333,4;560,6;994,04;0;0;389,48;113,36
27.08.2025;11:00;36752,15;5509,33;1760,54;5207,62;590,67;9223,46;7749,87;3144,61;85,5;1032,3;333,4;542,59;997,74;0;0;463,89;110,63
27.08.2025;12:00;35258,59;5085,9;1532,7;5175,47;552,13;8461,85;7721,86;3204,49;87,1;1001,92;335,6;554,13;994,1;0;0;442,15;109,19
27.08.2025;13:00;37197,06;5545,26;1880,21;5194,22;620,54;9404,23;7839,12;3175,89;93,51;972,09;331,19;553,85;987,54;0;0;490,2;109,21
27.08.2025;14:00;39387,33;5850,37;3326,15;5150,81;698,04;9890,99;7943,13;3107,27;92,8;952,64;333,4;552,41;963,29;0;0;414,01;112,02
27.08.2025;15:00;41247,71;6771,71;3875,53;5201,13;769,12;10100,61;8277,66;2870,14;93,32;944,59;333,4;560,35;982,15;0;0;357,23;110,77
27.08.2025;16:00;44084,69;8324,77;5013,41;5196,14;941,89;10110,38;8610,48;2527,84;94,56;961,93;333,4;550,8;1001,58;0;0;304,82;112,69
27.08.2025;17:00;47424,22;10917,93;6443,04;5302,33;1219,75;10104,62;9117,58;1626,42;93,71;973,7;326,78;552,09;1006,15;0;0;-370,41;110,53
27.08.2025;18:00;49033,66;11993,07;7751,08;5345,38;1288,69;10100,9;9452,21;412,06;94,68;999,46;331,19;566,46;999,89;0;0;-412,66;111,25
27.08.2025;19:00;50725,55;12356,85;9062,56;5383,58;1435,53;10101,24;9618,61;15,22;95,79;1020,97;333,4;569,1;1009,06;0;0;-386,26;109,9
27.08.2025;20:00;51213,98;12400,5;9333;5472,56;1560,89;10109,4;9578,48;0,01;94,35;1040,89;331,19;576,74;1010,89;0;0;-405,59;110,67
27.08.2025;21:00;49479,91;11873,11;8459,69;5522,41;1326,72;10006,09;9501,32;0,01;95,96;1057,05;333,4;569,41;1001,49;0;0;-376,43;109,68
27.08.2025;22:00;48147,48;11493,79;7734,74;5571,08;1154,19;10104,25;9184,05;0,01;95,18;1073,19;331,2;576,06;1000,11;0;0;-278,93;108,56
27.08.2025;23:00;46234,26;10606,94;6940,48;5682,97;1042,07;10112,16;8948,65;0,01;94;1084,64;337,8;575,09;991,44;0;0;-289,22;107,23
28.08.2025;00:00;43831,42;10460,18;4863,91;5655,48;1033,8;10116,9;8800,26;0,01;94,93;1102,12;337,8;578,39;1001,84;0;0;-326,43;112,23
28.08.2025;01:00;41769,32;9990,75;3618,58;5682,15;919,39;10128,44;8538,47;0,01;94,76;1114,11;324,57;582,08;996,51;0;0;-331,15;110,65
28.08.2025;02:00;40233,81;9430,87;2756,65;5707,87;877,07;10131,24;8394,83;0,01;94,81;1120,99;331,19;561,28;1003,68;0;0;-286,22;109,54
28.08.2025;03:00;38960,29;8825,28;2438,97;5732,96;784,41;10092,38;8129,13;0,01;94,5;1131,28;337,8;569,14;1002,21;0;0;-289,86;112,08
28.08.2025;04:00;38310,15;8400,73;2324,72;5718,6;747,91;10113,7;8037,33;0,14;92,94;1134,17;335,6;567,84;1000,86;0;0;-275,62;111,23
28.08.2025;05:00;37936,78;7752,13;2489,57;5732,57;849,48;10103,92;8069,43;7,65;93,02;1139,46;333,4;558,83;990,83;0;0;-291,91;108,4
28.08.2025;06:00;36752,09;7050,23;1956,83;5741,92;816,76;10109,75;7962,44;213,08;87,88;1141,11;331,19;563,05;979,7;0;0;-311,81;109,96
28.08.2025;07:00;36433,67;6248,98;1617,4;5703,72;738,4;10096,43;7815,06;1302,19;76,97;1137,4;337,8;570,48;995,57;0;0;-314,75;108,02
28.08.2025;08:00;38608,04;6621,98;2246,36;5738,28;1095,51;10086,78;7426,47;2469,6;87,41;1117,51;333,4;561,29;975,84;0;0;-259,33;106,94
28.08.2025;09:00;38058,59;6048,23;1803,25;5673,04;843,65;10074,61;7184,55;2905,68;92,56;1086,16;321,78;568,37;996,69;0;0;352,17;107,85
28.08.2025;10:00;36918,91;5636,36;1897,34;5559,43;741,3;9454,02;6928,04;3163,91;85,29;1046,34;333,4;563,98;993,63;0;0;408,9;106,97
28.08.2025;11:00;36742,88;5583,07;2022,73;5520,06;715,5;9319,12;6808,87;3243,65;85,05;1011,3;331,2;562,01;989,91;0;0;443,61;106,8
28.08.2025;12:00;35292,76;5453,91;1831,07;5382,8;665,82;8376,41;6845,04;3235,2;83,41;985,06;335,6;549,48;999,58;0;0;439,21;110,17
28.08.2025;13:00;36915,6;5580,53;2208,63;5350,01;673,33;9358,04;7078,76;3206,88;83,53;946,95;333,4;560,92;1000,79;0;0;427,32;106,51
28.08.2025;14:00;39420,04;6217,49;3126,49;5513,83;776,21;9912,39;7327,36;3129,71;91,43;931,81;333,4;563,73;994,9;0;0;400,48;100,81
28.08.2025;15:00;41222,73;6680,64;3963,82;5606,58;814,05;10091,81;7781,65;2930,88;91,77;925,65;333,4;566,95;975,34;0;0;359,09;101,1
28.08.2025;16:00;44340,07;8432,12;5234,38;5619,05;925,61;10112,76;8109,68;2579,02;93,09;927,41;331,19;567,01;955,55;0;0;349,86;103,34
28.08.2025;17:00;47434,39;11013,51;6554,15;5655,24;1144,1;10081,56;8436,71;1621,8;93,13;937,16;322,36;559,31;965,8;0;0;-54,81;104,37
28.08.2025;18:00;49181,05;12283,52;8399,61;5635,92;1386,07;10085,99;8339,66;387,78;94,23;959,93;331,19;560,98;982,63;0;0;-370,99;104,53
28.08.2025;19:00;50950,36;12733,24;9778,48;5637,26;1584,14;10113,87;8359,88;11,77;94,75;992,03;331,19;565,12;983,11;0;0;-339,06;104,58
28.08.2025;20:00;51181,85;12781,14;10001,63;5658,33;1613,68;10112,64;8289,64;0,02;94,29;1018,02;331,2;564,04;977,33;0;0;-369,26;109,15
28.08.2025;21:00;49573,06;12643,62;9030,09;5664,82;1451,45;10112,41;7880,45;0,01;95,19;1042,91;335,6;565,19;967,29;0;0;-324,01;108,04
28.08.2025;22:00;47873,37;12374,01;8186,55;5732,28;1197,51;10130,48;7441,5;0,01;95,39;1068,31;333,4;558,66;951,41;0;0;-305,57;109,43
28.08.2025;23:00;45904,1;11440,54;7640,09;5764,68;1150,21;10109,44;6962,74;0,01;94,68;1099,6;331,2;560,44;920,5;0;0;-277,27;107,24
29.08.2025;00:00;43529,72;10681,61;6397,95;5717,49;1057,57;10127,89;6702,08;0,01;93,91;1120,42;335,6;582,9;921,51;0;0;-313,04;103,82
29.08.2025;01:00;41604,37;10411,57;4926,96;5705,24;1068,19;10103,93;6522,88;0,01;94,91;1133;324,57;598,52;913,47;0;0;-300,28;101,4
29.08.2025;02:00;39880,08;10035,56;3769,61;5786,87;1016,08;10118,82;6257,28;0,01;94,2;1146,7;335,6;589,04;927,56;0;0;-299,22;101,97
29.08.2025;03:00;38915,29;10194,92;3014,23;5796,13;834,19;10112,57;6045,14;0,01;44,21;1163,11;333,4;591,76;948,6;0;0;-267,16;104,18
29.08.2025;04:00;37923,81;9754,6;2703,33;5809,87;797,16;10128,29;5769,7;0,12;94,77;1168,09;335,6;592,58;941;0;0;-276,92;105,62
29.08.2025;05:00;37808,42;9999,9;2509,69;5839,85;813,58;10108,12;5459,47;6,89;95,72;1179,04;335,6;596,68;947,11;0;0;-185,91;102,68
29.08.2025;06:00;36804,03;9845,25;1769,16;5843,48;761,55;10117,27;5294,91;193,9;90,26;1191,57;331,2;588,01;961,63;0;0;-287,97;103,81
29.08.2025;07:00;36461,03;8925,42;1700,34;5813,55;713,07;10096,38;5042,05;1196,19;86,57;1194,74;337,8;601,22;968,05;0;0;-313,97;99,62
29.08.2025;08:00;38480,67;9345,91;2370,59;5796,22;1005,28;10120,17;4494,07;2313,68;89,13;1164,34;331,19;588,25;977,2;0;0;-216,31;100,95
29.08.2025;09:00;38033,62;8818,45;2007,91;5693,99;931,78;10102,96;4240,59;2839,09;92,21;1124,2;326,77;589,42;989,73;0;0;177,81;98,71
29.08.2025;10:00;37159,33;7989,54;1898,35;5636,82;767,56;10109,89;3986,66;3104,35;93,07;1081,72;328,99;588,91;994,4;0;0;476,79;102,28
29.08.2025;11:00;37036,2;8161,29;2049,79;5393,98;781,43;10122,64;3660,1;3183,88;92,15;1055,92;335,6;590,92;995,34;0;0;516,3;96,86
29.08.2025;12:00;35066,65;6864,62;1677,48;5379,05;742,37;10009,48;3515,29;3264,61;84,39;1024,47;331,2;573,47;995,81;0;0;502,29;102,12
29.08.2025;13:00;35606,43;6811;2153,24;5317,32;777,15;10059,24;3677,11;3242,8;94,86;997,58;333,4;576,04;989,11;0;0;475,52;102,06
29.08.2025;14:00;39121,4;8378,01;3866,53;5289,48;875,24;10108,79;3911,92;3155,01;93,21;982,77;331,19;580,02;983,8;0;0;465,77;99,66
29.08.2025;15:00;40889,78;9930,41;4157,09;5101,3;975,57;10141,77;4173,98;2950,61;92,94;963,37;331,2;572,01;981,99;0;0;422,27;95,27
29.08.2025;16:00;44189,71;12026,87;5665,65;5045,86;1042,13;10129,72;4347,46;2535,07;91,65;972,82;331,19;559,78;974,57;0;0;368,66;98,28
29.08.2025;17:00;46750,81;14024,48;7641,89;5058,82;1231,75;10108,08;4369,38;1509,13;93,53;989,75;324,57;573,91;996,62;0;0;-274,55;103,45
29.08.2025;18:00;48401,11;14813,88;9652,98;5050,83;1387,73;10100,59;4296,12;371,36;94,43;1018,12;331,18;578;983,81;0;0;-378,84;100,92
29.08.2025;19:00;49941,85;15214,02;11083,81;5079,31;1554,33;10103,44;4095,4;14,06;92,33;1052,53;333,4;578,82;986,15;0;0;-354,1;108,35
29.08.2025;20:00;50085,6;15296,05;11263,58;5255,1;1539,16;10107,81;3792,05;0,02;95,61;1080,37;331,25;580,62;982,6;0;0;-346,73;108,11
29.08.2025;21:00;48231,69;15206,47;10082,51;5139,32;1391,26;10114,21;3531,62;0,01;93,82;1098,99;257;579,34;975,21;0;0;-342;103,93
29.08.2025;22:00;46406,54;14805,07;9086,49;5021,51;1288;10128,23;3151,69;0,01;95,42;1117,22;333,4;585,74;977,2;0;0;-289,35;105,91
29.08.2025;23:00;44271,46;14078,54;8541,72;4962,24;1224,83;10108,19;2470,56;0,01;94,46;1119,43;337,8;579,17;969,13;0;0;-318,23;103,61
30.08.2025;00:00;41535,74;14405,95;6331,45;4830,33;1140,68;10134,38;1768,78;0;94,35;1141,72;333,4;589,71;966,85;0;0;-305,53;103,67
30.08.2025;01:00;39543,04;14281,44;5089,26;4854,54;1148,45;10126,79;1209,47;0;94,21;1152,07;324,57;595,93;963,31;0;0;-396,9;99,9
30.08.2025;02:00;37926,82;13883,53;4121,9;4921,05;977,84;10126,64;1021,78;0;93,61;1172,78;337,8;588,15;960,35;0;0;-383,53;104,92
30.08.2025;03:00;36418,9;13521,02;3481,98;4673,94;822;10117,87;950,93;0;94,09;1184,16;333,4;582,34;952,13;0;0;-398,75;103,79
30.08.2025;04:00;35619,57;12974,57;3186,02;4799,66;815,82;10114,35;817,67;0,04;94,26;1192,3;337,8;591,17;955,42;0;0;-363,59;104,08
30.08.2025;05:00;35035,73;12609,86;3004,58;4921,25;792,28;10121,34;673,9;6,43;93,78;1191,93;331,2;608,05;949,51;0;0;-371,32;102,94
30.08.2025;06:00;33368,17;11901,34;1971,96;4948,58;746,15;10102,33;662,78;178,94;90,78;1212,29;333,39;600,83;926,89;0;0;-410,89;102,8
30.08.2025;07:00;31730,22;9523,32;1854,4;4916,95;717,64;10048,89;690,58;1153,2;87,4;1205,63;300,28;598,98;938,2;0;0;-408,22;102,97
30.08.2025;08:00;30893,95;7504;2054,64;4968,91;831,63;10058,82;687,4;1964,19;90,78;1184,42;287,03;589,49;927,91;0;0;-357,53;102,26
30.08.2025;09:00;30336,47;7151,05;1966,29;4963,79;819,48;9599,59;705,54;2251,66;93,18;1148,45;287,03;566,08;944,1;0;0;-251,77;92
30.08.2025;10:00;29701,99;5256,58;1864,41;4933,71;808,07;9986,64;801,14;2559,09;93,49;1117,09;287,03;568,97;964,25;0;0;366,23;95,29
30.08.2025;11:00;29624,79;5081,17;1898,41;4947,17;778,21;9886,25;889,81;2641,05;92,89;1085,14;287,03;568,06;963,57;0;0;412,34;93,69
30.08.2025;12:00;29082,92;4586,96;1607,66;4948,06;696,95;9680,81;1139,96;2937,43;85,56;1045,37;284,82;574,62;975,15;0;0;425,11;94,46
30.08.2025;13:00;30123,51;5043,7;1947,47;4841,15;726,14;9772,89;1481,31;2833,98;84,87;1011,73;284,82;581,79;957,63;0;0;466,86;89,17
30.08.2025;14:00;31753,55;4991,14;3906,47;4863,61;781,63;9031,26;1750,58;3017,95;85,61;983,33;284,82;603,89;968,39;0;0;393,59;91,28
30.08.2025;15:00;33694,29;5800,97;4777,76;4863,1;743,2;9101,42;2064,14;2937,57;86,38;982,78;287,03;602,5;959,51;0;0;394,38;93,55
30.08.2025;16:00;36587,02;7579,17;5378,61;4873,87;827,21;9715,54;2328,76;2510,91;93,68;989,53;284,82;592,2;958,26;0;0;359,73;94,73
30.08.2025;17:00;40095,88;11118,43;6344,42;4756,22;913,95;9878,86;2314,01;1499,88;94,17;1006,48;280,4;577,58;963,22;0;0;256,93;91,33
30.08.2025;18:00;43170,62;12675,32;8971,39;4647,77;1392,73;10080,66;2424,69;344,76;94,77;1029,09;300,28;582,79;975,89;0;0;-436,49;86,97
30.08.2025;19:00;45287,95;13012,84;10852,09;4688,73;1504,3;10123,24;2411,52;9,68;94,17;1053,61;328,99;567,86;984,18;0;0;-431,72;88,46
30.08.2025;20:00;45460,09;12891,77;11082,13;4741,22;1581,68;10131,04;2346,4;0;94,84;1083,28;331,2;572,09;985;0;0;-465,61;85,05
30.08.2025;21:00;43780,25;12702,08;9974,54;4739,04;1330,2;10118,66;2134,3;0;96,37;1108,26;333,4;586,14;993,97;0;0;-422,87;86,16
30.08.2025;22:00;42307,34;12698,08;8608,68;4756,63;1262,16;10098,77;2036,18;0;95,68;1134,5;331,19;575,45;991,9;0;0;-371,82;89,94
30.08.2025;23:00;40632,39;12796,03;7216,37;4567,78;1112,66;10111,58;2019,34;0;94,32;1144,42;331,19;573,39;985,47;0;0;-408,48;88,32
31.08.2025;00:00;38952,84;12672,49;5554,43;4552,86;1212,33;10128,07;2045,22;0,01;94,17;1160,31;293,66;589,13;960,51;0;0;-397,62;87,27
31.08.2025;01:00;37453,06;12053,92;4274,46;4846,36;1098,16;10100,76;2183,32;0,01;93,96;1190,78;247,28;587,94;942,29;0;0;-255,37;89,19
31.08.2025;02:00;35846,55;11104,64;3424,74;5199,5;923,66;10020,32;2255,35;0,01;93,86;1199,31;245,07;586,84;948,69;0;0;-247,4;91,96
31.08.2025;03:00;34740,1;10192,28;2882,92;5348,25;799,79;10010,15;2567,34;0,01;94,44;1210,03;242,86;580,18;950,37;0;0;-227,73;89,21
31.08.2025;04:00;33900,14;9097,04;2944,35;5340,39;670,17;10002,24;2871,45;0,07;93,96;1220,34;245,07;577,02;952,07;0;0;-204,81;90,78
31.08.2025;05:00;33407,24;8350,48;2784,7;5394,06;704,42;10001,58;3141,51;6,9;93,85;1224,13;245,07;591,04;968,09;0;0;-189,49;90,9
31.08.2025;06:00;31714,26;7534,33;1564,24;5415,39;728,04;10009,46;3338,25;191,22;90,42;1222,23;247,28;581,8;965,35;0;0;-262,27;88,52
31.08.2025;07:00;29615,52;5001,61;1461,64;5323,02;656,73;9481,62;3574,56;1189,04;87,7;1215,56;242,87;580,84;971,06;0;0;-258,99;88,26
31.08.2025;08:00;27046,69;3575,64;1895,66;5069,01;617,9;7255,29;3358,35;2357,71;79,91;1183,96;245,08;543,55;961,62;0;0;-185,28;88,29
31.08.2025;09:00;25542,44;3515,64;2159,55;4794,33;613,18;5403,14;3161,33;2819,01;83,39;1147,27;231,83;541,86;957,03;0;0;27,2;87,68
31.08.2025;10:00;25170,16;3383,82;1957,56;4726,46;580,14;4786,91;3311,68;3121,78;84,87;1106,94;231,83;533,76;934,5;0;0;322,04;87,87
31.08.2025;11:00;25106,57;3282,89;1957,4;4599,29;564,41;4715,74;3471,08;3271,89;84,34;1067,12;234,04;535,77;939,75;0;0;294,63;88,22
31.08.2025;12:00;25152,86;3322,19;1589,04;4631,89;507,82;4731,6;3875,7;3285,03;84,49;1029,88;231,83;555,99;939,71;0;0;275,48;92,21
31.08.2025;13:00;26571,34;3512,54;2506,21;4676,04;613,99;4763,8;4041,05;3213,58;84,91;1001,44;233,83;562,29;944,2;0;0;329,43;88,03
31.08.2025;14:00;28029,45;3386,41;3847,53;4728,51;619,43;5075,23;4078,22;3110,18;84,06;980,68;239,97;565,38;939,87;0;0;280,38;93,6
31.08.2025;15:00;30420,05;3665,45;3987,6;4795,67;701,34;7015,1;4210,09;2845,02;85,06;961,94;245,07;583,31;944,57;0;0;286,03;93,8
31.08.2025;16:00;33892,15;4651,37;4915,03;4871,19;870,72;8903,59;4156,78;2411,69;89,29;961,77;242,86;572,44;936,71;0;0;211,43;97,28
31.08.2025;17:00;38052,52;7572,01;6645,93;5050,85;1031,11;9152,48;4036,52;1444,68;92,53;970,24;238,45;606,68;964,67;0;0;152,68;93,69
31.08.2025;18:00;41808,19;12154,64;7429,37;5076,61;1162,92;9396,85;3610,63;331,99;91,98;963,43;240,65;616,49;960,02;0;0;-323,98;96,59
31.08.2025;19:00;44206,24;13357,9;9126,88;5091,61;1365,22;9434,9;3160,09;6,6;93,71;975,67;240,65;615,08;975,2;0;0;-331,79;94,52
31.08.2025;20:00;44779,38;13155,11;10022,8;5014,02;1446,34;9653,25;2809,03;0,02;94,43;1008,36;242,86;607,79;967,07;0;0;-338,08;96,38
31.08.2025;21:00;43895,45;13242,78;9287,95;4865,16;1339,58;9781,66;2657,78;0,01;95,68;1037,49;242,86;594,66;972,35;0;0;-314,3;91,79
31.08.2025;22:00;42396,34;13300,24;7780,99;4871,66;1233,36;9969,2;2506,36;0,01;93,61;1065,08;240,65;550,68;973,87;0;0;-283,32;93,95
31.08.2025;23:00;40941;13093,34;6794,13;4863,79;1118,59;10066,81;2251,09;0,01;93,05;1087,77;251,7;539,59;953,6;0;0;-267,65;95,18
1.09.2025;00:00;39511,73;13707,32;4966,51;4870,58;1044,31;10012,03;2037,8;0,01;93,46;1108,24;298,08;565,67;981,27;0;0;-266,58;93,03
1.09.2025;01:00;37654,28;13229,55;3727,9;4874,76;984,55;9981,83;1954,38;0,01;94,29;1123,06;324,57;556,85;970,33;0;0;-262,48;94,68
1.09.2025;02:00;36231,64;12728,27;3158,52;4892,2;906,02;9977,08;1720,28;0,01;93,07;1136,09;328,99;469,29;979,17;0;0;-248,58;91,23
1.09.2025;03:00;35164,89;12456,39;2558,97;4834,32;673,59;9985,33;1618,57;0,01;93,8;1154,73;335,6;602,57;984,72;0;0;-227,81;94,1
1.09.2025;04:00;34543,03;12230,94;2272,85;4828,19;600,96;10002,45;1534,63;0,1;92,34;1171,06;333,4;615,09;994,84;0;0;-229,75;95,93
1.09.2025;05:00;34280,06;12233,83;2169,39;4710,92;584,75;10003,89;1477,84;7,31;92,46;1192,12;331,2;618,71;993,08;0;0;-229,39;93,95
1.09.2025;06:00;33451,55;12148,36;1415,59;4693,62;584,1;9994,98;1389,35;177,77;90,65;1180,34;333,4;615,86;981,93;0;0;-249,06;94,66
1.09.2025;07:00;34150,18;11854,83;1364,04;4680,98;664,82;10005,96;1364,68;1178;89,18;1185,94;333,4;615,78;969,96;0;0;-250,39;93
1.09.2025;08:00;37451,1;12605,67;2693,21;4679,14;873,36;9966,77;1202,57;2396,85;91,67;1165,04;326,78;606,38;949,31;0;0;-199,36;93,71
1.09.2025;09:00;37921,8;11940,47;3525,07;4692,55;834,3;9974,54;1087,96;2914,19;94,4;1116,4;322,36;603,22;933,14;0;0;-206,98;90,18
1.09.2025;10:00;37360,26;12092,15;2443,07;4651,39;732,72;9988,08;1068,89;3138,68;93,77;1078,36;331,2;616,55;956,26;0;0;78,61;90,53
1.09.2025;11:00;37485,1;12023,86;2489,39;4581,5;660,88;10014,89;1119,86;3223,01;93,15;1046,75;331,2;619,98;945,06;0;0;240,57;95
1.09.2025;12:00;36101,73;11407,2;1573,01;4649,27;644,17;10023,64;1277,62;3266,9;93,07;1008,94;333,4;563,96;946,89;0;0;215,32;98,34
1.09.2025;13:00;37756,34;12295,73;2114,07;4633,95;682,71;10005,99;1531,4;3196,05;93,25;986,45;324,57;554,4;940,38;0;0;297,61;99,78
1.09.2025;14:00;40384,56;13049,82;3700,24;4634,65;750,78;10014,9;1845,81;3087,04;93,3;960,48;331,19;604,19;964,98;0;0;251,66;95,52
1.09.2025;15:00;40804,59;14195,07;4137,78;4620,49;912,22;8635,53;2222,6;2817,83;94,34;951,39;328,99;605,94;973,96;0;0;213,03;95,42
1.09.2025;16:00;43940,18;15083,54;6405;4582,36;975,15;8651,74;2584,15;2455,38;93,32;952,41;326,78;615,69;969,69;0;0;151,24;93,73
1.09.2025;17:00;48181,22;15637,9;9791,64;4565,65;1161,84;9983,79;2845,99;1461,59;93,59;963,67;317,94;582,3;954,4;0;0;-273,81;94,73
1.09.2025;18:00;49563,31;15924,32;11672,58;4555,31;1373,45;9982,39;3050,54;336,61;91,06;989,18;326,77;575,56;964,87;0;0;-373,75;94,42
1.09.2025;19:00;50806,78;16220,44;12907,67;4307,98;1518,36;9967,82;3152,75;7,9;93,73;1019,17;326,78;584,03;958,26;0;0;-349,4;91,29
1.09.2025;20:00;50863,85;16026,88;13258,1;4241,86;1525,44;9969,03;3179,1;0,01;91,96;1039,29;331,2;496,43;966,08;0;0;-354,21;92,68
1.09.2025;21:00;49251,81;15842,64;12110,73;4244,27;1291,13;9969,98;3118,67;0,01;92,73;1057,16;335,6;439,7;972,35;0;0;-317,19;94,03
1.09.2025;22:00;47307,86;15801,36;10260,02;4170,23;1179,96;9955,95;3185,81;0,01;93,35;1080,8;335,6;450,65;979,52;0;0;-278,76;93,36
1.09.2025;23:00;45097,53;15613,01;8049,28;4231,98;1006,86;9958,93;3361,01;0,01;93,44;1094,28;331,2;556,09;968,15;0;0;-263,66;96,95
